ID,SeriousDlqin2yrs
129460,0.3180065
134018,0.09055991
86523,0.13607927
138466,0.06794039
143905,0.03338826
118893,0.9478907
124587,0.041779216
136337,0.58982766
16700,0.21432069
57857,0.33232906
15734,0.11320551
108865,0.109087706
70643,0.13886766
63937,0.17745382
45630,0.82419133
134,0.1542141
19051,0.08864355
70017,0.08780342
141425,0.10717769
54428,0.18262678
22909,0.58153576
50665,0.8351815
14452,0.11123554
25646,0.47388542
7670,0.86580056
58203,0.10069384
34957,0.17853522
12339,0.09861421
57387,0.1976277
135184,0.07764767
67705,0.75537306
88706,0.06628522
50761,0.060496345
128898,0.8512469
141806,0.9471426
26485,0.12441697
35726,0.615595
7684,0.2128302
110249,0.05874335
93798,0.93747157
15352,0.20888996
124345,0.5597098
114161,0.07375516
134264,0.7345202
25722,0.11410709
80217,0.0402035
39434,0.25583836
148053,0.26338452
36794,0.04375848
36180,0.14219485
111180,0.28332072
109175,0.37387568
89108,0.13284022
102313,0.11374754
1237,0.8171442
115697,0.6380618
117088,0.6605417
32708,0.10112105
56470,0.55704653
32678,0.20814243
7520,0.08499778
19850,0.86617965
59381,0.13444024
72715,0.44569314
120597,0.67111963
64821,0.54260105
85756,0.74866146
87380,0.6130309
4468,0.5414143
117685,0.10086826
14303,0.42928454
137190,0.12377941
16530,0.21076883
87639,0.1670958
52576,0.15897395
51230,0.58851993
8197,0.7031854
8926,0.08264988
12082,0.20975217
36469,0.24379274
71537,0.6513574
143473,0.23384632
40512,0.3797083
142333,0.07042494
122859,0.15216818
123494,0.94609624
11783,0.18253656
93815,0.35306358
34965,0.17642593
28589,0.62714267
4382,0.25825816
103120,0.17408837
67853,0.06237663
1341,0.095649116
61792,0.06520672
133333,0.1281273
33457,0.16909827
84785,0.27826458
88130,0.075070634
44198,0.1271071
119157,0.08182613
24998,0.09427098
122763,0.5072411
121251,0.8246612
78085,0.6114561
5826,0.65595186
10776,0.47506467
149700,0.31548515
41971,0.06599816
45082,0.59455335
99466,0.67931235
105695,0.25961298
46531,0.07009145
92571,0.10110375
149280,0.88499266
9307,0.09845156
3832,0.8579135
136229,0.4471647
9749,0.2269792
22416,0.20965807
8923,0.3859902
122317,0.113241024
75316,0.14174184
90063,0.14425935
125217,0.112197444
7152,0.31485865
98829,0.06609357
7731,0.22029364
73791,0.49282408
77593,0.23728287
44064,0.09146623
97789,0.066247806
96776,0.06006928
65178,0.7849739
91449,0.25438657
99847,0.6206799
67431,0.45216635
37950,0.23662068
25116,0.14616637
125291,0.56549585
81884,0.09374154
54800,0.67718756
56112,0.4522975
101235,0.06665391
46574,0.19982013
40808,0.4201955
142283,0.22292252
51874,0.0684113
51128,0.94914234
114138,0.20695697
13547,0.18226929
6473,0.07094044
26439,0.83412963
117091,0.83946925
18597,0.060817044
94348,0.16431004
30020,0.16170351
63311,0.6031443
29567,0.685618
137357,0.24722636
116355,0.137271
16821,0.09072849
145830,0.6738034
94237,0.09275495
138891,0.054515466
125287,0.15486269
43538,0.70200825
18098,0.8569977
11471,0.1351834
50859,0.79519796
105579,0.18787761
1026,0.7940081
48669,0.08261686
4369,0.28799927
8675,0.0886522
30495,0.0798149
46390,0.29170898
85342,0.09066558
145455,0.69897634
84151,0.1235853
99728,0.74610984
51431,0.4181046
40461,0.29177055
74752,0.46054927
146347,0.2105938
89627,0.14030692
119495,0.59051913
5535,0.49729985
6886,0.44625267
82573,0.18767239
5856,0.14186522
112565,0.09271437
141875,0.21219435
116917,0.17190893
82648,0.36273354
61263,0.20750904
149132,0.2985896
136782,0.0727224
73326,0.6793797
36736,0.33801296
135464,0.13560288
134733,0.1547416
109407,0.24436407
80387,0.29023135
69821,0.14553113
36225,0.06655344
106353,0.6233165
23899,0.38731688
98340,0.59482604
1459,0.13281183
124570,0.26613992
125522,0.1249605
65121,0.1445855
111475,0.07147858
134388,0.63988596
136272,0.4898074
63305,0.13812737
51318,0.15216443
124790,0.128472
137374,0.109727345
61364,0.6509311
130363,0.92978567
115501,0.9594283
126422,0.6379688
74959,0.1151899
20728,0.05224174
98840,0.09212243
86036,0.059911605
126021,0.103766344
106773,0.21338668
114366,0.29914463
38396,0.44477955
64618,0.5253839
44641,0.78051585
15441,0.2289038
70716,0.09841229
149477,0.084871486
4458,0.6654745
85932,0.116061784
96810,0.66702616
35535,0.97685826
25662,0.379107
81621,0.46939054
50408,0.09224647
91625,0.4924752
144293,0.12444293
102549,0.21082011
126255,0.6493312
121831,0.35353315
102237,0.43181613
87682,0.5754069
1128,0.7125206
113669,0.15424728
143810,0.22044931
2537,0.11578112
32514,0.11422409
27431,0.23833872
12324,0.049815807
4255,0.093088135
120638,0.8152028
140287,0.08022284
15575,0.10583506
102682,0.4600736
66848,0.13719022
42860,0.07108965
64695,0.562179
78618,0.08632914
125868,0.12756193
95046,0.43585607
148199,0.0796357
48429,0.622841
103265,0.39117992
88744,0.3103418
95916,0.10031647
85231,0.10350825
59848,0.1299847
102903,0.046874486
6418,0.37353623
56585,0.1805483
16433,0.082467906
143329,0.55106145
35325,0.56345004
129113,0.4862465
20640,0.21416017
81767,0.81750566
125251,0.10817897
111116,0.8514991
78367,0.091101244
91129,0.5856282
100868,0.19118074
142892,0.09072292
54362,0.29078454
90671,0.15002286
68108,0.05973383
24347,0.20577163
64400,0.08665394
11051,0.063216954
23652,0.08382937
35741,0.088155486
106355,0.9707361
43631,0.082047366
60105,0.39248145
4167,0.29092187
139748,0.19914973
108628,0.19721775
130842,0.13994297
73121,0.6726344
144847,0.68568414
98908,0.23148058
107258,0.13492754
7310,0.18613958
66363,0.561255
105182,0.150928
109290,0.33681414
30480,0.11407882
117321,0.15549995
101188,0.9489675
51893,0.05097143
72716,0.16714047
133102,0.12648793
25151,0.14403205
87813,0.9162104
75161,0.053866215
69389,0.09015395
99673,0.46069118
124140,0.10012733
78958,0.23231411
93773,0.12562221
48062,0.36612916
127963,0.12501548
92341,0.21961926
51786,0.24919821
123328,0.075945705
86416,0.07612187
48391,0.1997649
7238,0.90337
77088,0.10083685
60633,0.4640894
127141,0.10351838
83640,0.13827278
94760,0.36219937
99612,0.29598188
75729,0.09130562
74668,0.09860872
91592,0.46872416
8120,0.12885235
52033,0.31707075
91872,0.16630241
3618,0.050543282
18561,0.07125473
113602,0.091335475
140838,0.61079854
148161,0.3388133
145995,0.14887398
38762,0.18561159
11025,0.10095491
60824,0.10245368
30964,0.19584781
34568,0.5005424
44328,0.16080393
77621,0.097813256
17489,0.6875715
1449,0.45294183
111125,0.10426729
56855,0.21072525
21162,0.4796744
21765,0.5190554
70454,0.15629184
141564,0.8068508
122653,0.10369626
81969,0.12840602
6623,0.12955973
13636,0.291099
35440,0.9254859
427,0.46184805
91482,0.14100833
16494,0.9409705
9668,0.17240626
25314,0.06336378
6527,0.8258439
113696,0.36545902
120716,0.26592332
123407,0.3573852
6045,0.3045494
102619,0.42130622
89593,0.34172377
146461,0.08946051
144504,0.17524453
33304,0.8768571
38522,0.0945688
35919,0.14181454
12916,0.19916484
64933,0.578486
65146,0.35874078
20257,0.840816
13337,0.43757433
49821,0.84923875
35035,0.061578784
52244,0.16953227
61391,0.082769684
59255,0.20814846
82951,0.11458397
77312,0.4590542
121599,0.24765226
73110,0.13883159
63200,0.17555678
148328,0.08837517
134738,0.6188075
12550,0.26377892
36966,0.40692478
117478,0.160132
7824,0.6516079
18671,0.09535236
12238,0.09249186
113183,0.21229123
138486,0.6294544
135525,0.077106126
89449,0.39141268
74982,0.118633114
82665,0.120938756
148908,0.1761105
110931,0.092771396
135483,0.26452902
74838,0.3155755
113813,0.5381179
74545,0.91428554
98377,0.17471944
4788,0.26886535
17861,0.07640247
48878,0.78443646
33410,0.7173017
31696,0.061359633
114449,0.08634439
25788,0.14805764
141779,0.095705435
94354,0.065527566
20374,0.34003744
35587,0.058533676
53581,0.35734984
96356,0.49511373
55729,0.24480799
127598,0.14829889
23760,0.4981056
75498,0.06372421
18516,0.14706856
47209,0.13185889
20941,0.114883006
48549,0.2766575
59387,0.67920476
119215,0.20936267
72253,0.19815846
49924,0.58040255
123466,0.17332692
95055,0.8388021
111457,0.47024024
73306,0.8689007
99154,0.6541577
8249,0.8257899
47007,0.060910642
22760,0.417615
141212,0.5064212
121061,0.363635
1847,0.25315723
17047,0.07873675
79153,0.2381949
97307,0.11293218
112605,0.38726544
6181,0.21638232
133193,0.16864885
48299,0.090853654
11793,0.10311673
23345,0.040634796
109678,0.05557635
64100,0.10118117
95271,0.1527456
145753,0.55301875
139739,0.14641216
35141,0.21518692
73076,0.106943466
27110,0.075878456
103760,0.6182883
13277,0.1233042
135351,0.4001341
77959,0.18702066
58411,0.46339756
2346,0.09725785
145711,0.7558838
41475,0.45005947
102443,0.2981632
43839,0.9356345
126788,0.95324343
83174,0.8767382
7137,0.47311506
43256,0.20347291
112876,0.26993418
31034,0.44227535
73489,0.16757888
102108,0.36898887
136720,0.08124657
10254,0.15253796
122083,0.09530573
94683,0.4982057
84309,0.15478869
117684,0.8441522
112563,0.63448554
135195,0.5330682
43633,0.65068555
51680,0.33380273
112812,0.31923223
86540,0.08201882
27185,0.63622844
53039,0.076762535
99611,0.32494736
41063,0.52243954
85471,0.31803745
147094,0.32677937
90426,0.32218084
54757,0.0670684
38420,0.29741853
12487,0.13913931
105351,0.72082573
104084,0.11797816
17085,0.0757028
126312,0.321557
102967,0.3156822
128155,0.06944658
55487,0.25872973
88489,0.13504608
6709,0.055332255
89488,0.26775408
131366,0.6419202
12182,0.569767
42157,0.11045403
42217,0.20699781
77996,0.13280995
131091,0.3479283
39249,0.6012801
139367,0.12010971
35382,0.30589363
102884,0.5031971
98592,0.37188998
123498,0.4605713
42488,0.242441
8456,0.28145593
12376,0.42659506
20160,0.24009179
143667,0.07772374
34949,0.14470127
69311,0.17179622
925,0.1606014
46791,0.12349601
105258,0.12565686
91884,0.1033933
143763,0.14874762
61288,0.11371924
593,0.14604622
96955,0.14664492
586,0.82540137
105685,0.18782067
133222,0.7937505
43007,0.3609313
139305,0.2146148
18039,0.26653305
123467,0.5616919
11926,0.16458435
80773,0.17395724
128641,0.93533415
55471,0.16910537
59906,0.35596916
11618,0.88925546
76625,0.53507096
54513,0.12488846
25,0.1258124
50313,0.9328881
34392,0.08117359
12352,0.3703881
130790,0.91791993
71456,0.20569532
96489,0.19716005
143716,0.9490071
65981,0.16857375
44623,0.15174948
7090,0.1235135
54529,0.8235272
6828,0.36016408
13041,0.06960884
62859,0.24685681
50776,0.20264132
64691,0.101461194
2199,0.08848118
137673,0.5264542
89207,0.066694334
105396,0.17181072
142822,0.6094214
36342,0.28765133
141229,0.17009057
20865,0.14776725
63103,0.25092033
127171,0.16688652
147415,0.08226806
2609,0.13077967
87431,0.08115343
30198,0.40086874
120106,0.20723878
32624,0.5652293
117518,0.16557889
72635,0.33331484
90577,0.2189041
147026,0.284418
80409,0.12076178
29527,0.48101118
39508,0.8751165
93356,0.14364311
135632,0.31795663
74943,0.1349905
15901,0.09981388
105736,0.35440138
109997,0.35889134
135992,0.081507064
45338,0.37418312
40378,0.23066533
665,0.18762994
88437,0.8412852
76725,0.18976736
123116,0.8568957
85368,0.30234465
84690,0.08696352
46676,0.46173492
54508,0.077345245
93955,0.11722343
77643,0.8642975
51437,0.2068509
127979,0.5665883
25657,0.19344339
140235,0.17929505
95338,0.65651083
1875,0.06682547
130512,0.07591096
2571,0.25448152
85190,0.4935746
29457,0.6985945
5568,0.09992084
86254,0.89537144
54648,0.8827155
129206,0.21990715
104110,0.2825246
39494,0.5681158
57902,0.049649026
68427,0.0969484
38400,0.2759778
3883,0.089409284
142771,0.36637023
55990,0.19722196
78096,0.9356538
12912,0.15185586
92595,0.65326935
53932,0.10200822
45230,0.57906944
118114,0.112037644
47423,0.61101776
89140,0.7679856
92399,0.18515001
119365,0.3062648
76687,0.17051046
22190,0.5297517
86718,0.21692088
9496,0.9034433
88274,0.28936976
24257,0.09447199
97855,0.24462248
8281,0.092962086
87054,0.21994206
58992,0.19683933
143668,0.06567708
31299,0.38603342
128261,0.20938419
72600,0.44725695
8261,0.19620669
14154,0.387428
88436,0.09420907
27341,0.83933735
5777,0.12933186
43744,0.22480711
112185,0.09011262
112617,0.21780206
122746,0.13797152
24340,0.56395125
15454,0.09961619
40373,0.14045633
143481,0.55039287
145510,0.161131
52794,0.8889642
51756,0.275287
43659,0.12362994
73080,0.4827973
121173,0.06661928
135585,0.027080474
2529,0.0836627
85078,0.7139277
48482,0.056877952
10257,0.6927404
81914,0.1711692
118064,0.11374174
6652,0.37737104
64409,0.089335844
4841,0.52119505
24127,0.22621144
26718,0.47943252
46837,0.3105835
114324,0.43877393
10474,0.70845765
146272,0.4548807
79908,0.52759755
37045,0.09099344
7514,0.08480738
82634,0.17537625
92013,0.06566633
68976,0.14627758
94610,0.10224258
113007,0.90677637
147673,0.42248943
125461,0.67732304
140026,0.9831555
37445,0.14241825
114852,0.09607252
54658,0.14552204
13730,0.17526601
105148,0.4149765
22634,0.86470723
72969,0.16919419
62925,0.40075758
7169,0.3137773
129731,0.22924371
99956,0.89315176
92641,0.06713731
46818,0.26517296
141585,0.36971936
112627,0.45259237
140649,0.58239377
147758,0.17384091
149293,0.4156761
9266,0.6607857
79482,0.5327316
136635,0.08977457
33484,0.37591824
38550,0.36311567
116623,0.10902595
59604,0.4490351
147900,0.4404481
7364,0.55886364
10664,0.09878029
81907,0.14482719
101494,0.1980309
34656,0.48192298
121914,0.88400173
35620,0.2146171
2077,0.11278314
6999,0.12602696
99650,0.22620003
35249,0.16534254
143554,0.9759754
56590,0.38461658
107370,0.1728373
107955,0.1751301
134084,0.52089816
137705,0.33020127
11151,0.3558353
126493,0.65491134
61634,0.9539402
116738,0.13637659
55529,0.09244474
32994,0.19736104
49612,0.2672186
108957,0.107002385
149267,0.091167286
39960,0.23076712
92885,0.098218314
65163,0.53182757
100801,0.059392367
75565,0.06472834
145941,0.6045743
102703,0.49306318
45289,0.053504143
148503,0.36155176
140967,0.13715819
103697,0.39266843
137994,0.38618717
93893,0.436118
97046,0.7068428
101179,0.21370892
18289,0.1476747
130977,0.054980718
50578,0.71729124
143285,0.12713344
37524,0.45318335
127374,0.5447851
138662,0.04117043
121600,0.5842408
58155,0.098073944
77293,0.24692793
23378,0.77879494
39306,0.11020126
132940,0.11414645
22447,0.48349994
7919,0.43275377
53020,0.6245839
109432,0.64368695
102224,0.2889793
123168,0.2562742
136126,0.08279419
52377,0.41971925
141914,0.57203645
45984,0.40121078
123148,0.27570215
6563,0.23585348
75587,0.13117234
136909,0.64652747
17192,0.8968018
61257,0.39432982
76953,0.37335262
98451,0.21683092
4986,0.1078331
33014,0.12740238
96926,0.079937324
119729,0.109556764
43980,0.39537403
54936,0.22928081
25949,0.22525898
72570,0.1402328
18256,0.12096261
22395,0.2678194
67897,0.573836
104127,0.10111562
38317,0.43590054
26577,0.100091085
20614,0.04244477
139028,0.13778788
873,0.073624395
82352,0.08382236
144891,0.42305642
98746,0.95365274
113045,0.06527807
115343,0.07518209
137543,0.6429224
1384,0.10143892
76731,0.20444103
9803,0.41805607
55819,0.96132
32604,0.12596934
113131,0.9531505
70927,0.10883285
71871,0.12498438
131170,0.25937334
76114,0.6353052
124618,0.06912579
21894,0.5529317
20736,0.16995749
45674,0.10027192
37725,0.20879045
29124,0.29433632
67238,0.18973799
66789,0.7169008
141080,0.091553085
77062,0.15108453
69137,0.07033253
25884,0.16809526
16967,0.14115117
122210,0.21772301
49937,0.33691484
139448,0.33029425
64832,0.13568257
132168,0.19126093
106882,0.33791295
102342,0.14198299
70472,0.20102027
112628,0.102345616
4099,0.23435752
43654,0.8803246
80619,0.066841334
131822,0.13309474
29775,0.08782441
53522,0.27966177
4456,0.116094865
65532,0.9472167
35652,0.5876522
61878,0.11479804
39905,0.07926357
62644,0.07540035
34939,0.19874015
132336,0.09007216
101148,0.34778714
60936,0.315624
48219,0.061506312
142563,0.075854585
99957,0.11546502
138821,0.08026238
81033,0.5029617
50548,0.14330864
136338,0.15751971
68945,0.574023
2921,0.10091585
141083,0.79053897
105928,0.07160375
123434,0.5727361
135418,0.080015585
86652,0.5261006
10610,0.2987951
135356,0.06468562
70305,0.8387374
26686,0.13197926
80893,0.23155113
19391,0.1157935
148029,0.04362179
56916,0.2874927
94082,0.7635656
4381,0.28450078
140174,0.8969189
60991,0.17304696
31875,0.4625928
67911,0.120932505
98299,0.31782535
54971,0.93079185
104206,0.055060934
99147,0.19576514
117544,0.6091628
44187,0.328404
141653,0.093406014
86096,0.25040996
31425,0.6495166
100551,0.3137317
58916,0.1538781
26238,0.59459907
145759,0.19335699
54006,0.5950189
104259,0.078251176
131909,0.17294194
113534,0.3072926
9943,0.702789
21181,0.0937861
145016,0.2010385
127025,0.26804826
99705,0.2722028
86047,0.94410807
88629,0.06505538
92265,0.41565287
113545,0.04686852
20546,0.19452383
95405,0.21735656
128014,0.4381363
49303,0.1839916
144046,0.19648708
49113,0.07029947
8208,0.19288044
56025,0.8806639
46908,0.19031952
69072,0.2877699
146175,0.15926005
112217,0.74279743
8345,0.32960325
109095,0.24003717
123413,0.09246
40892,0.25994286
31882,0.21086094
105867,0.61486286
43537,0.35471624
113870,0.11837079
14437,0.104807585
130734,0.059690956
10688,0.2131336
121883,0.17893453
63319,0.24488547
9198,0.12676412
16492,0.2081214
111238,0.13847204
115451,0.7574032
129979,0.77987343
143736,0.42323434
6825,0.08406699
43900,0.43627
99907,0.15239039
6470,0.10094385
82638,0.07890996
48594,0.22303939
71365,0.876215
143156,0.5884175
27129,0.15112303
5844,0.8542004
114058,0.21900344
66770,0.48213482
131615,0.94008553
10831,0.12832414
33210,0.11338203
56647,0.65057474
56595,0.8020497
49282,0.052591186
13210,0.5656967
34510,0.4683399
73472,0.064190894
144055,0.1307396
382,0.5407939
99295,0.18854003
102303,0.41538292
127922,0.31045443
80224,0.641707
91709,0.2922814
127239,0.07591334
26509,0.4316355
26265,0.19585915
32949,0.9742139
68808,0.8424976
83057,0.5216734
147660,0.15484925
129504,0.27849075
31202,0.8347555
62107,0.18692023
81152,0.2153581
12374,0.0653052
4876,0.4982515
103514,0.42190072
127423,0.38692963
44579,0.76662785
18966,0.16638808
113082,0.30993336
30842,0.2891206
78181,0.13122357
130303,0.050519776
66575,0.09517347
24696,0.09521197
109062,0.51751477
42295,0.08186263
92569,0.70378494
129879,0.108780995
36463,0.2877443
35050,0.05284776
1890,0.18717557
142991,0.19316094
77078,0.56287724
80319,0.18142514
34425,0.05963603
3313,0.067439504
20954,0.6340037
100740,0.39742392
54640,0.061405454
7552,0.60328406
88077,0.23729232
65628,0.079884455
109058,0.21459286
116904,0.21524338
60460,0.123761296
126832,0.13872516
121179,0.16251494
126124,0.5628626
17543,0.21752265
128335,0.31819394
102749,0.06390154
146368,0.8075231
62823,0.11022137
63351,0.8062479
53935,0.11401819
66566,0.37110147
109354,0.544566
107017,0.07973344
98259,0.117387205
87478,0.54562634
60065,0.14343692
140742,0.17506608
103799,0.20563625
146260,0.3980083
103513,0.085637376
100217,0.12308814
137693,0.06564545
125109,0.04083242
116659,0.64054596
92264,0.058776926
49682,0.6426376
45478,0.163985
146534,0.19719324
46841,0.087915584
1902,0.55296475
19256,0.8342379
112803,0.121075995
64962,0.5831336
53699,0.4353323
48422,0.59273607
47888,0.057356335
78121,0.42323297
32747,0.20835671
113412,0.9699061
70704,0.14746471
23811,0.22911596
88127,0.52457416
12291,0.26248953
105907,0.90042996
28737,0.30759
70802,0.3169227
121452,0.9394106
137568,0.08052192
100559,0.5511385
68286,0.13939847
11201,0.74609095
104280,0.5994027
2897,0.47397566
144925,0.70529604
66859,0.5845728
90795,0.13595624
32475,0.5231379
46401,0.059857458
63784,0.59722424
128858,0.22713622
140111,0.22695701
93304,0.23701724
31465,0.11549897
73905,0.95138717
4454,0.22656448
92053,0.52400535
89394,0.16737829
115515,0.74595773
62531,0.17780274
137009,0.17434597
145983,0.5543782
120780,0.10582403
9995,0.3502392
60914,0.78015596
114141,0.11928755
12521,0.06908564
57125,0.4048492
62593,0.7922934
95005,0.39988482
136180,0.42319855
144437,0.2806735
149597,0.21098615
109383,0.15861407
104081,0.28358498
112938,0.5806829
123473,0.049083572
50091,0.13492754
6667,0.084704
130011,0.75088984
61963,0.44987246
117451,0.3242988
78661,0.91151124
84345,0.18242161
72437,0.07951351
37611,0.13091603
27006,0.3449568
908,0.23688897
102897,0.14452082
41643,0.5108545
91003,0.4208258
38276,0.3384406
78596,0.1738294
74871,0.37061152
86318,0.100970566
144828,0.10210388
64360,0.24322104
29072,0.20025072
80777,0.16335607
74472,0.45428318
65228,0.66815615
97386,0.14269511
65529,0.59648824
5157,0.9752941
47603,0.09960456
2448,0.07960704
143799,0.1363889
60750,0.1926332
29710,0.12924306
96785,0.35631946
16464,0.08434167
136223,0.18635553
129575,0.41874558
132489,0.49407053
68189,0.20529047
146693,0.13040344
9142,0.1464297
120414,0.08432206
37557,0.10006316
85301,0.18041323
60925,0.15996945
72276,0.4439819
52317,0.5733373
49992,0.93823206
72116,0.8874205
66665,0.5972011
98718,0.17441778
144015,0.0828245
75650,0.76610684
95321,0.09768861
61142,0.24835797
38488,0.064597726
54155,0.21376394
107359,0.31306532
48087,0.26831168
36891,0.30178967
99629,0.47350472
96525,0.078503944
121624,0.8881089
73384,0.3702274
6784,0.111284845
6018,0.11143849
45211,0.2033723
64793,0.28991532
140216,0.105579905
19064,0.12331211
92313,0.12982105
101547,0.25399286
80304,0.3326889
96646,0.099540584
131573,0.1392732
146242,0.080239125
18432,0.4888074
57955,0.8277788
40963,0.6411974
68955,0.3756778
18680,0.9749962
66482,0.06863744
6002,0.62158674
21041,0.29988965
85067,0.099494174
13188,0.0874416
43459,0.058116835
142775,0.12200594
124257,0.7175186
17118,0.12833466
7886,0.24472673
143775,0.6237521
149583,0.96329105
126660,0.2329775
122612,0.20596953
18448,0.30127567
90582,0.8846086
119290,0.5353087
133428,0.7596354
18535,0.22436641
78669,0.47441983
117680,0.08127022
148078,0.28058472
123550,0.10373298
7382,0.11155306
98817,0.17855918
126157,0.09467053
114688,0.8931807
89106,0.1310975
53508,0.38718402
34532,0.05336599
84180,0.0714787
109104,0.38494834
40698,0.55344456
69069,0.07586117
45100,0.12474766
8368,0.32113132
43902,0.6739974
141385,0.78673786
95083,0.2375151
86926,0.082125224
57638,0.34260327
28601,0.08156179
137704,0.3069887
22944,0.1067597
16261,0.08965467
118917,0.24128863
38061,0.20889957
18126,0.07988631
42624,0.6987907
146931,0.38841477
148404,0.23059186
119147,0.09574563
56327,0.47414556
132179,0.32244435
85911,0.108589135
62789,0.21053378
27144,0.07327896
62082,0.07115383
3071,0.29692644
86794,0.59404457
49725,0.09765653
36230,0.5986155
27217,0.13962995
70929,0.9284159
54319,0.20217624
35439,0.22089359
87282,0.14384739
83096,0.077643916
80615,0.75721616
36448,0.2579761
32199,0.0931521
84794,0.26864764
782,0.44628242
37474,0.3200574
40622,0.13234717
106912,0.3424624
143396,0.27100763
141638,0.23408572
76994,0.17622524
22656,0.40533364
134658,0.36400092
78404,0.7472322
96478,0.121309765
57510,0.66562295
23137,0.19728054
146550,0.7070781
129254,0.10019812
53318,0.4534627
14211,0.14665861
23226,0.105358295
98512,0.31411123
111847,0.1208246
149402,0.0549301
56584,0.5680294
136550,0.64738244
47283,0.90542865
115959,0.22149602
145260,0.28095576
70692,0.6085956
55241,0.38588715
81379,0.076377116
84758,0.19490913
113525,0.05906894
142842,0.37256595
96063,0.2879619
84926,0.15033458
31259,0.7165925
107488,0.09214102
26559,0.51993096
31194,0.15300898
96445,0.39553815
21817,0.90504104
149111,0.32067242
100144,0.52677715
110892,0.08305715
76658,0.043319296
10341,0.26709062
127652,0.27682942
109411,0.7531878
60913,0.43766776
115625,0.098176
77680,0.06357426
2676,0.23610522
86498,0.969737
61002,0.133371
86680,0.80827713
138680,0.5121088
56945,0.21585484
5148,0.0794571
50492,0.10168457
76828,0.2721235
123454,0.1208392
82202,0.22591776
59898,0.08641843
9529,0.22320144
54904,0.22678965
143552,0.3049317
128478,0.9478797
39257,0.063956015
5537,0.8402964
28997,0.5156415
146413,0.38103986
7785,0.15536855
9366,0.2910265
72057,0.07508338
101770,0.21100688
6803,0.6202109
106549,0.5265084
104609,0.0992205
75744,0.08096935
50042,0.071752846
28264,0.72286844
32982,0.0520478
117479,0.93854374
30784,0.0614687
70882,0.10207898
91130,0.38361102
91829,0.34694028
142262,0.2646672
144801,0.13134162
89034,0.07244917
137299,0.41838878
104539,0.23756082
86287,0.082704246
6759,0.1002869
7835,0.31938672
118896,0.12869352
111602,0.6856466
60817,0.08282731
116499,0.18334109
30133,0.29180607
63730,0.67311233
37354,0.6234391
144166,0.63682973
69407,0.32581228
128331,0.48933634
60087,0.93007976
86707,0.39942312
130682,0.2758701
3659,0.0543531
56370,0.40152487
21787,0.46423128
22585,0.8690669
99442,0.59273005
42561,0.24675584
6328,0.08716204
64542,0.6761023
7452,0.12740564
27936,0.3658244
89555,0.11927879
73365,0.4250197
24466,0.41537872
55459,0.2790509
112991,0.21300647
44703,0.08460776
32750,0.3923166
123094,0.08025912
63444,0.16556887
40321,0.13548265
48563,0.40007424
64012,0.1671184
77746,0.1864816
127061,0.7308934
94554,0.21076171
113843,0.41806957
58198,0.15625575
130371,0.23487467
25062,0.33643192
124737,0.047856707
39015,0.16586399
48503,0.17059809
37237,0.39739132
68150,0.45187122
61740,0.2613498
41409,0.08226854
73229,0.101283215
42457,0.77784336
50375,0.22472465
16324,0.2857235
129094,0.10283739
115274,0.14598146
67917,0.059382703
134360,0.1224218
120636,0.08928966
138687,0.8710351
138532,0.13448194
47448,0.5184025
80883,0.13080187
43669,0.12947601
79753,0.0628796
131664,0.071008466
30925,0.21043777
102837,0.2632754
112779,0.38271257
119319,0.053334083
49486,0.10009559
129948,0.1587828
120698,0.081414565
139163,0.91343826
125840,0.3709875
32300,0.1965022
32437,0.7731064
88062,0.39705712
53126,0.16590439
22073,0.3297539
104840,0.19500785
115233,0.100897856
23423,0.5166991
130591,0.1749489
62368,0.18493482
37017,0.823013
80559,0.51381904
15692,0.7949185
87034,0.1392933
41846,0.7245682
126499,0.1401977
25908,0.742494
27522,0.073797815
141338,0.34544697
133486,0.9653382
139475,0.27705508
36635,0.46582
147826,0.1158785
72592,0.04422189
62328,0.20219356
103269,0.21981981
59334,0.31608924
31287,0.13142483
102676,0.068688296
95677,0.4846562
59963,0.66929054
57999,0.6737967
83830,0.37074423
122849,0.100819446
76103,0.07085477
123164,0.3984849
113488,0.18298188
11081,0.09863451
51386,0.15795489
111975,0.5528302
145973,0.23460548
23873,0.9726997
98059,0.76197386
79861,0.7751003
83181,0.55451274
79324,0.92998946
142011,0.21383499
67733,0.101887755
102684,0.67927414
91281,0.37824327
72990,0.14839359
70240,0.20296279
48179,0.2791534
53398,0.3717833
126256,0.10991312
112332,0.86689156
141584,0.18691492
92987,0.092286274
75739,0.4323566
114437,0.8788145
35509,0.61321384
86623,0.51758677
102486,0.08780131
72155,0.15581489
78303,0.102050535
5811,0.078829214
56868,0.4499916
146296,0.17139828
106805,0.24736482
121828,0.60557723
56988,0.36652893
78664,0.12721989
129096,0.36191463
67335,0.19834775
58408,0.4934981
20540,0.19826433
107072,0.77154285
130402,0.17525966
86779,0.16281329
93703,0.07380413
107809,0.30934173
56439,0.20116523
56163,0.22740869
131399,0.25104263
137103,0.0720273
122335,0.96153444
54499,0.14532766
87312,0.21760486
145011,0.20187907
37587,0.15374628
42974,0.10307282
141615,0.97889185
75524,0.20354575
16339,0.10994667
68933,0.25161448
89498,0.4394047
108112,0.8965736
60715,0.26302257
149189,0.9407914
46965,0.103453346
112575,0.25504193
24074,0.18926461
80302,0.7476981
14409,0.2281529
131522,0.58034337
61930,0.1491022
107011,0.11876998
33788,0.105046324
85457,0.14562684
43427,0.49491748
129918,0.12824322
30673,0.9159302
33168,0.64221674
105567,0.5589682
143528,0.07718193
128452,0.14176165
47104,0.23783411
9259,0.24565312
128355,0.09064626
141093,0.10733028
81629,0.28094035
101008,0.23974863
97410,0.09428812
54975,0.15081225
144017,0.06860901
98388,0.3499969
83382,0.3372717
141275,0.0823984
35545,0.668954
125788,0.12287622
110657,0.08192341
84295,0.9117829
121222,0.5777279
14765,0.053927384
33367,0.59812856
74537,0.2815601
128877,0.14903587
93105,0.5465351
136286,0.6171498
82849,0.8991044
119144,0.04083242
42762,0.18792029
144883,0.12718779
34075,0.11991066
136978,0.13570698
8220,0.09894238
4838,0.9448064
1351,0.7069338
9908,0.17091039
97553,0.38027707
102266,0.41316938
83844,0.08996865
109309,0.1431984
67108,0.06663952
69770,0.064100236
149636,0.1950488
130186,0.19450423
52634,0.23907241
117774,0.5898082
118106,0.12140992
92604,0.09396233
28969,0.16172001
129735,0.342716
78006,0.058793522
65560,0.5355841
130600,0.47007644
112997,0.42924255
125591,0.9633782
47438,0.42225632
84212,0.15926974
81012,0.9776783
16141,0.13600114
92533,0.39028326
58972,0.27614886
43909,0.09219338
100905,0.11185361
20505,0.3612411
135225,0.054374035
111485,0.08596969
147831,0.19579144
104522,0.6076533
59662,0.20401192
61384,0.21022344
102722,0.07566876
98742,0.19237247
111599,0.1976302
74578,0.18633984
122055,0.08295482
32787,0.056623407
117426,0.13308011
126427,0.22375426
58178,0.3837329
44985,0.13703749
127745,0.5762344
103455,0.8785914
143663,0.09196419
21433,0.15447156
20395,0.24973164
130393,0.96164787
145423,0.2887277
4978,0.4190763
31966,0.21156505
143991,0.07488355
55564,0.10381229
65567,0.21770903
109922,0.10406814
148822,0.95909256
74850,0.4312558
149014,0.120223
77478,0.16592218
36530,0.35525936
138052,0.4082657
43013,0.28250217
99952,0.68081456
3592,0.18200013
29093,0.6252309
147856,0.37754816
132359,0.0930958
135832,0.37851894
76030,0.09952215
26066,0.29786545
78902,0.23890562
112140,0.056886956
20460,0.5692614
124674,0.16600251
35753,0.12098036
29127,0.21530055
75735,0.39394996
34952,0.26782942
22667,0.14486375
130634,0.19674627
69555,0.16641465
107345,0.07454676
54138,0.11263781
106659,0.38072935
15676,0.075958304
42236,0.76215553
127632,0.4663032
139400,0.107196875
44264,0.3079629
3663,0.24712504
44986,0.45755208
84554,0.22505018
73892,0.12330061
114412,0.15862909
86812,0.12680884
66704,0.119489424
84042,0.0995137
65985,0.091311514
116896,0.26568317
57956,0.9245691
110412,0.10803171
4779,0.40889773
93643,0.07867609
105224,0.14025785
141648,0.1581456
121991,0.044327408
84738,0.16846904
125883,0.096955314
118306,0.41435757
38540,0.7852759
135962,0.30905133
146643,0.091538936
98021,0.19117472
120815,0.40500244
60949,0.035145566
136874,0.3777257
67206,0.78254545
93570,0.09428995
15082,0.086100645
139718,0.31049955
146840,0.915959
79101,0.57766837
148003,0.101075426
108844,0.23560768
148349,0.22356841
80947,0.08914584
148082,0.12852815
49799,0.29690716
66583,0.13129424
44139,0.40994978
84711,0.38351113
3608,0.1250032
15461,0.25250632
40758,0.45292425
123815,0.44854036
43210,0.92066985
148267,0.116659895
60524,0.041236173
69201,0.5632427
73218,0.11095379
85382,0.18891953
119189,0.054968458
102653,0.17176336
2037,0.36385977
64097,0.68675125
65670,0.81327146
130029,0.10513137
103344,0.16288008
19989,0.09921758
84280,0.12354255
106714,0.58898264
127616,0.096318506
121388,0.69098324
42791,0.13606559
105456,0.48230198
128400,0.7547179
137320,0.051617015
125725,0.043589287
37810,0.12366269
44813,0.08184548
146812,0.12458783
121701,0.06303058
79039,0.17734374
75357,0.43851143
45124,0.62399685
21160,0.7537612
1397,0.6363549
147449,0.09522389
66491,0.1327945
82666,0.12271953
110533,0.26398793
67270,0.55970734
21321,0.30121368
7494,0.0820418
63732,0.061614573
44042,0.23918232
49908,0.18889728
79493,0.44642195
45443,0.4994898
26841,0.49400982
103907,0.084148385
97887,0.5260234
29109,0.12745434
48323,0.38757572
10212,0.05283399
118442,0.17700316
71521,0.107635334
61975,0.38105655
66977,0.11854941
121231,0.12399695
3043,0.26550338
11910,0.08470679
123298,0.06545497
12959,0.27183563
145670,0.1927076
145792,0.49210772
124568,0.15278193
49528,0.6774799
147825,0.4190874
140843,0.22784401
107961,0.33323658
19095,0.4211635
28829,0.096287884
113649,0.06391741
124997,0.062151257
27771,0.0738796
144897,0.20053388
91905,0.0548523
27546,0.06325304
78637,0.46833465
55712,0.06887572
144126,0.08975091
28005,0.3988986
20782,0.47649267
93761,0.19085824
66022,0.7252693
69664,0.87614596
105344,0.15665507
40652,0.19383389
46009,0.15135418
67674,0.26162297
137148,0.13754827
98395,0.5622331
123997,0.060989875
132209,0.33403662
28919,0.29137802
59317,0.5288935
77303,0.37852168
28230,0.05988594
119916,0.05185626
63476,0.11508328
118683,0.08434784
112576,0.18415332
65889,0.062228523
131185,0.81411016
42425,0.076579645
119654,0.12820908
143385,0.20118122
2471,0.30551827
79001,0.47570243
86370,0.096122265
88724,0.75570023
68395,0.101958394
112962,0.08645326
128149,0.82955354
82824,0.04980634
24507,0.40695715
89033,0.08521985
81432,0.90267164
48019,0.3925087
56822,0.5530147
86262,0.09329328
113967,0.76388013
97631,0.07306757
41175,0.6389923
94454,0.285249
62612,0.17635839
98011,0.07465444
97550,0.56158584
140985,0.14804828
2848,0.7267911
33204,0.7615392
29487,0.60599357
94470,0.30357537
98694,0.71116465
31914,0.08866586
96164,0.25929704
139492,0.92868817
122469,0.7519152
130973,0.10957584
31617,0.14833851
29235,0.15460782
107984,0.15759125
20762,0.2679507
6170,0.36497274
38870,0.86786896
90021,0.24482773
138503,0.5920382
74491,0.19178374
144918,0.36144477
2793,0.5096144
69325,0.08049552
59980,0.07278087
128197,0.053261843
77966,0.8243976
140999,0.71197784
19457,0.09353812
144903,0.0657155
54818,0.86271584
19828,0.18149172
72046,0.047399856
103929,0.3166557
41546,0.48754582
76419,0.1920656
52046,0.28538424
58950,0.19406196
114879,0.5708704
68803,0.8245522
76295,0.55080646
114500,0.2378027
41677,0.29020423
62990,0.56314665
125036,0.8410302
23763,0.5626491
14457,0.71969146
112446,0.05063252
14014,0.32627344
24846,0.29415673
114379,0.11037234
33223,0.13234694
32964,0.05736935
68211,0.30829874
58335,0.10968552
53924,0.52056247
7971,0.13323471
107478,0.11268351
22893,0.33106673
16999,0.07761988
27330,0.099386804
78594,0.18322496
104070,0.065791294
43194,0.5449397
64515,0.51018155
10132,0.100630224
57023,0.25756216
24131,0.8804935
144319,0.30144238
18781,0.45303285
65699,0.10099554
95740,0.6581277
109056,0.24945177
130520,0.28408828
98379,0.9223306
140080,0.44145104
78025,0.17936316
28031,0.24166495
141799,0.1328851
73818,0.5396484
98886,0.9093624
56644,0.54154366
98397,0.2272778
69192,0.21543267
147687,0.05689435
12859,0.09422843
90166,0.24210994
71090,0.0876433
132229,0.82947457
147433,0.5087872
6216,0.11619042
70399,0.24609348
118522,0.118260354
63459,0.10794931
35874,0.17327836
12249,0.07810837
102527,0.19621342
46911,0.13250194
141899,0.59328705
136358,0.09279488
71462,0.17249063
81800,0.18065615
86073,0.20318264
24556,0.41625935
144052,0.1952413
45717,0.047169764
145690,0.31219077
82023,0.18084079
136650,0.08385776
147501,0.5733572
96936,0.06211422
37114,0.09217449
42347,0.13026543
25276,0.15614185
3255,0.15270734
62543,0.06498387
75294,0.38590842
46602,0.46103695
60912,0.07401681
69538,0.17639597
79795,0.21219014
125764,0.35517132
79334,0.5032523
84840,0.9436807
86444,0.077538736
52668,0.078167245
108257,0.19476078
13468,0.05207207
79616,0.28332052
128500,0.094108365
142446,0.5296685
48565,0.118601926
126709,0.16020143
32258,0.36406276
137220,0.5935197
95129,0.3999443
84414,0.46248588
97016,0.16367209
115354,0.7172643
120079,0.7057084
149398,0.35419834
117866,0.05234034
86182,0.10805942
90392,0.24818484
19401,0.08882215
146655,0.10241073
6089,0.085792534
129171,0.6434643
103936,0.30340523
39569,0.13882188
21855,0.15167855
13608,0.11955369
37780,0.618096
116042,0.09695684
121207,0.095270455
124636,0.14501199
11041,0.05387467
20120,0.61289275
23295,0.043800842
51029,0.8682275
108708,0.066074744
12294,0.46825078
95063,0.19636667
54655,0.18404403
128822,0.10713018
105835,0.31671616
74220,0.09682643
102666,0.9088538
122754,0.12832676
76670,0.092702374
71681,0.401417
6750,0.21056853
86898,0.1184939
36391,0.12079709
81947,0.17880884
147727,0.64213216
37580,0.41192564
18191,0.39867893
81891,0.22649588
24267,0.6439677
144694,0.09570686
37184,0.1280683
30080,0.24983893
3817,0.08061414
68619,0.15583843
4860,0.80430144
40196,0.07408722
78475,0.57133764
53326,0.11091513
25490,0.7533154
49007,0.17917189
101201,0.13122293
142300,0.15452437
37784,0.8108334
4038,0.79864335
96249,0.4967917
121690,0.43663546
144048,0.08048599
143874,0.119251125
84402,0.23340164
96075,0.95727694
140821,0.23925829
83115,0.089600764
19252,0.39809135
81154,0.110158935
134728,0.8263489
21343,0.6165104
113838,0.16291188
79020,0.096382275
79993,0.07247342
37608,0.25705394
134566,0.067475244
35510,0.23842853
42795,0.5650513
35385,0.07247576
125339,0.43523347
18212,0.41065174
30262,0.05431139
68496,0.17558321
46077,0.4359572
25404,0.114954285
70879,0.14728937
28798,0.15360029
1621,0.119055815
128460,0.759365
81063,0.58658487
143063,0.95219547
27388,0.29794413
133454,0.3204633
108100,0.6083147
84658,0.110454075
37569,0.5086025
117810,0.08166363
117496,0.75683
13689,0.07541373
75420,0.1253617
101263,0.42786473
3030,0.13414189
8228,0.16437478
104018,0.10707379
47058,0.51401323
52728,0.050987832
82743,0.18908441
75997,0.1704616
62071,0.18860395
104559,0.69969785
132075,0.17800681
28597,0.48632804
110441,0.97639465
91891,0.9632666
144473,0.72347033
17017,0.4161476
132097,0.11279121
56232,0.7816803
134792,0.11378768
47559,0.46596366
55758,0.17696065
38300,0.64071035
73158,0.089954734
1515,0.70748305
61626,0.16214462
79969,0.7479344
23492,0.22951807
84863,0.116707414
52666,0.118303426
98948,0.049190957
79569,0.34462526
19369,0.20737559
138090,0.15047084
120242,0.08886243
66284,0.13137798
1855,0.11890066
112232,0.26135427
146381,0.13983417
137850,0.23904887
69111,0.4521244
107042,0.22756782
70896,0.360372
97856,0.61959827
5461,0.33811384
137907,0.22123891
47728,0.2872289
145386,0.61491364
18347,0.35764512
39016,0.0519371
113582,0.3481375
79401,0.9452296
65998,0.19769931
99328,0.73905843
58636,0.31664756
24334,0.1013742
103440,0.07884453
110196,0.5412111
104008,0.07146456
69112,0.21161264
38894,0.03734474
130076,0.089101285
94209,0.3188377
54849,0.15737976
36125,0.3452102
89569,0.12613028
43078,0.7769811
62608,0.24014938
93630,0.22353731
14273,0.4905956
26971,0.10200577
42919,0.13079531
32188,0.9294904
98098,0.49260476
59349,0.11882495
89242,0.1404268
20141,0.20493889
50177,0.06822242
118524,0.2366995
66066,0.16214854
104524,0.79452354
69001,0.03960519
37406,0.2089105
124506,0.5865805
43884,0.23525569
140351,0.09163222
52898,0.7064992
8204,0.13390924
79178,0.16686007
23709,0.90722895
62957,0.18217665
12869,0.07533076
91824,0.17516589
126856,0.308997
30863,0.04928532
7859,0.09430775
21736,0.67331
80526,0.34188578
138222,0.14647928
20996,0.9708463
5500,0.26219457
25125,0.12366409
42142,0.5594504
41974,0.135017
107135,0.5979932
62283,0.10240056
84418,0.078545794
2789,0.14378485
24942,0.8657439
25048,0.27651975
109460,0.70394653
3119,0.11251822
5718,0.17454718
60161,0.9434863
72391,0.13463
86551,0.13385054
79673,0.68319964
23030,0.14508508
28186,0.75391257
58261,0.15130715
67601,0.11298921
113646,0.92262167
78928,0.079298146
11207,0.367915
12037,0.21740508
20634,0.06298656
28485,0.15074638
83997,0.6443854
59795,0.3004129
14120,0.6266138
79588,0.21026708
102685,0.92409307
149245,0.8819271
44754,0.8464858
132779,0.68370366
63379,0.42487183
45890,0.39813337
110886,0.6084208
143213,0.33623654
110036,0.32584178
23253,0.41616884
25300,0.7488314
149766,0.21560608
9277,0.09695636
123971,0.09527998
81014,0.11895125
111102,0.21730249
130683,0.8548606
42853,0.5164933
102953,0.124032326
98799,0.08405443
110982,0.20807412
91977,0.14328353
10379,0.58898956
9734,0.09228791
21531,0.1442426
139557,0.102332145
15861,0.13360348
127918,0.1267193
149650,0.16301586
108236,0.087523445
15247,0.8854755
73455,0.40787426
49993,0.9597954
88831,0.41913232
79070,0.1608232
75906,0.7876932
42458,0.05686104
149682,0.45195293
103516,0.0881269
76233,0.5898743
111641,0.6255208
116183,0.2631258
31355,0.11946073
98140,0.57299566
71164,0.092224084
32386,0.11714053
143717,0.06849281
105869,0.9615464
37687,0.0611428
127166,0.13859724
118681,0.35516158
91883,0.52515084
70223,0.5627142
62200,0.7200791
3724,0.22321345
71650,0.11883179
124020,0.52936196
111633,0.17885442
6006,0.33783016
104251,0.40080637
149757,0.13823172
25709,0.21616215
105197,0.33462182
3387,0.16785453
64405,0.15891518
116546,0.2492034
85707,0.70606524
8020,0.383853
105041,0.15078215
136944,0.20519769
131252,0.096419014
75141,0.9020962
23769,0.4350567
42885,0.53747267
136483,0.07570529
137997,0.15710798
63373,0.04845051
100910,0.88460785
60778,0.7205099
143227,0.061103918
106904,0.1281327
111281,0.95525867
2926,0.66993177
43273,0.12637192
74357,0.046297587
67643,0.07075453
120564,0.6922015
64156,0.7421334
21696,0.91223884
101403,0.45928973
67642,0.5735837
2295,0.14280021
69966,0.13362356
87617,0.7909488
81410,0.47151816
64534,0.45283574
29256,0.6254808
45281,0.78298825
116471,0.9105478
67776,0.46682096
31087,0.24278629
36917,0.3207323
11805,0.09754357
49000,0.6913528
31291,0.09877845
10629,0.1364802
94337,0.08212095
2719,0.58384955
84849,0.4385584
140078,0.3988776
82461,0.3599063
29883,0.19754173
77015,0.656223
83911,0.16774713
1561,0.7549574
46064,0.6329768
124211,0.059069235
51835,0.4302202
88774,0.3396031
63918,0.6471968
100963,0.082195126
131560,0.1480927
140851,0.11924116
39272,0.070441514
5772,0.19646429
115809,0.47867835
136999,0.1300224
135672,0.44144982
56254,0.51682645
78038,0.66048586
88138,0.64994675
13094,0.2997496
39854,0.06766591
8063,0.14704432
9156,0.60129416
41421,0.15847328
115317,0.22021572
103275,0.26740038
55493,0.07314907
39196,0.10765603
14197,0.08633916
130865,0.05676965
73541,0.121526234
58697,0.6477501
141156,0.322297
37120,0.7365001
101907,0.079476774
3932,0.9498566
131337,0.20014946
335,0.108766176
148691,0.06471431
133907,0.13365048
122770,0.08833031
81928,0.280119
70468,0.62600267
10731,0.28009102
63849,0.121809185
147350,0.6346912
24428,0.16318816
122516,0.090206146
115857,0.105777815
32986,0.9472377
110594,0.34403995
86836,0.074934155
140014,0.23547724
132735,0.3528728
63302,0.20047636
15387,0.10859901
28521,0.07942655
62778,0.38781646
96466,0.7504445
121952,0.1956418
144798,0.12526722
98027,0.13099302
40563,0.11700378
1073,0.13951938
86740,0.057399347
98190,0.292567
23625,0.05949624
86433,0.083068155
57386,0.4517851
74020,0.055896413
67447,0.32293123
105284,0.33187783
74580,0.33919406
26021,0.27894184
91612,0.068988025
45477,0.38482225
146021,0.25820994
338,0.10227464
21382,0.08501214
26714,0.09136692
48771,0.14212844
44872,0.7622836
30761,0.2861561
31232,0.2854596
84550,0.157187
85721,0.08699086
129102,0.8041787
143624,0.09041285
137928,0.51220065
23655,0.10252289
107185,0.47131142
83715,0.8868746
147753,0.5367319
71436,0.2575776
94926,0.33110765
93931,0.10023063
78720,0.8581154
93205,0.41268483
89420,0.7252118
33061,0.1656411
39009,0.7091577
39239,0.0719272
111886,0.4413859
5606,0.17681699
10600,0.21443242
92437,0.7640058
9380,0.064859495
147279,0.09888383
108083,0.11890778
16985,0.18065351
113840,0.3165766
117337,0.62381506
80043,0.15691811
31714,0.83782
87332,0.14635251
86227,0.49373975
125113,0.10736198
92761,0.22262146
112006,0.12766153
98629,0.06542263
70227,0.5407168
131554,0.122615375
114464,0.11413392
75588,0.41948476
33363,0.5492141
37243,0.410878
43887,0.9641575
11058,0.08142104
97954,0.5803255
103761,0.51891655
52338,0.13596201
145333,0.114305146
46121,0.28232345
39962,0.48926723
148441,0.14805953
86620,0.05832225
106055,0.36866158
25831,0.47055915
20043,0.9070148
142271,0.3921382
37623,0.62614244
102076,0.19209404
28082,0.053206325
56768,0.34384653
33799,0.53733027
132743,0.14595322
129639,0.13548784
75615,0.1479974
78863,0.15600069
34789,0.12700616
73733,0.1219216
14774,0.84269726
57974,0.19415236
8808,0.059991173
29640,0.65229297
1801,0.88961977
53574,0.7821922
20772,0.16346364
116903,0.15758744
116046,0.098162495
19031,0.23056997
82721,0.37985387
55698,0.14965266
146464,0.33442017
64043,0.46352333
110872,0.11516655
29681,0.09500432
93311,0.07592304
134926,0.2679765
140475,0.4769384
111473,0.55658543
60131,0.11308325
74643,0.35261565
11017,0.839331
30608,0.1238282
111332,0.3091118
61527,0.12843992
124127,0.19816172
59647,0.1643522
122358,0.5505902
90117,0.19000511
130833,0.11610527
54132,0.7095679
46451,0.6631578
115478,0.2918025
147287,0.097390905
94009,0.086940825
145866,0.551615
14943,0.48216176
99031,0.08721462
71773,0.40739784
10557,0.605367
137079,0.1949784
7924,0.116788216
75675,0.2303536
103754,0.9013016
5550,0.8721525
90714,0.0763377
39479,0.22753763
78977,0.36162886
47549,0.0794158
3992,0.16554818
3241,0.107138045
108393,0.10631323
86195,0.14422363
39870,0.108183384
50649,0.13010597
3635,0.070431866
70952,0.56955904
149653,0.08217814
107132,0.090342104
130970,0.21850167
82909,0.06119551
45509,0.24780875
72754,0.07913793
70430,0.49160925
28645,0.71151
857,0.37361276
66103,0.041768286
43558,0.31770697
74461,0.3986193
81691,0.35759923
129264,0.43177742
54795,0.08898465
51894,0.2729197
40761,0.09403288
114727,0.8948508
68251,0.13240993
89197,0.100088745
12369,0.50686085
21161,0.040114366
21852,0.13754386
130562,0.42159596
96394,0.0976791
2000,0.77296877
104990,0.5669789
93567,0.3378578
126594,0.7070043
43463,0.1108937
43026,0.11450323
147869,0.08586055
38712,0.13607217
84733,0.28821978
2323,0.08931874
79172,0.310139
57463,0.09002918
52600,0.88216615
55101,0.088694625
101619,0.4569127
5441,0.9664687
119213,0.11708357
37163,0.64883393
56711,0.07288447
113957,0.85145724
131154,0.14506793
64985,0.50967544
145453,0.33695978
33500,0.23277986
133388,0.28832975
34614,0.4965859
116569,0.08968053
49950,0.80836296
117751,0.19684038
78153,0.58037645
37473,0.107738264
92859,0.91296935
73750,0.44340402
85002,0.8441537
60039,0.26953796
135816,0.11678027
137437,0.892817
87872,0.31598392
123604,0.2573363
140708,0.34086367
119905,0.44606078
27506,0.080013864
133320,0.05192508
14483,0.540113
92895,0.07606331
73539,0.06291478
112557,0.13156866
20399,0.06333666
103072,0.08562123
23318,0.9336861
96631,0.12388233
61409,0.6008234
146727,0.08631552
12692,0.2763834
58365,0.113737814
21448,0.26096675
42988,0.60456246
98308,0.40363774
75102,0.2964671
83251,0.08897901
116146,0.5365921
123542,0.31447956
108567,0.09182826
68554,0.6302032
144784,0.10873549
21361,0.36972046
132028,0.2525555
106921,0.5083613
123350,0.2481166
122790,0.20139493
95597,0.07227765
107374,0.3506481
106475,0.110645205
66064,0.34355897
104948,0.4976174
14476,0.083777055
4796,0.10119327
137143,0.09610956
58324,0.16422877
119281,0.08396624
91029,0.06637984
118758,0.073390484
113662,0.24863426
84632,0.57130915
31532,0.7013475
144617,0.4714958
4244,0.3891121
104182,0.92415404
72223,0.42198744
28351,0.2754019
106939,0.09788035
44649,0.14552686
77544,0.24364533
2091,0.14706849
127424,0.0790393
52287,0.40391475
19251,0.12506738
28784,0.20742212
44859,0.48538882
79702,0.13105343
33030,0.11403825
104078,0.08183533
139685,0.17527993
70593,0.14805025
33652,0.090343125
85757,0.075063445
150000,0.23849306
132143,0.10428827
97947,0.14929597
114249,0.3944964
82504,0.5175563
59738,0.956365
98394,0.17886207
2706,0.115201205
36727,0.75402296
52762,0.34042653
69742,0.11397417
129269,0.07065871
146352,0.106267214
30188,0.3147849
9648,0.57213336
43461,0.20958605
117731,0.23661977
44943,0.93937314
94313,0.5426187
7987,0.2187352
22338,0.21419351
9645,0.11953728
140624,0.112496495
98238,0.30842173
53007,0.0607945
40433,0.2631755
119286,0.25937366
13704,0.2316714
13979,0.5931024
48472,0.08683773
53608,0.14854482
2051,0.13729319
140926,0.53345275
22789,0.04416445
110131,0.103647
120469,0.2996524
131165,0.42803782
54437,0.09825595
92369,0.9412137
57750,0.6243377
139193,0.080815844
93577,0.24918969
40037,0.10165548
15878,0.2038913
89572,0.24615501
112155,0.05267151
45324,0.16505013
108029,0.13651325
63338,0.1379605
46237,0.9410939
56805,0.50195754
76677,0.18167527
134609,0.86807823
97618,0.72981155
124390,0.5111278
33418,0.7648574
126481,0.055564564
8430,0.058092654
138731,0.12092977
143193,0.12844197
32249,0.16202344
2241,0.2035384
127435,0.77391595
50509,0.2007835
1155,0.5003834
84660,0.12233713
146223,0.65456676
61734,0.50311196
40151,0.9330972
73571,0.12784746
306,0.4990783
5496,0.09851238
33260,0.04778225
125679,0.70422095
51552,0.09722016
120352,0.7532132
97864,0.17846115
6142,0.069551274
12721,0.35163322
143347,0.11830158
147874,0.113261975
33372,0.7434216
72987,0.94796485
142361,0.796609
46994,0.094135106
107612,0.095365465
11937,0.4314397
106420,0.14694072
11277,0.16356476
82694,0.117128655
130999,0.15231188
138701,0.08325685
105628,0.5041791
97827,0.8743137
64650,0.18716548
33800,0.7835051
8733,0.1890707
17235,0.08741806
103590,0.07822118
5258,0.08737838
143323,0.66418105
88608,0.31056586
38838,0.48697388
117704,0.10687077
119410,0.13138805
75847,0.5735075
79790,0.63295466
18921,0.4798807
145858,0.070457235
27241,0.3465543
70828,0.0650179
29913,0.23673874
28167,0.04577653
144965,0.67233145
144310,0.8853024
133379,0.69300175
126147,0.15875775
126315,0.16698003
40994,0.54772294
82758,0.092060216
130127,0.97920704
108291,0.15337488
27143,0.4398681
54611,0.15925252
110683,0.9538515
68483,0.23483814
36954,0.13429622
48443,0.17739506
60754,0.17892632
2304,0.13793965
30259,0.6121881
42671,0.075991616
35131,0.7089079
87136,0.13944425
111498,0.06974292
99553,0.23420587
146913,0.3302228
105494,0.09855344
127172,0.14701326
113379,0.083716445
3368,0.5364424
103702,0.099173926
2224,0.28571168
107668,0.31342795
95010,0.13567235
40796,0.22388002
64342,0.069009475
137206,0.38987803
31269,0.44573382
122198,0.9085597
131639,0.20955263
148721,0.09199372
44723,0.1729627
111306,0.8710557
121044,0.056658555
27983,0.9200316
19081,0.322133
128633,0.7579874
19550,0.20870328
27731,0.16319714
107938,0.51323336
13290,0.5042961
37319,0.8707728
138303,0.06912198
27260,0.22059807
33521,0.13603525
83815,0.1131568
42772,0.260493
125664,0.5470331
126941,0.1920936
137611,0.033991046
92733,0.37845647
122006,0.365234
136310,0.282281
137152,0.084449075
24382,0.22164685
131825,0.93551475
133895,0.65557045
28672,0.90300137
118919,0.44759864
19203,0.16407973
99342,0.14709404
2776,0.39031675
2404,0.20858708
10619,0.12909502
23480,0.24351092
24863,0.16513799
122605,0.23011829
71719,0.22107156
22744,0.12219828
61729,0.08320226
67350,0.22532989
147122,0.16958633
89237,0.1561287
64783,0.573638
125754,0.21258125
51350,0.8408223
135317,0.85835403
137961,0.12052964
108740,0.15503716
13719,0.28747076
21472,0.3394838
127674,0.5859583
47754,0.322845
56298,0.13057774
101925,0.06018693
27827,0.78515124
93914,0.54414886
50815,0.10598237
121096,0.13923934
31649,0.25416037
95233,0.40834704
117801,0.15354471
115404,0.07576372
38758,0.183796
14530,0.44847086
104347,0.29920167
30543,0.86858094
26505,0.12712
16180,0.108753555
71426,0.10110728
31369,0.10534745
43697,0.41371182
130260,0.07544273
75522,0.327279
91801,0.25323737
89918,0.19385508
95530,0.44460678
123966,0.09777564
116938,0.6733436
23444,0.09894197
132547,0.0967209
105607,0.12296031
123426,0.18911065
77591,0.08299823
37701,0.19311331
67639,0.066958
142800,0.55006355
122714,0.47579303
24843,0.15328023
120938,0.12423927
15509,0.4537718
9503,0.12685554
55199,0.91777736
71699,0.21097012
119222,0.104583725
53862,0.14266461
24126,0.11166097
113246,0.41584697
118828,0.6168011
12029,0.047509074
96192,0.47664663
112069,0.712216
90170,0.14246076
119687,0.7189432
102457,0.8773432
10611,0.8638574
129221,0.16371983
72917,0.7873696
22715,0.6078959
90406,0.5757599
99714,0.36246854
57277,0.79032505
15814,0.14381464
118632,0.46448174
128406,0.6141684
104098,0.41947436
28666,0.54044896
722,0.36743852
78022,0.39827687
54691,0.12961255
31468,0.48757896
90445,0.12977928
82511,0.08184576
133489,0.8684246
79018,0.18886888
97359,0.10052633
54961,0.2213331
34035,0.7393859
73104,0.7035359
13528,0.3358491
44789,0.8698573
90925,0.15380165
57797,0.13426547
66904,0.84484476
24652,0.13257511
63605,0.76462656
124648,0.40135944
72348,0.1602651
137571,0.29588822
97333,0.2584765
23842,0.15466145
41876,0.26541463
109784,0.13539778
56149,0.5293898
21595,0.54273814
83865,0.19268608
58874,0.66236985
80718,0.27296317
74246,0.5116613
28043,0.12922361
71970,0.2838832
89913,0.4416152
25365,0.23923427
94954,0.12446916
49734,0.04398768
11844,0.092662916
77722,0.14656702
147376,0.0549529
64295,0.39850384
139266,0.06952581
16177,0.8910434
53425,0.11110155
64152,0.14083044
63483,0.4865664
70626,0.1239136
76307,0.80999076
8244,0.09840456
56871,0.47040805
75128,0.08292968
89130,0.3072779
50302,0.6693569
68807,0.094387785
64471,0.7453707
14514,0.11822243
15835,0.1640812
98505,0.14215773
37343,0.19104862
120363,0.5964843
107183,0.17759544
133000,0.28514776
57205,0.22157732
74197,0.3263178
97163,0.30590728
4643,0.15088706
71176,0.44283998
27644,0.103285626
59521,0.07681216
76199,0.6608871
41957,0.13724409
32132,0.54389215
61520,0.1439355
131860,0.35646012
131776,0.78148997
145366,0.083436504
6111,0.18365064
106041,0.11236119
8274,0.23960517
25028,0.24664658
13410,0.069845684
98984,0.68764526
145778,0.31201
86949,0.20146438
2440,0.09475228
66444,0.16031918
134805,0.06654644
50399,0.16908969
120870,0.11211841
100025,0.6474201
20259,0.07883283
133413,0.0906088
36513,0.33438244
102523,0.51423746
45954,0.73094445
104401,0.22785872
31092,0.643436
26132,0.2381927
83082,0.0675947
54863,0.033095162
33140,0.06799869
131221,0.25419807
49484,0.3478981
49965,0.72407246
8250,0.21206723
147573,0.32537955
11062,0.13274364
21877,0.4455952
125798,0.5626201
46687,0.13420431
87188,0.84937817
131450,0.116407
133400,0.052762583
49967,0.0811206
143637,0.9586691
86539,0.19392435
100358,0.055280924
96597,0.28086627
54206,0.26852673
58982,0.8409151
44810,0.09015008
69772,0.13261606
126465,0.44581473
141814,0.56258905
130573,0.074906774
2910,0.6846685
5414,0.4597596
134233,0.20542711
10133,0.10534582
16066,0.11099627
98856,0.111274794
87355,0.56997883
34188,0.50847894
95933,0.09831332
24888,0.56890297
54039,0.499543
114064,0.09007449
72400,0.24779518
48460,0.09910765
117264,0.3465543
138372,0.75433373
4338,0.7144618
134306,0.18806985
122388,0.09603862
68319,0.5741577
98660,0.19792803
95385,0.13033289
96813,0.17262185
72378,0.06836775
129618,0.33554655
118179,0.117978565
3602,0.8598586
19764,0.11680255
115688,0.28573877
15050,0.11417312
137298,0.33577484
109557,0.56331587
139615,0.13420385
129255,0.2544569
61324,0.10754763
135188,0.90179753
27063,0.8088027
124633,0.17217676
4831,0.19219334
49433,0.1280032
65538,0.93228966
98423,0.18716069
143032,0.084033914
108960,0.7575875
53816,0.08171281
103446,0.25178936
145999,0.13429144
64233,0.50924516
127107,0.06706557
136672,0.25979397
17154,0.21669613
119460,0.14448227
94523,0.07066886
97025,0.63571125
51407,0.05469881
45521,0.110507585
40261,0.45250538
5374,0.3211896
95490,0.25321135
64807,0.61048424
12136,0.33396584
63433,0.48861495
27799,0.78577405
106032,0.9279669
20601,0.078055374
51137,0.8709573
56677,0.59569347
103775,0.20014101
101618,0.09338609
14378,0.060146
129936,0.3777484
108856,0.08046456
111445,0.2820218
142045,0.41638464
109307,0.6512467
96637,0.37503415
129586,0.3814383
32247,0.20689428
118830,0.40563288
116387,0.2078723
51138,0.19464913
133967,0.64910394
7109,0.17983606
63909,0.06518597
45340,0.14295392
7530,0.1330671
24945,0.21558918
67991,0.11597989
134261,0.6996178
13146,0.28151625
22636,0.09481252
144029,0.30014533
116612,0.109921634
117039,0.1715793
127631,0.15554002
126235,0.1952505
92693,0.9761934
115027,0.6937497
145737,0.088321686
130582,0.5073171
122092,0.3907735
50135,0.47932273
33024,0.10707066
132024,0.26566187
116803,0.11477358
74146,0.8248
125598,0.03506149
143009,0.30449003
16267,0.40439397
132107,0.105194084
62600,0.57719725
97286,0.30145177
34147,0.1471679
94977,0.27521446
37088,0.1948173
75404,0.35356265
35745,0.9187397
26160,0.099789634
130396,0.10430901
1037,0.14616919
134064,0.076242425
139583,0.24998173
82380,0.075723976
50807,0.7879705
17794,0.6730897
56434,0.17076015
135300,0.123215996
92726,0.085958585
3552,0.5076916
39809,0.69244725
87932,0.84656084
61903,0.5407942
113037,0.13279371
148897,0.09866175
18024,0.11956955
509,0.1681618
87745,0.38144425
96476,0.08733309
52217,0.5601601
101867,0.30477047
26793,0.15550031
100888,0.8179017
32963,0.23793608
116304,0.09234305
76335,0.21819268
26816,0.33706436
146877,0.12497028
109306,0.5108576
13982,0.09983507
41896,0.082900174
107095,0.87918776
114685,0.2756445
134481,0.12761971
42849,0.0427709
2519,0.42162412
110130,0.27283192
5748,0.100116014
69217,0.075243466
47472,0.7682904
90185,0.8195478
78134,0.3167212
4214,0.12928578
104422,0.082768254
574,0.42001468
64101,0.12428681
63329,0.20244507
8336,0.86513484
85378,0.8874597
140306,0.058943123
125499,0.63462734
100863,0.068951525
35678,0.12737197
6608,0.88077986
20577,0.4406968
129823,0.29765478
59505,0.844544
67863,0.32018393
47780,0.46814933
135433,0.67624074
123769,0.041611645
31192,0.72072965
67389,0.21699545
78802,0.43182498
135029,0.31129035
40030,0.31968772
79733,0.6863171
54674,0.17654802
40915,0.08281757
71652,0.44586745
8761,0.15539108
103334,0.8447887
47385,0.2247854
16965,0.8090834
17480,0.13320528
142894,0.09228172
110915,0.63338125
18993,0.06889903
14980,0.058777742
82056,0.09778054
69867,0.30915353
130810,0.17324856
90659,0.41840798
74544,0.19644843
34947,0.14098099
96963,0.16696157
56603,0.940488
13066,0.5514341
1337,0.2320189
103127,0.29487932
58109,0.820303
129060,0.20433757
62096,0.068012364
101810,0.4585539
107428,0.2365333
37743,0.08679356
120709,0.57213336
54457,0.19752197
139605,0.07778248
129989,0.08401699
40087,0.2194625
16425,0.43127626
69446,0.07230099
8000,0.1464609
74811,0.0985595
554,0.22337127
120693,0.16926852
34516,0.14039873
87528,0.07526366
107470,0.10568982
43918,0.6674158
9671,0.15800248
12321,0.16293062
128609,0.95831716
72768,0.9791629
34937,0.12651837
65580,0.17896743
119277,0.19360527
107093,0.21209611
120956,0.24711566
27890,0.12174185
35668,0.2106766
85514,0.2185719
99983,0.21239899
149724,0.7219833
74465,0.06613818
107905,0.32347792
146667,0.101920746
131661,0.77553797
59666,0.13023317
46945,0.39647856
35253,0.1019565
146063,0.60819435
52186,0.19243391
112539,0.15508302
12987,0.092849664
803,0.3888005
22285,0.09850761
48645,0.44143245
85783,0.14276254
143584,0.3370033
82422,0.08546494
96471,0.5162781
55670,0.23035404
66205,0.11176711
82396,0.07214254
121970,0.28434747
96867,0.07227812
146090,0.15442389
115614,0.08473437
69902,0.16139552
98368,0.08878676
85170,0.11302489
120488,0.17020151
13760,0.055809196
116733,0.086262755
63352,0.25303984
88762,0.5579867
112609,0.36966226
69578,0.8292092
104314,0.7938376
75268,0.43362153
44535,0.14874862
19003,0.17365645
88092,0.10160024
104946,0.1899079
5564,0.17734121
52208,0.24670583
53975,0.5125213
76710,0.17938027
69625,0.056800574
34505,0.9372028
100902,0.16740768
84339,0.390766
132424,0.2738666
118433,0.14929336
101429,0.36445346
46005,0.15595435
12447,0.18940443
98081,0.7247736
689,0.11444151
1097,0.088018395
116086,0.09001729
149784,0.25346127
124474,0.8635295
91250,0.11951646
41775,0.11978588
106320,0.29405037
105742,0.122561425
65855,0.4615082
144058,0.13309881
62335,0.8052135
142798,0.21193278
44295,0.402493
128648,0.06224698
149542,0.6451112
66803,0.48874477
31516,0.4390275
8531,0.17337719
103143,0.90629756
77965,0.2497323
82243,0.08931998
70609,0.24773458
29805,0.35475785
28677,0.0525902
22777,0.14215249
135634,0.59529394
46328,0.8107725
8989,0.65906817
76501,0.06928606
138767,0.46209764
23005,0.1005778
123596,0.73959976
60345,0.31170055
9799,0.24930845
136993,0.10507814
88406,0.18357614
133408,0.48654896
57650,0.107369706
96339,0.1241166
142517,0.16534154
90103,0.32086402
34697,0.048462614
144253,0.32333115
96594,0.25679663
36364,0.35286328
84842,0.06029637
141010,0.7925606
121510,0.21698439
3439,0.13697168
64020,0.121561795
20968,0.06580333
77335,0.7032084
20188,0.20997494
15844,0.35071263
122680,0.07043456
62773,0.15624166
139490,0.3069365
72375,0.12165429
52883,0.16417222
102439,0.5395617
103573,0.072230235
117184,0.71386504
83196,0.16735281
94924,0.7920032
129211,0.07984227
43831,0.28702524
76997,0.1273876
15057,0.13646322
109100,0.58453727
134017,0.25402147
78538,0.06429321
50514,0.27995947
8585,0.67440206
32232,0.69553924
73188,0.055469066
25187,0.284837
73703,0.120172866
8534,0.29613203
129251,0.14461039
146303,0.28509048
78395,0.17118955
97771,0.06618825
92141,0.108243056
44021,0.06695519
86944,0.09084056
71116,0.38295352
43409,0.37656724
105495,0.75509703
21424,0.23550455
18309,0.1398595
52356,0.11711803
58182,0.51413393
62458,0.13039322
131336,0.2088411
141491,0.1557848
5621,0.6553644
36392,0.33621958
102265,0.089080505
145418,0.5766576
3887,0.10105312
36733,0.61677164
102473,0.10074186
149788,0.10046049
95609,0.9263858
129214,0.07932561
137131,0.488094
67406,0.2880637
147568,0.5245825
6048,0.3595627
34,0.13316327
52832,0.0953252
81110,0.080954745
55888,0.18551181
43456,0.54819536
109574,0.42240974
21550,0.09553542
56974,0.78053355
12538,0.8429593
5090,0.8439547
105811,0.19949074
140502,0.64017683
109740,0.21366622
148581,0.17888208
142019,0.65493274
49973,0.40107533
147053,0.11339821
13313,0.12421852
115523,0.6707982
109319,0.46123794
81350,0.30613348
45864,0.13726285
91512,0.27615237
46571,0.5717614
126012,0.5676805
37670,0.50834686
89079,0.42535296
49407,0.0517123
112509,0.6565477
136139,0.1269311
97675,0.38916063
119727,0.9531255
100209,0.32890362
15805,0.0809222
15858,0.26028883
138497,0.31343248
108080,0.16743752
42745,0.10237088
65437,0.07913545
114182,0.11171043
126654,0.804187
58717,0.19532032
138496,0.22545971
133437,0.7735937
4948,0.069334306
67729,0.16719615
71835,0.3877302
73628,0.18736474
98807,0.09159
88023,0.1473002
95912,0.29191577
54738,0.22228572
104335,0.043559548
49322,0.05984132
115301,0.37261277
100985,0.052486688
103140,0.448168
119049,0.09206343
135193,0.050987832
132999,0.60670024
112288,0.251714
24443,0.11378193
55391,0.5656162
21963,0.17825244
120906,0.09553103
21943,0.16597193
75209,0.04645128
118631,0.14305449
85219,0.05807759
39713,0.8963457
897,0.1938888
80077,0.08105906
59395,0.9403908
66744,0.57677644
54277,0.5819538
6895,0.27743283
34973,0.5763969
24475,0.8940932
139549,0.19244948
73946,0.108452976
19583,0.04115988
69901,0.20217027
148492,0.13907933
74385,0.102815844
110996,0.14045477
28715,0.8836919
144298,0.592288
25047,0.087644905
8360,0.45973212
73718,0.06569933
14256,0.6828899
99363,0.55751985
147386,0.16920504
37705,0.5934069
70508,0.14935675
9866,0.3374946
124180,0.76411396
63261,0.12354249
56890,0.0956909
134368,0.94057906
149744,0.48988885
128209,0.3435463
70391,0.057383876
39447,0.07198394
47405,0.43548498
91619,0.17131065
77675,0.46986005
10215,0.41560137
75374,0.95192546
78808,0.13989441
52641,0.85697126
38275,0.35229018
59333,0.18875128
71294,0.5046696
121279,0.12835304
35553,0.45741916
22537,0.4623169
96229,0.10054322
16649,0.32431743
19,0.23223138
76447,0.30594864
49469,0.69945097
1865,0.49676922
10395,0.15419558
110639,0.07838659
47451,0.14446858
89347,0.191021
127848,0.2583473
86785,0.092328966
70338,0.10401616
115183,0.40574542
122129,0.7906559
113280,0.14056279
101655,0.24874118
130831,0.43321496
49882,0.44805723
111193,0.7745089
108838,0.16643973
40651,0.31188193
2170,0.8526424
81781,0.24217892
40829,0.25823352
134159,0.27875516
55003,0.09491971
17697,0.5000488
36839,0.3346722
94234,0.6298469
145110,0.3274357
108275,0.875889
116888,0.19691408
45310,0.06017396
19960,0.88107884
40948,0.293207
149266,0.083878055
131609,0.6790477
128752,0.15292098
26041,0.6400208
74313,0.051401515
79077,0.14132826
129029,0.11612585
62422,0.13897307
77502,0.08021256
97077,0.5029607
75220,0.7312189
121737,0.3681812
146953,0.089439414
8572,0.23170085
132308,0.09627342
90444,0.18550725
148790,0.90576905
148881,0.11032675
125481,0.115081236
96276,0.5372266
148308,0.06421297
61858,0.7233491
21242,0.12208945
123373,0.11010117
141597,0.2798746
28199,0.087771975
97653,0.23401478
95675,0.15440492
43683,0.04311145
67099,0.18756513
84275,0.05308351
107246,0.4285435
13487,0.08205931
120853,0.124432884
12422,0.11808427
45856,0.29021335
22629,0.5565158
131594,0.61041445
24895,0.22074929
3564,0.19127493
18299,0.38098764
109386,0.75432605
44071,0.07467472
104453,0.19577508
64654,0.12933384
123947,0.08829148
45216,0.490554
12058,0.03177439
45024,0.5240813
118649,0.9584273
83717,0.5099787
105511,0.41263372
62306,0.65265787
16098,0.53617966
20808,0.27755034
114020,0.04495031
12052,0.11179221
93455,0.15120952
891,0.6252592
130543,0.40738398
77138,0.4946393
129643,0.09992348
3770,0.112534866
71706,0.7389504
80185,0.12314655
118927,0.15381591
149637,0.47047612
92388,0.17493859
28229,0.0769312
127014,0.14157927
136388,0.7857061
57984,0.29642668
65089,0.9314098
78100,0.29679865
23882,0.14000836
65460,0.4930113
69735,0.9258576
118043,0.13677846
126622,0.056764808
115545,0.2404795
31070,0.3016671
36012,0.11357952
13421,0.15400423
76655,0.1222277
15495,0.107861035
23906,0.35648847
129391,0.18784018
88224,0.3577536
12073,0.5469868
41313,0.37689057
139420,0.57127595
79242,0.15596269
107981,0.4931208
148065,0.41356587
74112,0.49689522
99821,0.120226555
56105,0.2693629
35917,0.2718393
142732,0.13976227
103777,0.34757757
114951,0.17353365
112778,0.17226936
49712,0.08576609
90258,0.8962326
9361,0.3103325
128131,0.09974693
80942,0.14381906
105831,0.13977124
126195,0.36862716
15160,0.1651709
24502,0.90056676
23850,0.3230715
37643,0.17281818
44591,0.12131221
91860,0.06330555
67262,0.07560605
45296,0.6402687
125639,0.46320176
124490,0.07460957
32340,0.2186803
118390,0.5376771
146866,0.06936015
16128,0.10234743
15257,0.44474483
135701,0.71050143
89148,0.3463921
67085,0.52214503
122940,0.43927172
111738,0.08096931
104302,0.25419587
20000,0.19804238
94722,0.16323592
2418,0.22373559
119226,0.25273025
139,0.08853948
132437,0.46082205
108455,0.48358434
27608,0.960141
58740,0.22468852
138055,0.13133512
123353,0.48841995
63677,0.3846506
46171,0.33165494
23198,0.29465654
59292,0.5369863
119128,0.07227004
16684,0.21230292
27284,0.32879508
64330,0.051509794
20015,0.8782312
76211,0.06364758
21914,0.56946975
105347,0.2625028
112839,0.80140936
50317,0.55093545
65199,0.18065962
9178,0.09761304
27134,0.16290174
23691,0.070953205
141265,0.33344314
103070,0.17908733
44582,0.5272258
70645,0.112540275
94109,0.78618896
143092,0.206331
12820,0.58973265
12270,0.07982627
22934,0.20085162
3972,0.14786617
67741,0.86003387
6214,0.6689129
95636,0.20362103
74193,0.1095733
7738,0.42750254
18880,0.45970446
59763,0.22017783
39560,0.3098896
28019,0.35938844
146905,0.07404143
130174,0.16385566
99183,0.15370657
86043,0.13100608
59572,0.10200006
34867,0.18501024
119163,0.41164044
95854,0.25658318
44601,0.0730382
42815,0.2116892
74153,0.43399322
21311,0.10666178
21661,0.48349202
120807,0.8278301
12164,0.43859488
106698,0.5434723
11579,0.5191862
113011,0.3606696
138113,0.22293806
76846,0.1880538
146598,0.14008617
95667,0.372172
53685,0.083969355
103376,0.21265502
94898,0.8693648
76460,0.07990943
93943,0.13706006
146629,0.8248504
50013,0.13435116
102526,0.6571845
60250,0.08814293
105585,0.4326355
16699,0.6472807
36947,0.113387465
21999,0.22430393
22589,0.07676783
146178,0.09137811
139331,0.050070036
55778,0.07314021
67116,0.09371572
60883,0.9042036
93246,0.08228887
17414,0.17182946
147476,0.14467967
11046,0.059040364
26691,0.14696035
22883,0.12848867
81809,0.097862
117942,0.74244857
118539,0.2760653
54444,0.29069942
138442,0.070570104
27566,0.270939
141210,0.14920095
58360,0.20417888
74741,0.41782904
126694,0.19494411
132880,0.25333077
89817,0.12360845
52240,0.2932595
31266,0.2746408
57808,0.52100664
137436,0.12907538
50117,0.09501943
125035,0.29305473
147115,0.38333917
141591,0.066302665
60302,0.091183975
45404,0.37093508
61593,0.6834835
128662,0.1666549
102277,0.41056314
50746,0.8753786
123333,0.08673766
110555,0.14524686
129815,0.6219568
124421,0.15836935
8098,0.12722225
79991,0.10010804
7054,0.060923964
148993,0.528956
65075,0.5552767
24623,0.30106923
8513,0.6336668
109422,0.095567554
31811,0.07749503
45946,0.39944634
5405,0.08974253
147610,0.18551578
125970,0.09910649
149478,0.16978884
4405,0.14283372
67505,0.23057546
107768,0.14385049
42073,0.06967763
27457,0.31768122
20483,0.23051406
85216,0.21155211
15733,0.2528501
11070,0.14249697
17847,0.112916194
99804,0.15967096
135470,0.18654004
81773,0.31801906
135767,0.1434809
57876,0.1019069
92909,0.15980749
53161,0.10736443
21087,0.16209492
131841,0.08940001
129949,0.11491068
43446,0.1563861
70128,0.41211742
86985,0.5462702
98282,0.17021711
39635,0.07690307
87507,0.08547899
114015,0.43255052
54740,0.4450035
47556,0.3730717
86063,0.10128621
147414,0.0848778
13674,0.07788545
84751,0.30457574
45802,0.31306502
70416,0.13988592
119110,0.37842062
112462,0.71509355
29221,0.79081064
10180,0.101442024
144924,0.22714917
71170,0.70134145
31827,0.114363246
36654,0.12027062
78649,0.30240908
101141,0.7162137
61311,0.09447954
112056,0.07093789
104024,0.109768175
103566,0.16341333
35410,0.13790686
101632,0.8422534
38898,0.19498226
116163,0.31533283
14389,0.5033466
17309,0.06684779
42110,0.46974245
32718,0.05504667
36751,0.12749599
46201,0.14284565
65123,0.7568493
6941,0.060771894
103116,0.8497807
105634,0.10518518
88613,0.11199249
103690,0.8169658
103802,0.23986976
57263,0.07263685
92168,0.22332431
83903,0.11320524
136226,0.18369411
39634,0.12870154
19340,0.06183947
10939,0.32240173
149361,0.81997406
4682,0.7309681
102942,0.35495827
21287,0.78701067
29355,0.2989979
109179,0.3685417
10793,0.12164219
2616,0.09434908
78765,0.33965796
18530,0.47197235
9598,0.20655605
28484,0.08328175
30914,0.05987497
119414,0.95871055
95267,0.27667555
17242,0.14299737
82195,0.11400633
123521,0.6755293
108133,0.36422208
121689,0.04747806
109131,0.29353538
131533,0.69898516
108210,0.14741941
60752,0.29320687
61839,0.45731238
8662,0.09171161
2969,0.22152692
104414,0.9242929
22881,0.16784064
135739,0.7059847
106143,0.13003737
62046,0.22028385
129999,0.070168674
50657,0.12888405
63819,0.31709468
88370,0.04034317
145819,0.71353984
100395,0.8006936
38645,0.91525614
82551,0.33117142
97345,0.0808329
30762,0.12143146
61299,0.8018866
73959,0.76963025
147155,0.069194406
74701,0.19280306
82480,0.13470522
87058,0.2938801
85958,0.5029696
148671,0.10392893
118427,0.6553542
117313,0.9507796
76704,0.7097111
101396,0.13976121
29970,0.343693
121720,0.17974451
104678,0.45439047
12937,0.6470578
32683,0.15653642
136888,0.6169866
147077,0.12466202
8,0.4964711
63580,0.4872864
95623,0.18955088
34930,0.1759245
108538,0.65149105
125334,0.37387714
6538,0.50141156
86549,0.15532689
12522,0.1211717
44739,0.12777269
48202,0.36030492
18949,0.13023292
20774,0.16510251
109651,0.37931728
124594,0.060072247
57381,0.5627814
33077,0.7004926
4963,0.055801593
65369,0.91387516
15301,0.15565372
106869,0.6458966
4362,0.10797491
135510,0.76227486
120061,0.15603137
56090,0.28776976
32084,0.07322364
148667,0.5193501
82881,0.07771554
147783,0.84167826
98413,0.13516396
146900,0.56560296
54381,0.8751792
23564,0.42912552
14732,0.11867326
62134,0.8727516
38890,0.23812139
17265,0.14756274
68416,0.051281232
79756,0.07550742
60772,0.07528669
37811,0.4727506
61684,0.32573092
51381,0.64667445
39981,0.14016479
137920,0.48411393
32891,0.6869414
119244,0.24789055
44208,0.13555674
51251,0.2045677
49813,0.46718824
16665,0.5455337
71204,0.71829915
105023,0.17786796
108293,0.07317918
149946,0.22457968
5953,0.13488455
136910,0.4805584
53036,0.29215032
2246,0.281012
17151,0.8722547
83404,0.8859688
72209,0.15487042
114768,0.08217346
44870,0.095520705
36044,0.9258533
13033,0.8288273
92123,0.22623521
51296,0.07791619
53204,0.1225299
15904,0.16985987
46469,0.07555286
99343,0.3118215
84355,0.45379847
24483,0.32575512
139861,0.26645377
14919,0.080059
121574,0.67519444
109013,0.1035512
70887,0.5696974
112665,0.047881003
126027,0.7615039
45997,0.1400916
76839,0.41006353
116016,0.19111066
145273,0.65716183
24956,0.33912745
145078,0.1527526
33633,0.27818045
80233,0.17839748
61088,0.15903142
146096,0.31974974
7725,0.20583004
124451,0.63253844
121912,0.19366355
36586,0.18927927
72752,0.20128039
79988,0.1277205
110766,0.15807498
99683,0.11498416
10913,0.24692322
111548,0.11466175
40078,0.18004361
25951,0.07797103
103565,0.108041406
57818,0.8615897
8384,0.1710207
127065,0.27314022
68085,0.13837087
35558,0.23214357
39023,0.22687638
66303,0.34134436
137817,0.11818667
124148,0.6226085
27174,0.78998536
75600,0.26551318
86943,0.13496502
107899,0.3471186
64566,0.21512538
98667,0.30304816
114986,0.21773368
44437,0.23029739
124018,0.17912865
146617,0.40291113
143121,0.8495151
2503,0.1176957
59486,0.5441307
90827,0.21500933
92386,0.23717274
79819,0.30040762
83477,0.685749
112280,0.059546996
60429,0.13742729
51581,0.039149523
68636,0.57313687
162,0.105700895
68802,0.063945025
9766,0.10275502
84485,0.90703243
50249,0.8455703
142258,0.11858528
29844,0.1268155
92640,0.29447904
101198,0.11826326
28837,0.45062393
12297,0.68934256
122890,0.502827
12935,0.6662231
19834,0.2530356
136871,0.3217244
144616,0.056488607
95228,0.16018112
38110,0.43074948
65578,0.95315343
18531,0.14126822
113921,0.91511965
16054,0.49528474
67836,0.2214338
20885,0.05638136
54204,0.14835034
4871,0.51556665
10988,0.2544636
36162,0.71208984
17336,0.3003125
59614,0.13738567
92975,0.082081474
143152,0.092946626
97626,0.19563274
50501,0.10924796
99480,0.464745
107592,0.61851335
5709,0.09918809
86260,0.32388404
74105,0.09215783
50391,0.13169746
111298,0.064606324
76069,0.10084522
5316,0.877805
714,0.12806776
56405,0.9433953
9056,0.2378426
56554,0.08182034
140573,0.65329826
7507,0.31940296
37999,0.9809502
135745,0.115456685
58483,0.12608589
123376,0.3587735
21209,0.24002571
64442,0.16451086
133118,0.55090004
48387,0.19017057
81900,0.5850274
49408,0.1400298
146294,0.15705961
47522,0.5849435
52146,0.5088122
105704,0.20693615
51239,0.098109104
144949,0.5690644
55043,0.8539301
46407,0.62383634
45102,0.16893981
69717,0.07021089
24171,0.50775266
48343,0.7528772
110373,0.16430123
58557,0.12204256
105706,0.20173065
33938,0.63499445
2345,0.21533072
17408,0.13467896
107177,0.09095292
4178,0.06653908
101393,0.117610484
136468,0.29675302
121845,0.23178083
131608,0.08469952
140763,0.10523593
16608,0.5742482
69707,0.22329079
4937,0.071426794
43923,0.2022504
124297,0.49634877
111613,0.14543644
43809,0.30311266
87088,0.20519444
59726,0.77355385
54352,0.53134465
148524,0.2267965
40025,0.120166145
77332,0.06280185
105653,0.21428767
60618,0.07224198
138922,0.08409876
4423,0.32945693
107214,0.112078
92955,0.3669678
114298,0.39097857
142905,0.18111542
60143,0.23985615
28307,0.13449831
146699,0.16479877
68823,0.95982075
18249,0.6832053
110751,0.57171476
106085,0.145141
24947,0.21380246
36540,0.14306903
74714,0.090993494
102787,0.6770391
115308,0.6032205
148593,0.35691777
143639,0.37976316
76924,0.07211289
78155,0.27388778
31955,0.57752615
48873,0.8254933
34371,0.16618934
51784,0.08831818
99206,0.590853
70100,0.14828983
54792,0.33393258
112246,0.070729434
43634,0.025316512
77656,0.04861261
54832,0.36283052
93146,0.22760107
149297,0.7120738
104997,0.06909319
99346,0.0790267
109944,0.14254497
141655,0.10419712
124960,0.91109395
19712,0.17740664
9222,0.45721924
123711,0.4175272
22965,0.7034105
124542,0.68131447
114384,0.16372812
2109,0.6474697
146945,0.49332276
92660,0.2413204
68873,0.47737107
28216,0.4565447
112095,0.3994459
115188,0.3365292
142451,0.35835305
88978,0.11482445
64830,0.059978485
71645,0.8536624
96204,0.7955669
72580,0.838262
80003,0.23310778
134029,0.6424045
39056,0.59611166
43158,0.09903312
43747,0.1603539
72455,0.059935994
37157,0.106207505
13905,0.7729622
102877,0.35541147
62214,0.040352162
112861,0.07762762
15831,0.5701963
127943,0.26996732
136073,0.0941591
122042,0.13766618
14886,0.18777473
71982,0.40797615
118597,0.673952
2274,0.114915155
139695,0.14636345
50125,0.07226645
54087,0.14882031
13451,0.64883226
139983,0.061905593
74066,0.21179757
64123,0.12488829
129947,0.44532153
82699,0.53326595
137059,0.16832724
89564,0.4852055
98855,0.1560463
72196,0.14917381
132864,0.57924086
149210,0.10999472
43423,0.08517238
145903,0.86056536
115171,0.09185659
50350,0.06521181
111616,0.171513
43217,0.16538034
5904,0.3071876
83349,0.5831502
45555,0.49233815
49449,0.25169888
117852,0.8200128
4538,0.4452762
114091,0.11839364
124437,0.13007809
5212,0.43913215
145763,0.12466662
82521,0.16640319
39777,0.0981197
36021,0.68703705
46809,0.11952412
49004,0.8577206
133141,0.21945037
137170,0.6672321
123280,0.5987071
39942,0.43272305
29162,0.08147016
58825,0.55233103
60200,0.9476125
121884,0.5418555
81556,0.22469892
109526,0.3093239
58319,0.10051049
35132,0.071680024
19211,0.39599562
45640,0.13620497
78748,0.22704682
101343,0.33846578
137545,0.5978362
12225,0.33262247
26282,0.118394546
114787,0.07684018
73834,0.06001192
44618,0.16318488
78827,0.07493022
43067,0.31554008
55272,0.3370463
40225,0.8391382
123332,0.8777582
85899,0.32116026
113146,0.9646104
51957,0.25054502
57685,0.7068734
85241,0.17648374
59128,0.19114529
45631,0.22658128
86178,0.1400831
81593,0.119325995
61034,0.254451
9590,0.12735449
10314,0.8828718
78676,0.074701324
111908,0.080265544
28309,0.09887134
122028,0.4496567
96687,0.52014434
42925,0.1693468
37519,0.052545957
87890,0.94754446
62703,0.48946798
142828,0.12038912
61524,0.0639685
111914,0.123035535
101795,0.17756513
136399,0.06829562
59341,0.17143486
139068,0.10721921
126201,0.1850986
122217,0.08872188
74296,0.07736915
136620,0.124238625
74364,0.57213336
86233,0.78900737
132515,0.38928458
124316,0.81315863
3674,0.4315448
70365,0.087452166
33166,0.82059234
17590,0.29580408
47600,0.34019354
121051,0.39465216
121129,0.17049837
72966,0.06968895
106674,0.68048966
121307,0.1022265
123870,0.637426
6149,0.271546
50498,0.19572526
3968,0.0752846
120510,0.23859683
93910,0.29957688
89813,0.7490402
105594,0.12452305
53548,0.08080725
115475,0.41246194
25627,0.06942088
48307,0.1272691
119656,0.04378305
131957,0.5751909
13058,0.0878635
25259,0.20665541
128720,0.110455714
88345,0.18190743
137197,0.08708769
127004,0.5082793
71688,0.0968833
149931,0.14418145
127686,0.9557571
11917,0.48942193
43205,0.122984625
81017,0.9029148
2649,0.090371
112520,0.07213891
111578,0.36007488
68333,0.48384085
36223,0.12386953
99070,0.41191983
14939,0.05515336
121775,0.04977422
99921,0.14281872
127837,0.15467626
91222,0.20769851
117285,0.55149144
83690,0.13747461
28127,0.18059327
16355,0.08579397
31924,0.28910807
100216,0.09869059
12222,0.1124929
30207,0.5219823
75320,0.07908389
49065,0.09522304
74934,0.26199493
98753,0.13278417
34634,0.24892095
94031,0.59112346
26931,0.42449033
15976,0.39716825
14417,0.5604931
89367,0.77660376
26595,0.10465681
26792,0.06813447
139913,0.6007129
58275,0.80817574
134279,0.14284438
69436,0.09966077
103593,0.1988659
149216,0.13096435
65261,0.90605366
105019,0.1615646
21336,0.53848445
93523,0.13302858
102841,0.11228604
41654,0.15939513
54012,0.08729061
148879,0.10435227
115796,0.111235626
40212,0.13496625
79665,0.8570727
131464,0.24238893
72959,0.48308012
5077,0.108781084
148146,0.10073651
98078,0.20006521
60422,0.52855694
133444,0.45313552
77193,0.50467604
144706,0.46952116
19300,0.80633706
23101,0.19717278
147062,0.15769829
139254,0.4140988
32516,0.2922779
109507,0.14739265
40519,0.20498657
38461,0.2736059
48209,0.23889285
33236,0.06781231
11044,0.109117575
2758,0.14985518
149253,0.078447394
103347,0.074166626
117477,0.07440469
116013,0.96482754
126554,0.3780345
7521,0.9622331
137846,0.1343363
63008,0.43181854
31580,0.66315836
113057,0.26970252
104568,0.27024633
137579,0.8951301
20901,0.62748057
138349,0.22408712
87914,0.19900244
80182,0.34760517
26926,0.12263559
3849,0.32016772
141044,0.24202378
67401,0.20751531
94734,0.15357752
138864,0.123692036
78378,0.12856801
80660,0.14538147
22255,0.16416173
122243,0.1992615
93116,0.28802034
117581,0.613289
89530,0.2085071
41226,0.9553169
24992,0.083837025
43060,0.47895437
105543,0.78973687
19822,0.30438167
125921,0.27205858
46396,0.07342194
47381,0.13648
76499,0.16040209
54008,0.087345675
68441,0.27001765
34699,0.69122076
129404,0.283338
9585,0.7575161
107385,0.24033427
93723,0.30599064
38361,0.18171024
65345,0.11077142
93992,0.49735287
109521,0.11518704
45218,0.3599777
26369,0.1318112
65112,0.4085968
65426,0.47678745
133797,0.4867522
43676,0.13747573
111088,0.06654869
5074,0.94897515
88539,0.08808554
111093,0.17004739
114774,0.073246196
146038,0.118198365
88243,0.6757594
89163,0.086711295
105745,0.3412545
82429,0.7221421
52395,0.6537533
53144,0.5802938
105563,0.068421856
88656,0.10135204
149350,0.10774389
94094,0.25311667
19315,0.7558175
82509,0.5383597
132494,0.6987572
75724,0.049913052
38138,0.21263658
85866,0.1385854
146990,0.14790498
97486,0.08515496
72637,0.4111801
43726,0.46480623
14369,0.08065556
75129,0.25628498
29193,0.0988522
105245,0.5949491
91615,0.6806354
62853,0.92057467
126682,0.08434303
31969,0.3574392
35315,0.63467157
98912,0.6248971
77190,0.6498011
41199,0.9043126
3580,0.27777612
66077,0.25234598
8861,0.22011359
43584,0.91104656
36865,0.84099084
23376,0.42039108
124538,0.2699193
398,0.43079486
23482,0.12591316
40782,0.14813513
111572,0.13106999
56898,0.133314
102125,0.72178715
41364,0.54352224
101448,0.092127
2413,0.48465452
144580,0.10431083
72975,0.67067
32472,0.1444939
147380,0.22252664
79650,0.43801585
72924,0.3622892
27035,0.078310676
50999,0.13665196
11257,0.48057255
6247,0.188752
103077,0.61845356
134680,0.25580868
13341,0.21175815
114478,0.13429989
89664,0.6910018
102823,0.07347643
142973,0.0952607
1552,0.26098022
41605,0.1185383
33513,0.9687913
82585,0.15177545
29447,0.6417546
79408,0.18716879
4602,0.22057532
79604,0.97090125
96897,0.1543209
94044,0.833202
139324,0.08548325
141273,0.17215891
35351,0.114841886
148803,0.9119345
77377,0.21079259
125225,0.859329
31362,0.50104576
70893,0.15624431
131365,0.1933667
132139,0.95682615
75756,0.11605953
58336,0.42537993
136421,0.24557678
138536,0.62578154
141362,0.1036676
92099,0.20504172
84749,0.44599062
82214,0.36726108
87451,0.0877994
60893,0.22560224
132625,0.63274837
90093,0.09317035
34871,0.53381586
3450,0.20139942
99982,0.118037075
22575,0.07209372
57626,0.32966974
40409,0.067545176
131603,0.11517166
57604,0.62801194
77253,0.75280327
58801,0.591942
14601,0.11651637
28888,0.3162258
3690,0.26922837
115669,0.05394193
974,0.24502805
89475,0.5873513
143647,0.46876946
114383,0.12948827
109596,0.5418701
20860,0.20492351
147509,0.16701064
108742,0.18976924
22710,0.59318674
103628,0.54690087
44795,0.16071214
112380,0.12592378
58195,0.8956022
19098,0.10342222
100500,0.16506046
125485,0.5353147
430,0.06679517
13101,0.70702463
73906,0.56664914
7849,0.110483885
32786,0.07089757
30523,0.11134261
33790,0.04709613
133706,0.36716655
123345,0.071792066
64041,0.3391871
26821,0.13966545
90106,0.71805084
12674,0.20545398
120063,0.102692485
126886,0.6363423
116234,0.42441654
35321,0.19412872
36293,0.09191419
69054,0.14226212
39481,0.3288962
62190,0.13887808
19025,0.3287876
72720,0.945565
76651,0.60040075
29960,0.1470243
32642,0.16316476
98698,0.25799894
144037,0.8775056
128978,0.8719282
105262,0.35973272
117898,0.5509748
118166,0.6323638
15577,0.1168517
5688,0.45269135
38013,0.06537795
27997,0.8673062
50762,0.22692908
78130,0.75603735
13092,0.41695893
148525,0.5222653
71278,0.7349751
76117,0.064782925
70573,0.11736017
75651,0.21517253
54082,0.71509576
34696,0.07736714
72531,0.18505359
138195,0.45986524
41542,0.08858783
92587,0.1431983
29154,0.30477643
54703,0.40264493
3025,0.41677815
62939,0.17117342
34687,0.2273233
81273,0.4123981
21564,0.08866117
138035,0.1350087
125048,0.106565
129680,0.1898855
3755,0.15788831
115418,0.2505908
80802,0.17192866
6085,0.28440046
146773,0.1674921
68050,0.24727726
45177,0.2687304
734,0.3433927
39243,0.459929
143825,0.94502616
56203,0.16217452
5298,0.85450244
13790,0.5409352
68320,0.49144158
130124,0.2899961
77278,0.5278624
68277,0.07909879
116050,0.21042277
28755,0.5571461
47260,0.8024755
143432,0.17548218
46804,0.15363419
45493,0.68049186
16963,0.33310086
21621,0.3336417
47110,0.20199567
129876,0.08541849
41814,0.59218264
56113,0.29277974
145828,0.09597856
136501,0.12787072
33968,0.6987733
16991,0.12176821
25861,0.90327954
86412,0.47400677
105571,0.3307146
145537,0.09601967
48770,0.5769413
85179,0.04303182
106359,0.07569902
108377,0.06253784
132114,0.12942335
126111,0.41388214
99136,0.13701732
112835,0.40460393
71368,0.068305045
9067,0.6422257
110864,0.063596465
81009,0.11764217
98462,0.77858233
52080,0.200669
23241,0.4944916
9006,0.5095124
122664,0.9662534
61896,0.24274565
79577,0.108952574
113324,0.070780456
90794,0.63554007
42508,0.9320111
136819,0.9671514
10931,0.5332827
134257,0.15993501
53993,0.15295793
139091,0.7346677
47068,0.16160055
26014,0.14268814
57580,0.06640041
47189,0.4601078
90550,0.4331485
10094,0.6252041
70379,0.08294513
5268,0.606494
129428,0.41795647
107995,0.50328314
19639,0.25082126
70813,0.09745625
120572,0.9082708
31621,0.07461734
58297,0.08363877
142338,0.78199625
118823,0.15749463
77668,0.05687831
27596,0.1156319
143151,0.93620044
29944,0.13258947
53851,0.94033754
112027,0.3266373
130270,0.11078614
6128,0.23253652
43936,0.13531685
35048,0.06237097
109,0.47457066
42504,0.21883906
4945,0.1248564
75580,0.5947853
101394,0.082250744
99307,0.12040455
144758,0.12029059
60878,0.61184
72475,0.5756108
105631,0.110897385
7064,0.16273996
125977,0.24275695
1068,0.08190837
99338,0.13978909
5634,0.10566547
140211,0.5807862
94096,0.66731125
108965,0.31272843
634,0.19183192
7023,0.86695695
90234,0.14442874
60015,0.86544824
72180,0.59999764
122337,0.200122
79311,0.15018111
81319,0.07486129
135575,0.39028493
60639,0.7710977
141489,0.11870899
77211,0.362288
60024,0.13298878
135887,0.57036483
85022,0.10146254
56670,0.08576058
142221,0.3906566
83989,0.09884826
20789,0.48116735
132438,0.26453993
22391,0.16064692
11037,0.05490259
86107,0.28458536
66233,0.20328447
119458,0.12519129
81866,0.13943534
147532,0.91956455
145724,0.1478531
107456,0.10676501
114918,0.22689666
41668,0.07706976
98902,0.45949003
77404,0.25993565
106689,0.76397324
130154,0.19869159
26101,0.33110735
45483,0.27474478
50544,0.09888712
27446,0.2800956
75025,0.26832873
8719,0.07754973
128425,0.26665848
29120,0.1216305
109156,0.92227465
85922,0.0543032
32728,0.14463907
146675,0.39909318
74467,0.49037018
142448,0.34174132
79508,0.44355023
104624,0.38622373
33390,0.25983292
93578,0.13221659
119004,0.30572277
40722,0.13111976
124708,0.078658774
48121,0.122786336
52182,0.17780432
45344,0.6068491
142994,0.47595236
13133,0.10425119
111584,0.10782922
1908,0.18851669
73202,0.26393723
127500,0.20803049
54895,0.5271349
98664,0.09670375
116191,0.21449807
146862,0.18442494
60141,0.09765817
105359,0.24882838
12409,0.11603154
111170,0.18727745
95155,0.43929595
104950,0.31761476
29818,0.10805136
36647,0.08809298
60777,0.20263979
97696,0.13415132
10633,0.117763676
40022,0.29946357
126517,0.1565425
139575,0.12651101
32194,0.10797491
35503,0.4111808
4117,0.06034962
138888,0.042056605
132043,0.56366307
6033,0.074606426
86919,0.5118489
67822,0.20446718
35930,0.62997735
82149,0.1326911
62907,0.9315949
98281,0.11314668
125124,0.21640019
84078,0.7140424
129324,0.07287176
81757,0.049272828
52180,0.091384344
69848,0.17935283
97018,0.06697862
121050,0.87719005
90130,0.35053775
10959,0.059704755
135059,0.12493292
125037,0.53077596
78885,0.51942986
9295,0.8079121
64631,0.27086738
7162,0.15927179
77011,0.0937603
28397,0.06368176
100746,0.22761597
116632,0.34026802
68545,0.31896666
27179,0.27627575
81930,0.61635166
51803,0.13564108
14482,0.57119167
52717,0.16055757
31594,0.5553263
137477,0.3297919
105994,0.28278762
64275,0.082891755
82910,0.7157757
107243,0.8124746
132570,0.096323006
3342,0.16235253
19565,0.71715456
124334,0.24004872
104048,0.10099829
6267,0.3486364
90276,0.033463832
28414,0.21132419
3631,0.85960203
141339,0.3937506
118675,0.04472892
104385,0.10429339
56875,0.70369685
14607,0.2264868
69906,0.2550246
25104,0.86868536
48939,0.23780563
33815,0.8468224
61140,0.121852756
78283,0.23453364
114772,0.07989433
623,0.6667753
127625,0.063028865
22674,0.29921806
11050,0.15496634
101664,0.24375387
19292,0.5469052
5549,0.64364123
41835,0.42228225
99816,0.06349149
149973,0.12460931
83534,0.109736234
44814,0.38825956
125934,0.08247287
57379,0.74438757
60992,0.6397829
73242,0.12042384
66212,0.069345
138861,0.13279638
55390,0.50821775
98811,0.09059571
127957,0.18943511
6499,0.059703212
109851,0.7743291
62161,0.06476474
54723,0.16755798
127802,0.10455899
27325,0.7516615
3803,0.22437501
39281,0.0945226
65789,0.08858749
132259,0.6173152
112718,0.14858902
127342,0.8874
106781,0.6064837
103784,0.15025946
110140,0.06459811
40532,0.16580385
93262,0.3820095
123754,0.13714479
16892,0.45436773
61011,0.6461449
17722,0.11374556
114492,0.2470197
101661,0.0901758
1066,0.5600181
15381,0.270663
91617,0.2121974
71611,0.064310886
118711,0.06639963
8529,0.31243885
68539,0.08503217
83254,0.23909876
9408,0.31738338
66990,0.4606827
16584,0.06749475
68534,0.1838495
124635,0.26449928
36566,0.17030269
108771,0.17516243
126363,0.47231537
74346,0.35929278
51242,0.121893056
129826,0.15146655
44078,0.16482289
102636,0.48456523
135068,0.4445002
90912,0.21387005
16830,0.16867475
115089,0.22403182
89944,0.9714273
148478,0.9212772
139179,0.04677433
97962,0.50429326
28667,0.079815574
4163,0.3825873
100652,0.3117207
67530,0.269088
59347,0.21893969
69016,0.093582
36783,0.11305916
70183,0.06247744
109258,0.36341366
22652,0.07260447
70354,0.28831077
93930,0.14564009
81041,0.5885328
114923,0.4519063
7209,0.10444336
23208,0.11801986
93933,0.035371833
51409,0.550346
8163,0.25018045
102188,0.17242016
48857,0.3465248
133158,0.23983656
132754,0.74706346
86974,0.20183541
149000,0.11213848
36319,0.087949984
109598,0.8079648
28875,0.06404036
58977,0.13097934
5921,0.09119854
38161,0.67742413
83807,0.67531174
36468,0.77449226
109135,0.11859187
86399,0.10364012
141486,0.6928212
144744,0.87860125
107913,0.17208065
120288,0.6206034
75326,0.22830413
108091,0.2331909
48337,0.70501626
31835,0.3720684
87602,0.23751597
100399,0.40709344
93222,0.48622972
42582,0.09759399
6215,0.08773459
103163,0.07141474
87486,0.12225342
12773,0.631613
969,0.6405233
1536,0.7311674
51288,0.078662425
31927,0.5629504
51607,0.18794751
47340,0.14650318
21417,0.79419893
104225,0.7502636
129859,0.1716742
87298,0.11497092
84250,0.19419196
75106,0.50517
104121,0.781929
2244,0.21315818
88520,0.39692056
149439,0.5449529
36465,0.42415816
73681,0.21688947
120754,0.32445192
101598,0.08701813
141538,0.042964805
91881,0.58770126
135281,0.08146296
88757,0.1830631
81612,0.18553141
88262,0.5316742
14374,0.33721355
55937,0.944429
39646,0.20208913
60166,0.18835571
125428,0.12535167
78211,0.31663626
57259,0.22810748
42670,0.07181903
108267,0.779921
38427,0.10172214
113717,0.8500898
60932,0.19145457
75303,0.4640756
119519,0.21598312
131391,0.9078956
148388,0.16599812
110735,0.80715775
125903,0.15049477
41737,0.095752016
147998,0.25205874
149286,0.53490055
87026,0.65452456
97299,0.31058112
7117,0.24095255
112641,0.09642999
13032,0.2937493
124549,0.14364801
69673,0.3321182
3432,0.2811687
13226,0.720653
26211,0.6672042
48572,0.68768865
64065,0.20615037
62379,0.5199852
9592,0.20778011
134255,0.14366928
44816,0.68448424
19242,0.12958215
74163,0.12713662
133748,0.17711595
83966,0.6658298
8829,0.21580113
45999,0.33142745
132858,0.46058163
47503,0.067501225
11281,0.7046868
135407,0.20787562
144764,0.7152016
37044,0.48485175
27631,0.22185187
49235,0.66960007
54692,0.1962146
138673,0.13660198
146497,0.63908345
146811,0.12250215
82612,0.4067173
118154,0.4059091
64197,0.10319932
7858,0.10074838
117677,0.10771723
73016,0.055716675
111251,0.09852064
74956,0.10478952
56193,0.72700566
111398,0.0927299
123800,0.13792887
51145,0.16826053
19163,0.094384976
127661,0.14687806
103645,0.123543575
113252,0.09143321
142901,0.094857164
135136,0.31936586
1324,0.14549737
21848,0.072904706
647,0.28696302
23907,0.678812
69989,0.7107553
113207,0.1286656
116331,0.6359938
22717,0.09998037
18051,0.8233475
95002,0.10970992
60285,0.08833014
42389,0.49557558
85444,0.20412639
74282,0.071908794
106666,0.14388056
143767,0.0756728
94907,0.55828977
97683,0.26206782
84210,0.07518972
20628,0.23998828
128160,0.9406322
69415,0.14564104
101311,0.16055071
54194,0.10832505
42816,0.13664058
79320,0.8357825
40047,0.4402822
28515,0.16404735
1146,0.53988266
76207,0.16958843
17246,0.10122374
96724,0.34115893
49216,0.14760123
116080,0.54990077
80313,0.22471367
119108,0.94689167
124627,0.066380724
93406,0.3743041
110767,0.10353548
60040,0.2798946
117154,0.63656914
37019,0.11776779
90623,0.7084787
114942,0.09531616
65406,0.40358996
14985,0.14354932
679,0.27298942
27880,0.46337467
38551,0.2553889
44109,0.37134644
119240,0.36995575
96791,0.93827593
127225,0.13242024
20156,0.62258404
17729,0.12240229
6479,0.35425416
46104,0.8855553
35053,0.25594774
68476,0.063351244
56355,0.15259594
78147,0.7063667
114662,0.088561594
9889,0.23605853
141952,0.96579427
101249,0.123350695
46067,0.41056362
66200,0.11556413
130793,0.29304472
21255,0.15218413
146250,0.41525367
69370,0.04876035
13559,0.11173798
59774,0.29627103
62854,0.4549504
146987,0.22651678
123764,0.12934093
134143,0.27754244
133,0.16667253
30890,0.31996784
85042,0.16026005
114212,0.47419408
32630,0.53801334
130293,0.18516192
104047,0.53636134
139306,0.32945666
97581,0.23577711
34832,0.107766345
3107,0.08564045
144647,0.06514217
131106,0.10502468
40835,0.6431358
118652,0.65319455
129757,0.2602999
108242,0.9089535
8636,0.23673622
115544,0.064318866
146709,0.24068053
43025,0.33241007
6225,0.1402794
120458,0.7542627
106589,0.59229803
118939,0.3763479
46197,0.3489646
132368,0.08489115
16016,0.4593928
135654,0.602118
89965,0.06959123
140056,0.22492576
31083,0.7992417
261,0.045872074
77239,0.098186836
108877,0.06253784
35725,0.12420559
45655,0.4680843
39729,0.6082372
94103,0.257467
145841,0.729502
65043,0.294266
142922,0.30125323
144439,0.6613237
146784,0.53584725
83907,0.31252888
1061,0.052623946
58247,0.3585833
36211,0.048855353
628,0.5343774
67016,0.050023858
63174,0.124171756
71741,0.12119467
105350,0.27745366
106192,0.46841514
129233,0.06315891
132284,0.12661996
1802,0.09361079
133157,0.4332149
110107,0.9620352
15125,0.07649786
14359,0.76424074
41766,0.48597303
138730,0.16754782
133650,0.45180678
14307,0.08075014
45936,0.81713957
11482,0.18810786
29611,0.18855834
127219,0.27184787
47196,0.56580764
117690,0.25703943
123170,0.06425448
61539,0.34728292
101753,0.33618307
94335,0.3987898
60029,0.2779912
51782,0.9139377
52683,0.8870406
6968,0.76685685
100051,0.5897046
117455,0.38567278
789,0.18245946
87548,0.47726107
36560,0.20652877
97575,0.68533486
41941,0.8922806
130152,0.13121848
121323,0.11065241
88395,0.11353939
79011,0.25717458
39746,0.46907535
46805,0.08222744
17213,0.2983093
94893,0.14313619
6518,0.4164783
61206,0.95017916
103259,0.21084288
110932,0.42432615
35414,0.11780403
653,0.19885056
149787,0.056901928
22793,0.702893
126954,0.93899274
64005,0.09910169
124985,0.063571334
800,0.34013674
117152,0.534887
90545,0.1522898
57791,0.41152096
136089,0.10324198
122464,0.12902422
146361,0.93604493
142519,0.28639096
138633,0.33474073
50031,0.07068494
146425,0.1718575
113440,0.15596879
78068,0.7421885
109488,0.8659597
88338,0.67754954
12682,0.18799326
125123,0.14823006
98623,0.322432
27531,0.07445094
12855,0.16178523
93005,0.15278694
84192,0.861199
112707,0.3391846
12588,0.7075257
110199,0.4122126
54657,0.06584129
38310,0.27501592
149485,0.09416604
137534,0.25043523
71063,0.14379647
121271,0.14205971
120905,0.033978313
96544,0.38614842
140293,0.051973965
105412,0.65830594
14187,0.060850788
53310,0.96846944
90640,0.08719625
90942,0.112993225
37337,0.10929639
34830,0.24330886
33381,0.11590975
74971,0.80673456
75924,0.078373946
143381,0.86934704
45491,0.064085804
137376,0.15702218
18008,0.17461717
66955,0.048467968
109683,0.63020897
93416,0.3121209
106235,0.5684085
130644,0.12099224
95486,0.5723569
47152,0.1309159
27434,0.25072548
90723,0.118183844
37093,0.105035596
15517,0.18721992
41862,0.0563725
63870,0.07473477
44785,0.09948557
49700,0.1274169
107392,0.9095803
94484,0.86778384
111718,0.25863534
64780,0.3666525
63222,0.20373207
141939,0.08721986
85676,0.8107867
126464,0.13341072
85099,0.15995912
13230,0.7480893
43901,0.06116424
35000,0.24787182
85032,0.6703513
108406,0.1057779
65106,0.62857336
36742,0.9561926
70548,0.3942651
145765,0.18386388
125180,0.10217251
73081,0.09663374
89900,0.08065234
59592,0.3528801
3054,0.37883967
47497,0.36402974
90224,0.27450293
116402,0.5690978
78907,0.49822035
25261,0.19171527
35683,0.49106148
3116,0.07632831
7833,0.24396496
113864,0.14659265
103880,0.8290698
109710,0.72201365
16410,0.86497635
109933,0.03889975
29274,0.24418826
19708,0.37541476
141663,0.85464156
43554,0.16759257
78625,0.6156747
128073,0.09249501
61050,0.15945968
34311,0.24867782
101610,0.14875749
137254,0.10857877
39956,0.07716574
145184,0.1506827
42070,0.14043573
49107,0.9396837
37454,0.17979705
9084,0.4208398
24328,0.16421495
85750,0.10225749
63546,0.17239486
90599,0.0769836
68415,0.40267718
141744,0.09555134
106139,0.13285019
137025,0.5105856
37566,0.9650056
81499,0.37845623
91866,0.13035464
133606,0.33875087
43867,0.6716209
78226,0.5600491
129183,0.20670426
104151,0.9495621
51211,0.30677882
39982,0.15153185
137936,0.19894856
62440,0.5590408
110018,0.09031531
67072,0.35290825
144608,0.5780843
6731,0.8699684
113287,0.22713871
87244,0.110865094
119732,0.257122
10656,0.14289133
67545,0.08677738
141951,0.09946799
141710,0.2307139
38067,0.18113197
34475,0.6806958
66102,0.3192938
38938,0.05945648
1479,0.60276335
102941,0.89709306
147095,0.16218016
138260,0.42458487
7674,0.14191523
123130,0.08905016
25694,0.13607097
18847,0.094378665
81798,0.34791714
28128,0.49709043
89477,0.07053193
73526,0.26125184
80205,0.079750866
86466,0.105688855
67478,0.3157694
119676,0.9452981
114915,0.77885914
4107,0.5646054
53165,0.18210517
24255,0.06834942
17081,0.0645661
108128,0.26265582
13750,0.7334228
55932,0.08155954
96427,0.25752684
66581,0.10095286
137449,0.41149214
56185,0.9528701
5518,0.63658243
129530,0.35007244
147941,0.28409034
45319,0.08477715
116454,0.6238408
102482,0.12283673
7910,0.08938908
132339,0.077193856
32535,0.22760426
53022,0.0713756
84659,0.87878084
99499,0.06937804
13431,0.029643524
91320,0.19675244
55872,0.7190288
68100,0.124174714
5075,0.105185464
127073,0.06122198
123245,0.5397877
31692,0.47544032
100714,0.1934027
88719,0.31825808
1949,0.41520408
41660,0.14596197
71734,0.88014746
109051,0.15983966
33353,0.15015598
122559,0.060902875
23614,0.22951083
139591,0.64228535
36018,0.67008233
115378,0.29486036
122126,0.124887675
93233,0.41922835
147845,0.07011248
26244,0.12749438
42192,0.46939597
127788,0.19109477
87821,0.20037025
30665,0.55816823
66545,0.08661062
121771,0.8461376
20175,0.094277516
31407,0.97181433
126197,0.14259546
149747,0.09783882
70064,0.045346975
17686,0.2577169
137015,0.23024957
104052,0.24322578
90102,0.40379545
72573,0.08949957
91781,0.39256367
1368,0.11982841
30642,0.37688425
108269,0.6408841
78166,0.35882413
72628,0.13384847
72664,0.87904334
89323,0.05573174
26343,0.09874382
139396,0.09395409
43977,0.7877711
107623,0.21940562
143037,0.6629231
102048,0.06967999
16590,0.07059877
82776,0.72154856
38148,0.4193922
124909,0.07622093
94362,0.3783164
139994,0.15658398
9008,0.15709876
97444,0.6770153
134801,0.09628298
34005,0.08120013
74760,0.098595135
35488,0.0738303
137890,0.901593
63119,0.25870004
129820,0.23303418
93439,0.16204372
116334,0.07228573
13726,0.12796128
53850,0.26572308
92690,0.27553284
7439,0.11993726
13762,0.28861508
121149,0.97929925
65268,0.23016012
128828,0.11522058
70459,0.6440928
7151,0.89175385
147132,0.14630689
32715,0.19721206
4918,0.07832522
53107,0.18190514
4734,0.1447725
138535,0.190302
52326,0.05755738
91184,0.10151229
90885,0.09417502
65991,0.11558147
53514,0.3055614
72113,0.48623607
105320,0.15820453
87502,0.059032507
57202,0.07354065
96649,0.18537971
74010,0.8364612
81645,0.08047512
2540,0.34595725
46723,0.449582
65372,0.16938235
125899,0.059521947
81456,0.6474218
90700,0.8270881
124410,0.3162308
29644,0.18252327
38796,0.052968856
63294,0.60159755
43080,0.7312305
2419,0.124091335
135113,0.58451456
148315,0.08026977
146980,0.5057461
109024,0.09263957
141599,0.09252323
130613,0.32284623
103041,0.06226852
128490,0.7342143
47162,0.09109497
119525,0.7544141
23508,0.14477246
10124,0.56010115
81038,0.32712922
17789,0.08053183
146474,0.20598482
142736,0.944587
54735,0.17041364
64983,0.08644299
38994,0.0948453
92176,0.08951659
2198,0.54383254
59594,0.28317526
116490,0.07667219
12924,0.4813643
95477,0.9654946
130229,0.081545874
63475,0.34605753
97983,0.2562899
105906,0.28690043
6226,0.7564247
93618,0.117997415
36826,0.085170925
143107,0.49365893
10891,0.060380425
5396,0.30864155
128111,0.54891634
53948,0.07606331
123514,0.09610663
70897,0.612288
97842,0.48744774
73748,0.19264165
76100,0.6572603
145772,0.30166948
143449,0.08041
117246,0.12560597
93093,0.6064081
103293,0.31590366
80662,0.47313192
121605,0.07769679
105542,0.08595635
2554,0.13387282
52721,0.44539937
100088,0.32716012
65761,0.27038896
127574,0.31866804
81840,0.087799184
36871,0.6238848
120143,0.80358005
80809,0.5776807
78415,0.49539343
78547,0.06660432
1730,0.84011173
146644,0.18663087
130502,0.09638587
130703,0.5162923
100990,0.17046155
140022,0.47944537
140562,0.6231411
68996,0.13018505
37094,0.23705874
55899,0.07994874
81638,0.14445712
100850,0.1795256
71448,0.12167922
134989,0.19996218
109979,0.17316858
8642,0.76277924
102913,0.31212634
29677,0.27230015
84599,0.09463232
115829,0.12378453
36109,0.071872
35602,0.18823266
46634,0.13440125
123546,0.84686804
99563,0.24999923
95689,0.31405628
146053,0.11009514
57646,0.22671424
122294,0.43155196
122064,0.15541208
62849,0.14489053
139375,0.16744018
141281,0.8303895
30706,0.105232015
72795,0.12376029
11194,0.89208585
114934,0.25895953
138956,0.07002351
86745,0.6296618
7855,0.10632032
21689,0.70106155
53676,0.19172886
35298,0.52594495
1192,0.09619728
34065,0.95127755
122433,0.69426864
80916,0.7528261
133249,0.61348146
39919,0.5073987
15644,0.40591064
14813,0.1485741
81188,0.21595222
134373,0.058014758
139094,0.07059375
119886,0.11119953
65528,0.77817947
144028,0.055367913
71322,0.15537195
104162,0.107749864
42215,0.6878476
86889,0.075560175
37398,0.14072974
93886,0.42625898
141656,0.35794327
73462,0.055241987
71078,0.069226295
21185,0.13906223
14322,0.089540616
6406,0.17026934
24617,0.69539744
145863,0.03834407
100189,0.048885982
116741,0.09442099
25904,0.12007979
105687,0.89209324
68826,0.601376
129234,0.2172933
133344,0.7647097
122334,0.30409116
91793,0.06419414
4848,0.2579656
27732,0.123562954
39853,0.073514394
140186,0.8094864
40747,0.91449285
120213,0.6623377
106934,0.15409014
38566,0.06378404
143208,0.19514997
133886,0.024984468
2978,0.21039115
29565,0.37828475
84186,0.1256699
46178,0.0934418
3850,0.15905736
117632,0.25078696
124247,0.6516079
109019,0.5146661
122550,0.074589916
44615,0.35907555
62996,0.5795784
98052,0.8011421
142982,0.37769964
120094,0.24026988
102440,0.5385137
26230,0.5575415
79341,0.34782025
130380,0.7547503
65727,0.32662067
96805,0.7976746
55919,0.048170406
30645,0.19989718
104032,0.19341026
30654,0.09963643
32305,0.14257531
112149,0.24744718
113424,0.3727475
120282,0.13195571
80444,0.47405714
30500,0.24512812
69198,0.5077433
120555,0.06808733
77863,0.42582208
143773,0.05221903
35223,0.3567835
75732,0.08126196
120366,0.39061242
101294,0.67335856
93043,0.90736556
28933,0.09823389
23821,0.5884714
144889,0.065440215
127785,0.43834755
106236,0.092116095
108750,0.7891363
1190,0.102039106
44525,0.5700866
85665,0.4707677
135622,0.19341502
4334,0.10945275
15735,0.6208637
117558,0.07639402
57904,0.17233555
141543,0.21789765
18265,0.11741248
2024,0.174259
107600,0.767125
86676,0.12754813
111989,0.3239104
145817,0.066027015
122187,0.15089473
89344,0.44705385
67039,0.94736093
38599,0.41963136
94908,0.09150775
84384,0.22431932
20204,0.38255876
5926,0.80141115
52286,0.1575696
31290,0.17163044
128394,0.4658835
77576,0.105638705
106612,0.05894303
148144,0.75838786
52878,0.14731202
87223,0.13133144
33394,0.47482908
87859,0.60185635
96838,0.11869969
129595,0.42644712
94631,0.91702396
140713,0.3741761
91537,0.9578975
70260,0.81023395
121345,0.072730824
30244,0.6199164
99030,0.14889365
43261,0.09753878
22472,0.14307551
102247,0.46169665
59478,0.50587124
31037,0.7489061
109480,0.105928324
105531,0.062246226
87979,0.060565166
56431,0.08782545
25199,0.3895812
69472,0.06279645
18496,0.41618025
117087,0.33912253
6716,0.4763945
91110,0.47491726
17838,0.049345408
67466,0.20772132
6752,0.12468849
34868,0.1562331
69027,0.26114967
119330,0.6656654
119390,0.0820561
12553,0.734311
101500,0.15711696
143749,0.14410724
55370,0.47991198
30434,0.48916966
56539,0.6048185
69964,0.08568135
43777,0.19629356
96473,0.72296447
95779,0.08010271
138019,0.09680408
9107,0.42830133
108155,0.059306063
49134,0.18900545
102752,0.13453215
116563,0.18705551
126462,0.0914957
27170,0.070538536
66914,0.8059882
81274,0.13357571
90996,0.7227965
41040,0.6014714
5449,0.53527534
40888,0.8172587
11132,0.71290594
59252,0.18463032
92419,0.14732449
87990,0.33039403
81253,0.24159597
4780,0.47774413
34653,0.21467102
29890,0.19827256
10907,0.032315556
133345,0.141948
13363,0.08055483
82621,0.23933436
123236,0.14262088
86565,0.11841228
112965,0.10723314
109523,0.11387611
111098,0.08252576
41943,0.9677586
26322,0.24078803
93452,0.09812265
29612,0.10360029
20690,0.724778
102563,0.0786071
147764,0.07510466
142153,0.123512335
50759,0.27514878
68159,0.16193883
149099,0.73532
131561,0.28933257
104408,0.8393568
10375,0.25290498
112682,0.8931181
64129,0.06072046
111543,0.15321323
111792,0.5264731
60195,0.87434804
140644,0.043527804
10966,0.6391695
118320,0.29638448
23525,0.35673657
97693,0.12217415
90335,0.14063847
83773,0.037384123
43215,0.05718366
69079,0.43331277
5686,0.07629456
40183,0.11202596
140157,0.18703367
132473,0.7281661
92653,0.1311353
19994,0.37008262
125468,0.31529164
14639,0.40596208
123012,0.19563934
96477,0.09146623
29033,0.12905662
74285,0.66845345
5086,0.09077893
1501,0.2036518
89554,0.07231613
147149,0.14950788
84023,0.21723437
67777,0.94096774
46652,0.07742661
95188,0.48117387
19358,0.5661028
43377,0.66252947
119482,0.06069857
11736,0.54208475
117159,0.8587539
101137,0.29744554
34310,0.15562679
18594,0.5470515
19130,0.2231953
125740,0.5328202
40971,0.6981054
46903,0.31396422
104013,0.18536673
145889,0.17930849
13959,0.1511104
55087,0.3944926
115302,0.3380835
34203,0.85272163
125451,0.087612614
62666,0.12064711
61333,0.12332052
61300,0.06818097
71159,0.832291
81545,0.6762964
24501,0.19051147
72933,0.35335916
32485,0.24763763
109048,0.39658934
46509,0.5229059
95411,0.11580489
144356,0.09135211
28269,0.42613903
130535,0.11224854
18144,0.26987243
144950,0.04161154
116668,0.06184138
135830,0.8474254
85801,0.73267
117387,0.071213245
102690,0.14230058
62489,0.8356969
120835,0.63033587
35493,0.18106948
1231,0.21558534
73739,0.16120271
29855,0.099893704
146559,0.0743073
49822,0.4220792
117966,0.30234995
11370,0.06695662
86829,0.04187103
126652,0.24206926
63675,0.8789263
37831,0.22942641
102617,0.07022619
99835,0.12361496
38185,0.066092506
29520,0.64138067
143529,0.39162993
57756,0.5058902
28585,0.6521012
66394,0.26648867
81536,0.10693486
129892,0.045894183
38688,0.5307699
138473,0.1197519
78509,0.11796622
67818,0.096655756
76736,0.114673816
51127,0.33517584
54340,0.10388864
76814,0.87328875
32837,0.12250967
47837,0.078461684
22831,0.065116934
107308,0.62067723
96022,0.05884035
138037,0.1179478
42760,0.14018242
14764,0.45769328
29012,0.61207074
40453,0.27927673
53871,0.066055045
85837,0.6188754
31451,0.952228
108830,0.07871633
66735,0.09324475
64371,0.13541895
94048,0.15771398
3142,0.12184439
92701,0.12521636
64358,0.11428854
60381,0.62893105
140318,0.5191644
77922,0.12633266
59090,0.96441257
2195,0.7672816
87564,0.5885006
19902,0.96745723
44689,0.5585743
3282,0.9070386
141253,0.4990564
4288,0.21493524
40393,0.21769978
133402,0.056420032
18469,0.6399388
22424,0.23204985
6383,0.29218316
115158,0.14251772
17984,0.09011985
122009,0.058161873
18345,0.12811059
29373,0.2662621
39417,0.886415
49774,0.45751286
119970,0.20823544
83126,0.19403544
7182,0.24752107
51853,0.89996606
88217,0.091220066
88090,0.4118291
78803,0.10543493
126801,0.3204443
10852,0.15153155
128033,0.5302278
91146,0.08076394
29119,0.38703924
76081,0.85192436
140825,0.13366008
3109,0.16191494
145214,0.0944193
81303,0.1724905
69796,0.09377365
16569,0.12010321
31816,0.8772911
22824,0.31384978
87809,0.17043428
11189,0.31077302
72188,0.1058783
149252,0.20381235
94516,0.12076512
12096,0.24202062
133360,0.13225193
13283,0.20863424
128818,0.19594736
1706,0.33651763
122862,0.119219646
21410,0.44808227
35681,0.41642126
111900,0.050196152
60091,0.084969215
38115,0.21347675
47139,0.074829094
93975,0.39451727
95538,0.3112554
25763,0.57856476
132428,0.07742966
88492,0.7076234
14746,0.14583232
15588,0.05666782
130400,0.33274364
21934,0.4561516
130567,0.08962855
106733,0.17134295
143622,0.81043285
7567,0.18971947
140129,0.7129805
46923,0.09032824
3537,0.2722463
69635,0.04036148
63640,0.049808934
34062,0.18084486
90422,0.09911332
138079,0.7251061
120494,0.30420494
133007,0.15604332
114054,0.103652455
76283,0.38804492
129912,0.14718214
75116,0.11265479
22184,0.46826208
78164,0.06961285
33347,0.8202305
80371,0.05617033
37927,0.33847845
56253,0.1090041
25360,0.39224127
34489,0.06593496
108862,0.1402402
28402,0.27072468
2566,0.40610394
148551,0.37094846
78540,0.45570993
4967,0.7778095
75926,0.45095423
40038,0.7349154
126659,0.057933625
125076,0.8047714
118803,0.23249233
4822,0.19085294
148457,0.088882774
78114,0.09975819
139645,0.1493812
141327,0.4926675
132045,0.16855893
28202,0.21569504
40336,0.083334
14213,0.6517347
142696,0.785013
98361,0.052491937
55332,0.08321633
54345,0.08271183
112660,0.8231294
74149,0.14527439
118307,0.76516086
12399,0.68613744
33642,0.5316602
53216,0.16544652
33550,0.20295586
143116,0.4690393
116764,0.1260463
127216,0.50909424
88390,0.1984732
111704,0.40328133
88763,0.2063101
16287,0.08583111
40952,0.09651174
103284,0.40024367
3349,0.07024698
146005,0.2817769
145032,0.061118115
96849,0.4789126
49079,0.22232385
76140,0.257322
118761,0.09605606
146911,0.3490826
26999,0.34236494
10153,0.24197692
108354,0.856708
88134,0.10309837
72141,0.94302666
38316,0.10845871
43278,0.50046283
24691,0.099920996
143207,0.20454238
125554,0.21154769
146530,0.07641976
45635,0.109894425
23941,0.33668432
24259,0.12843941
86502,0.14924236
23493,0.45553383
55216,0.16301422
7766,0.13708651
118261,0.14489636
18693,0.104303904
106569,0.4370203
147325,0.6741989
86595,0.19874524
76992,0.15711597
115344,0.31418717
83795,0.06610881
69382,0.5073381
133924,0.115435384
131177,0.11282595
140628,0.073463365
36984,0.09563851
80148,0.07781069
111263,0.16892946
5339,0.2192587
67634,0.82409847
131622,0.20615059
48829,0.4228899
84547,0.92283785
33046,0.65257525
142621,0.16830902
143410,0.8958999
24141,0.3961792
111245,0.10024129
78060,0.21002129
133916,0.4584928
56956,0.32814044
93284,0.7911694
74557,0.37394863
57140,0.6090724
60044,0.30638027
19879,0.531612
37841,0.16749656
93758,0.5509002
125775,0.95631915
147049,0.11305548
148013,0.97624004
146045,0.9711075
21541,0.26589966
3309,0.15230963
35143,0.14322627
80022,0.19805823
95573,0.12386507
55237,0.0564269
142394,0.28619814
46242,0.21917923
81544,0.1458887
59176,0.5580328
78766,0.13339143
8859,0.087987624
123018,0.079859115
124893,0.13489199
90351,0.4905746
93726,0.058303937
16207,0.19727795
19511,0.44831935
89441,0.15111148
58156,0.09089484
62616,0.115107864
25554,0.9544525
15848,0.1279559
52892,0.06890022
50440,0.34397593
70267,0.14375399
18170,0.5187487
91,0.06736419
102656,0.16557713
13679,0.09905469
2204,0.40360352
31346,0.23918118
76301,0.37627113
24643,0.12636076
64023,0.16347583
127474,0.19563432
67288,0.34384602
104038,0.17013243
71860,0.35496193
41795,0.39693505
16253,0.10217658
92828,0.08985022
108444,0.68220997
47762,0.060944743
126697,0.14005215
92177,0.057498354
120410,0.34516874
16954,0.52951276
137076,0.09126952
123579,0.156869
50335,0.6964286
57423,0.119620435
4464,0.1930627
91350,0.36507243
113583,0.20780824
118746,0.3073859
121385,0.14017786
25973,0.6852002
72669,0.80078185
53576,0.90872455
60406,0.14434145
73300,0.0886075
27663,0.10858523
28355,0.6206179
88348,0.22183554
68661,0.6388411
58132,0.1327924
75395,0.9660362
100010,0.22580342
120202,0.050634455
108572,0.2294825
22897,0.6872996
10378,0.32437906
5829,0.41424963
120146,0.0836627
72654,0.100008085
18660,0.110260636
115567,0.23739406
60357,0.19325294
140672,0.69616467
129759,0.1617571
829,0.2973423
117252,0.081370965
146421,0.9708176
118294,0.16526352
53885,0.391667
131535,0.25117078
26757,0.19080746
85428,0.22639509
106112,0.7142365
124528,0.5948061
99254,0.30611047
41394,0.11857446
59583,0.18485993
23211,0.49075043
97835,0.5247228
41482,0.23274066
142848,0.70535356
29719,0.18606876
64018,0.1466523
46783,0.06816415
126614,0.37756443
128664,0.15221672
145587,0.08088115
132635,0.91287756
112343,0.35858095
25031,0.23680615
108225,0.0787732
20183,0.10343721
62078,0.7593381
81447,0.11009991
38752,0.09291038
35498,0.20813172
75056,0.07674409
87477,0.2867006
115766,0.13624586
43266,0.15916751
98402,0.5530236
23057,0.52061164
48813,0.37170807
132032,0.06963252
123198,0.9319773
139292,0.18498006
57666,0.70446676
29752,0.62406397
166,0.81523156
148659,0.2536137
70102,0.17232719
26455,0.5880233
82566,0.9203232
133708,0.45936966
142026,0.52586967
55406,0.22883345
62648,0.19558406
81288,0.07657832
20411,0.94820654
35752,0.47001913
133705,0.08894
91947,0.29978332
106888,0.07918798
44330,0.93500453
36418,0.31096593
149590,0.06619257
117686,0.13419387
10940,0.52564293
48148,0.16969721
55210,0.052186098
8938,0.32716012
50521,0.2623771
111376,0.18925524
9436,0.84968066
141956,0.6014743
39783,0.059434902
9853,0.076163284
104500,0.91723394
137200,0.1359183
102651,0.59884685
87532,0.06842891
51618,0.4747948
33102,0.6265665
102743,0.20895977
73803,0.5796434
131271,0.0776299
91271,0.2050645
141512,0.41760358
65993,0.37654015
81887,0.063416325
5111,0.2824776
85572,0.49434793
140888,0.9624607
49221,0.69654906
46137,0.15004884
116617,0.11995409
27012,0.29146644
53424,0.09739553
44933,0.106333636
129583,0.0923872
129465,0.2192951
33707,0.1007145
96872,0.20225467
147421,0.7242005
65226,0.57366574
88331,0.14986272
142031,0.061944578
60573,0.37031677
29296,0.12873958
86091,0.26963875
116843,0.09124523
83182,0.48377633
80763,0.9308338
82343,0.8007387
8583,0.59131014
92158,0.22865511
148726,0.19672893
12960,0.07452943
91819,0.336285
85183,0.054055855
22327,0.45413375
91515,0.09538941
123635,0.48550922
107422,0.052865665
96886,0.53409564
8643,0.240525
91837,0.55264467
5574,0.7257853
47684,0.108536035
23085,0.5706531
68267,0.5330744
86583,0.7851265
48067,0.08302389
142652,0.10002899
58917,0.08865254
94664,0.620382
129941,0.50457126
30635,0.88936377
95972,0.21726635
66243,0.8747718
143860,0.12912163
14588,0.6937663
148448,0.49556223
28254,0.77434886
63212,0.13287179
21489,0.13959607
1230,0.19857083
109736,0.11707369
95657,0.35754484
26584,0.6296671
3500,0.56538707
17736,0.9265817
94239,0.8929324
52992,0.11293218
81505,0.11920326
114074,0.11953638
48174,0.49184263
121679,0.69291687
32519,0.08316838
48853,0.33541974
73743,0.069199994
83845,0.1199272
91732,0.29923755
140964,0.116784915
10284,0.946824
71935,0.42194924
124031,0.2857661
48143,0.25637966
127947,0.657393
95561,0.11701042
123700,0.1202806
38676,0.7683514
110814,0.07950839
96514,0.8302709
52644,0.46220696
52083,0.83943707
93050,0.36422497
4474,0.100816146
6977,0.53774875
92586,0.07137969
2078,0.63195544
149732,0.103801936
41039,0.17100348
63978,0.3503835
8186,0.90126765
120357,0.98231184
130912,0.29222322
45271,0.1482158
14430,0.05830941
129327,0.056021832
142750,0.22610565
5431,0.09879746
22785,0.09941805
66953,0.73962003
13259,0.37013087
43947,0.09872506
25233,0.06748203
93793,0.40004495
127495,0.07757534
103137,0.19715302
113952,0.1829617
148927,0.2591968
127605,0.3853325
21334,0.057483226
122318,0.20503952
148212,0.1169781
105608,0.14611255
129773,0.3586257
41274,0.13754223
147779,0.15359208
124156,0.3924855
9689,0.12811852
25446,0.4473256
27616,0.0930355
2802,0.24746366
64430,0.076779254
136596,0.10469238
3821,0.15374665
109984,0.25953367
38227,0.17323336
122709,0.15615101
61462,0.16141182
132191,0.072738044
147656,0.09518188
141319,0.07082563
38123,0.32737127
127723,0.24664472
98369,0.19643654
17196,0.15129763
115412,0.78326696
70129,0.10117497
106769,0.5164656
83406,0.61923665
25533,0.74490684
12993,0.4977118
41516,0.8643999
2316,0.104317755
33984,0.2760614
67989,0.66915303
98848,0.520284
1708,0.51108927
30696,0.28789932
143421,0.11891227
13586,0.45617235
44527,0.107795306
141874,0.14168301
117273,0.1178546
111809,0.21443312
99151,0.22432403
35667,0.18383314
138433,0.23151712
51676,0.52396166
139180,0.26156205
117237,0.14162728
114687,0.65526956
24602,0.5179869
50823,0.5206555
129831,0.67401344
31531,0.05070092
8698,0.081027314
25817,0.5108005
121710,0.07854864
95019,0.15295796
76131,0.28581202
80159,0.09251509
49254,0.08948368
111194,0.5208693
2034,0.08384871
137556,0.4934048
32006,0.10643756
95237,0.06325743
53406,0.10618844
87068,0.39143303
55603,0.24320118
50348,0.6186467
81865,0.13728066
92642,0.53255945
57942,0.5263329
41562,0.8200786
83310,0.07945677
47477,0.16722897
93861,0.5511689
99511,0.07659696
10896,0.12524994
54616,0.68953913
114737,0.09238988
28761,0.35148057
140759,0.24278145
60741,0.70234245
7242,0.50275916
82044,0.17989601
135047,0.9312989
75075,0.26773933
126049,0.18380836
62470,0.35377207
141179,0.11427587
99931,0.09115622
89339,0.7249614
135229,0.70148706
56527,0.100692734
142489,0.057952452
65219,0.5703361
54329,0.14566475
124509,0.52301836
141521,0.5881319
148405,0.14017193
7124,0.23073822
135164,0.7728598
24231,0.09903243
67146,0.29108068
57394,0.18974733
6360,0.08108167
59814,0.35956666
89517,0.48991576
76422,0.31103718
53469,0.1100196
73782,0.5080685
94117,0.089615256
34934,0.07544188
135000,0.9512026
136539,0.102605775
94242,0.38032666
83782,0.33875838
50763,0.07775458
24638,0.3382679
23334,0.11397281
135448,0.18982513
30246,0.10050392
33113,0.2667212
21975,0.08989776
130085,0.12333301
61833,0.3531757
54233,0.14107169
24832,0.63246566
76377,0.15582691
70406,0.1159343
26501,0.78807306
128465,0.18892814
8488,0.069208756
88703,0.072680645
130617,0.8586973
130340,0.17423554
95797,0.31243065
38289,0.5504083
48161,0.26657522
74425,0.7885477
20778,0.41496804
2553,0.5049491
105762,0.17778733
35547,0.6453068
82032,0.47359434
105230,0.33011624
77431,0.07296506
64734,0.7237472
143424,0.07959376
134696,0.73755646
97831,0.15455592
34244,0.19984536
27700,0.09135032
126705,0.7779465
92263,0.09298726
46588,0.43520916
136806,0.2727305
11330,0.22334562
18524,0.5021105
16395,0.81416774
58030,0.964149
40246,0.14381199
46695,0.38186628
125254,0.06695056
111802,0.50163245
33680,0.092383526
140133,0.10123411
35774,0.3116402
40795,0.3924568
91136,0.21227062
36361,0.7400406
110628,0.6039135
80928,0.12639958
52722,0.11972959
120944,0.52170026
51271,0.5579842
101535,0.1170386
113511,0.14736196
41751,0.37743682
84995,0.0574475
60607,0.33223546
47292,0.11868301
82493,0.094723895
149504,0.44891295
42265,0.069263786
19553,0.2547698
121747,0.055927243
33121,0.2172967
103995,0.7619092
16042,0.5248111
57438,0.14282478
35178,0.3421041
71550,0.6377711
134252,0.16537026
117667,0.8683738
3629,0.6152532
111769,0.06811298
88636,0.06760011
53407,0.23146178
23635,0.8100947
141835,0.36955723
68526,0.099563435
9959,0.14329398
4504,0.052412264
110744,0.11273086
62973,0.10429121
129559,0.38083106
136453,0.076131806
140826,0.37971258
148519,0.103664815
83839,0.14928113
37578,0.48262036
13206,0.9403761
65971,0.10709731
15962,0.1545669
60410,0.6772755
149565,0.64099807
73534,0.29593682
26016,0.58320886
84807,0.18050693
19645,0.72245157
114088,0.39043665
120043,0.77304626
54578,0.2715041
37106,0.12165468
108085,0.058945257
71245,0.08031933
23538,0.3440715
46311,0.11049599
120325,0.45250028
33805,0.56700385
147987,0.050037093
127532,0.60537714
35376,0.5658837
31629,0.20090052
142020,0.08542192
62689,0.12569968
99234,0.053321503
105102,0.17292826
128738,0.6112856
11681,0.059546996
42754,0.1788213
96094,0.29544944
19317,0.6021595
122307,0.12402875
87851,0.8871044
45668,0.78871256
85944,0.2889294
19526,0.47859114
15808,0.38391307
24011,0.8396378
94714,0.9275216
82179,0.064016744
111595,0.12116326
69239,0.061164867
112406,0.2641009
53960,0.8758367
108458,0.07791287
120851,0.3784408
101178,0.020629358
55289,0.091776654
63521,0.5907155
145371,0.08265429
102708,0.54716575
32307,0.16641355
26618,0.5531921
16472,0.10234356
30831,0.40067434
133551,0.12112275
144989,0.28703594
32866,0.13349609
30771,0.70228755
79707,0.8741357
54506,0.064428255
130465,0.1774344
126927,0.04544786
126710,0.94001126
56136,0.06442626
127927,0.059386056
85809,0.06714819
120304,0.10206618
135397,0.068800196
3224,0.05558546
40658,0.42724365
77202,0.12242566
52947,0.46060857
131697,0.4032127
111607,0.13210721
15479,0.08981249
8847,0.13473131
141169,0.08002157
15523,0.09016463
76002,0.42747658
127364,0.16103595
17858,0.1242339
40324,0.14142275
5618,0.07777085
127377,0.28755414
119805,0.26416284
127570,0.81683487
147396,0.1054304
100510,0.8422519
119497,0.81192493
44622,0.09163633
129353,0.6525325
79386,0.42910218
71487,0.096973725
48851,0.1166772
112724,0.15950534
1471,0.6760048
57745,0.70215327
22914,0.05581205
133346,0.38544846
60630,0.4798011
83672,0.18122537
117880,0.19418623
137716,0.1432023
916,0.11228514
121900,0.07135252
51032,0.1191069
27848,0.92182183
55277,0.11268687
113788,0.12685627
38529,0.42655557
59189,0.18356323
49364,0.14910415
20719,0.4292699
149923,0.55031455
130589,0.25441214
143402,0.16561945
125257,0.5649824
144911,0.35103354
566,0.064894885
103886,0.110030465
140389,0.12708525
121142,0.7601146
37131,0.08007062
32845,0.05718366
33155,0.4084554
93536,0.92709106
56502,0.91661996
80327,0.72602326
113900,0.15786995
81372,0.56674236
139903,0.7995958
140103,0.07934168
58191,0.82354903
31119,0.37338412
78889,0.21027678
73823,0.22622564
129558,0.34742278
122727,0.8817318
84835,0.109765865
117613,0.8887235
91276,0.09143097
44978,0.110216975
136434,0.2304035
59270,0.06912347
59555,0.29533166
44634,0.55217457
136680,0.56953454
57123,0.5598319
94724,0.12041885
78537,0.21660812
52072,0.38161302
80446,0.11699189
113606,0.7391799
147795,0.063516535
137658,0.57943
141807,0.14551929
87503,0.13292405
102201,0.2023067
86925,0.4623169
39304,0.6636066
88856,0.20987019
30033,0.66616094
74914,0.15115649
6858,0.46355346
144209,0.34594685
2880,0.58188605
59490,0.75362945
30902,0.15656477
2713,0.39364952
123408,0.14655788
144857,0.10426213
123439,0.45460352
120105,0.10105128
79063,0.15069225
147675,0.5956727
17818,0.28090194
72508,0.49503163
122565,0.18904701
33393,0.15577102
126693,0.6916862
126608,0.51724434
135824,0.13194196
95342,0.30173817
141503,0.79976606
68572,0.8817957
46226,0.3915813
29325,0.42248085
1786,0.11315466
16591,0.20830204
78208,0.42233709
20232,0.45280522
22007,0.08017368
51863,0.13503323
76323,0.7605041
75872,0.8620692
45693,0.10493946
71324,0.9089899
133909,0.061296884
98659,0.34840402
62685,0.08404935
41252,0.21235266
36601,0.037708025
32,0.4424662
51577,0.786922
30912,0.18315011
107712,0.92521125
3097,0.11919016
95082,0.5419829
130459,0.12601155
104079,0.9041827
136759,0.35388735
2221,0.110490456
86247,0.0910969
148086,0.1143298
62604,0.16914143
9371,0.17241701
45116,0.15482534
81861,0.792308
6579,0.452672
49435,0.19679064
73916,0.21116494
45359,0.0742477
72220,0.28190163
117112,0.2131368
11889,0.7695098
35162,0.30135867
106534,0.19032146
47066,0.090215884
136078,0.36966845
20567,0.17574036
11711,0.28646922
118684,0.11158671
40362,0.13391861
36031,0.49290222
33421,0.04812138
43033,0.45528185
6290,0.32042146
26507,0.21896005
137212,0.93040985
76241,0.36346537
121504,0.40322146
6883,0.8302472
3485,0.11050427
113437,0.14438435
2739,0.13034473
95892,0.08653061
13721,0.13614544
108842,0.6290863
51303,0.022101868
142081,0.58331364
46600,0.92296374
11656,0.78118044
63324,0.2870333
97743,0.2629159
148032,0.11942338
6982,0.48426902
99566,0.47362846
26685,0.23847175
11691,0.15365103
93964,0.20797245
35772,0.10240519
59988,0.068520024
110612,0.414943
103748,0.1367344
148397,0.9857626
66559,0.26916486
142883,0.56922865
71557,0.30574742
12448,0.13745049
84324,0.16721135
72158,0.8856724
18716,0.13132344
8392,0.8771732
28577,0.09493046
55662,0.111137725
77156,0.11604257
59446,0.22388172
126128,0.53371936
31656,0.05651768
141983,0.16259705
14401,0.09180086
54702,0.5117191
27403,0.10625951
17889,0.10197503
34009,0.28075624
88834,0.14020094
140193,0.32145956
82128,0.2587154
101590,0.31390128
36958,0.104566894
58378,0.7526874
35714,0.13542743
101150,0.692836
43139,0.54862034
58979,0.04284104
83609,0.11784186
138144,0.14769562
110713,0.19802365
102230,0.45639205
9508,0.13967864
17200,0.36368066
67500,0.09488404
3024,0.42782858
58173,0.38402018
145111,0.5388732
110833,0.21854776
22138,0.37627673
3935,0.6769094
140304,0.21937066
134113,0.2416811
87603,0.08326275
141936,0.16256683
57850,0.4332528
129407,0.48117608
9637,0.36803207
56629,0.43319052
119420,0.22933596
83675,0.15753806
54387,0.16841376
88871,0.4476846
21514,0.6826152
135115,0.7566567
72153,0.6036232
110378,0.14304838
11756,0.10226992
65313,0.41645768
77341,0.123694316
44917,0.19026136
105451,0.09020965
117236,0.08109416
36988,0.09853504
27764,0.20229149
140616,0.04797378
40496,0.18684192
90936,0.06789506
14854,0.047183257
139552,0.13855903
149421,0.96687573
18072,0.25946236
66179,0.113627225
26138,0.5488287
133997,0.6594897
97244,0.0676807
130449,0.097457565
122791,0.18173918
136220,0.23760262
38559,0.63378775
109421,0.21359076
61027,0.23101307
69688,0.326057
81975,0.542386
97637,0.48062232
111220,0.12517305
15098,0.16644464
55783,0.49438664
902,0.08594921
60426,0.57315713
128718,0.46072167
8333,0.18226558
114097,0.6761449
142098,0.058743127
68410,0.10146889
58607,0.10999815
114770,0.88381594
56265,0.36571774
39259,0.089851096
136080,0.5141718
137848,0.5031922
118144,0.5433372
105765,0.11052273
10369,0.21382518
135903,0.873648
136066,0.19613396
30726,0.59636056
60238,0.09886006
67529,0.5536858
103123,0.09258816
74514,0.62748694
59872,0.09846575
93015,0.6230969
37801,0.13419558
58940,0.17823094
123216,0.12027561
58305,0.3430379
33829,0.13949624
136345,0.3253969
120738,0.15904807
56091,0.08743894
102204,0.0839648
52623,0.67639655
142495,0.100680344
132978,0.11230482
18272,0.7267388
129185,0.11132545
80359,0.06656508
73629,0.06461309
115051,0.05435136
29599,0.07377821
66541,0.68921965
35697,0.1636481
114056,0.09095844
5330,0.11133955
122260,0.32180932
90061,0.67408186
70580,0.16442779
149120,0.1367307
109629,0.09481198
130165,0.13600233
65399,0.07757959
148836,0.6594521
118384,0.08078896
56255,0.1961622
61849,0.14175346
106421,0.09545763
87012,0.82596004
47034,0.7302585
110256,0.13956013
44511,0.32363033
33695,0.43190584
63597,0.24610808
34547,0.68543977
110043,0.27865574
103466,0.16800904
44834,0.55328226
1906,0.10793599
90019,0.48476365
83454,0.35553023
131914,0.099823646
88707,0.65395206
34043,0.118376985
107538,0.06651945
93704,0.21948494
43930,0.20795193
58437,0.053990997
13505,0.7651276
109260,0.21434286
52151,0.70063215
83808,0.12268205
31178,0.11703185
54411,0.16565523
133563,0.08490629
31852,0.33186927
103333,0.8367905
137194,0.7242557
52277,0.12539542
82584,0.090845466
55294,0.12340973
81630,0.16604699
85110,0.14563444
108674,0.29927295
135998,0.66143864
46663,0.19908114
100586,0.28818044
137669,0.07715288
104590,0.30441904
16357,0.07699983
33020,0.89839166
113201,0.44063377
72799,0.07460888
144811,0.46966797
65819,0.07481282
29079,0.11681743
22940,0.6306025
30850,0.18682282
124929,0.10929057
115917,0.31881815
31733,0.105436094
100419,0.81179017
139000,0.43773603
10531,0.2633537
84925,0.1578156
50767,0.21141323
124427,0.0934165
100406,0.23203635
125469,0.56888825
124274,0.1510075
87760,0.6990939
143314,0.08334552
1885,0.57969993
78855,0.17879048
121770,0.6540313
9980,0.069677934
108499,0.65422535
126102,0.56647384
130261,0.09047546
32644,0.240254
14012,0.053538416
38720,0.21026824
11299,0.124653496
8112,0.28347972
117799,0.49095315
107306,0.3981136
132247,0.4392026
25792,0.5187735
49387,0.37726954
53250,0.07707994
39117,0.2266906
36050,0.40470245
35252,0.76134855
33468,0.059322152
88588,0.3889643
29815,0.073242396
54443,0.31392416
23551,0.4858689
51714,0.20342274
27396,0.055896413
113054,0.11737172
39703,0.17168383
40594,0.108555205
81243,0.58189523
60556,0.107345186
102057,0.15100023
88991,0.11409865
13627,0.1370045
37374,0.04083242
11063,0.09735044
59437,0.12696712
132826,0.08340779
4887,0.2650143
107162,0.34592295
70142,0.4750058
91589,0.06960884
69533,0.48281553
66439,0.11689477
65097,0.6528103
84525,0.12487766
57212,0.8057732
109789,0.14351791
85796,0.76750076
148592,0.1381832
96155,0.40112966
21061,0.5846482
5845,0.12307337
55020,0.091248624
30266,0.11737446
149970,0.18299237
71185,0.0994039
98072,0.8931181
22546,0.55083245
5193,0.6349833
124492,0.56708366
43141,0.865026
81200,0.36702725
96878,0.7788244
91567,0.53162366
141392,0.25617152
18278,0.11229519
128657,0.055441413
43092,0.8212943
78843,0.12121787
80428,0.031951416
113293,0.13247356
90974,0.25398538
2744,0.68572545
60797,0.2551754
52587,0.08352264
47803,0.08493873
106138,0.97884244
134086,0.48611403
77201,0.41335303
8896,0.5995705
103346,0.099382624
42634,0.43138307
108778,0.2612283
44556,0.07446964
37592,0.1181454
77686,0.3027571
126325,0.075385265
82767,0.9511079
72922,0.090677276
52371,0.0995365
169,0.17638095
120064,0.44947252
56937,0.733962
115840,0.358831
41418,0.088903606
68241,0.6351342
100751,0.25200126
108650,0.6237604
122079,0.10700435
124510,0.0768233
27453,0.43084663
81908,0.11641389
142002,0.45514232
41780,0.14590594
44451,0.2597868
113746,0.64651144
8996,0.21197806
6207,0.6136321
23326,0.12845136
12779,0.73363435
143283,0.14055261
25138,0.64968157
55363,0.27986977
73697,0.4964681
62129,0.1647886
26202,0.9397838
130536,0.09023123
48530,0.11674882
56386,0.09294878
145053,0.15285225
22152,0.10053065
25637,0.9392811
41748,0.04729305
60101,0.56033
11718,0.21685626
35631,0.06927937
54108,0.46885523
18973,0.49806678
75935,0.27875605
50455,0.54101825
54916,0.15589568
113005,0.36503914
56281,0.14405291
81401,0.2810409
48778,0.2662605
49466,0.14571607
34061,0.09801004
119259,0.16410038
4389,0.0214357
52296,0.16914958
122397,0.07463316
115004,0.96919686
141687,0.1104191
120652,0.073194295
126186,0.48611757
59245,0.11862287
147659,0.5063075
42844,0.1113519
128574,0.34019324
20506,0.3180065
22469,0.10602828
88107,0.33230972
142975,0.23796338
12985,0.15269332
86820,0.52555746
97473,0.69851714
117767,0.64587086
58129,0.055086445
112387,0.4388201
2453,0.27573115
128953,0.85609335
67742,0.056178886
142659,0.9266912
2558,0.16935685
63455,0.09792592
52367,0.093003064
23891,0.35606557
32847,0.2800658
91182,0.110393494
28403,0.12022963
14838,0.22738442
7478,0.45822737
82729,0.29184547
117935,0.9068904
117563,0.06939194
81842,0.06150391
48496,0.11970286
7,0.17109786
69574,0.10102698
56466,0.10419672
12090,0.96042377
34546,0.13173595
1754,0.2387597
66417,0.2229986
5756,0.06738469
80556,0.08443637
86757,0.15041488
67231,0.2503914
24506,0.7294811
28064,0.42082366
126310,0.73609823
28880,0.59435123
33325,0.4288443
115573,0.19805743
149670,0.42716756
145012,0.107166894
99534,0.30873668
136788,0.0788339
126469,0.27936655
69690,0.15169474
14670,0.9139533
121545,0.13764113
19631,0.92346424
44779,0.08472816
117624,0.38451934
123474,0.15376663
18838,0.045083884
17728,0.1810073
135633,0.11110546
22924,0.5235159
46793,0.30509105
57187,0.44472334
53426,0.5943438
18757,0.3036141
101373,0.5264414
122298,0.65869826
111785,0.63707024
26725,0.25447512
92712,0.2064341
140073,0.064528696
118329,0.19439
127650,0.41413626
95506,0.09980715
122232,0.10742582
120855,0.40689763
132947,0.4397844
89437,0.44419065
142576,0.1390824
121981,0.25980908
73336,0.5467457
77249,0.48064297
78846,0.84013236
69379,0.046766225
145438,0.08853864
22902,0.09730674
14144,0.7285208
131905,0.34850177
94301,0.09069694
134944,0.059476074
94389,0.36220062
18967,0.32614812
80078,0.17836696
31442,0.7650348
18023,0.18716392
79882,0.08010266
143064,0.21168882
30012,0.17576765
14609,0.6638843
22499,0.057777297
16006,0.046503033
52618,0.06838675
108252,0.17897238
83346,0.09380176
24354,0.09996339
134006,0.3063988
47532,0.2782718
50878,0.13433361
64269,0.11760758
64886,0.16630346
115452,0.061328992
70601,0.20373158
145378,0.4480128
1829,0.23410521
88064,0.6931506
41509,0.19533779
36645,0.06601389
111364,0.108838536
90899,0.5751479
40621,0.0932907
5201,0.2071371
24776,0.5706011
115879,0.090564035
93894,0.7399023
24916,0.6047762
128008,0.0798482
31541,0.23260418
131105,0.56365365
123300,0.22472398
91638,0.11424678
111383,0.0402035
84516,0.32922947
109423,0.5744515
33639,0.4279673
52530,0.24590538
15203,0.12095636
87440,0.19253302
76082,0.31101316
129985,0.16593982
81754,0.85164976
13767,0.38176122
89444,0.6678194
37859,0.5598939
120196,0.15777057
86507,0.46105278
145898,0.106750056
76347,0.13403718
11461,0.16056502
72115,0.083377376
114736,0.1851349
117436,0.081194706
60148,0.22193064
128520,0.04819571
46835,0.66810566
60820,0.18793592
121322,0.20129271
97701,0.075640984
18040,0.9160863
61059,0.77035844
73592,0.42841178
80389,0.21637757
47887,0.07749495
27069,0.40680063
85198,0.27107292
144306,0.08832444
48818,0.35586134
125273,0.14226773
122034,0.34610084
100270,0.35609892
4441,0.87331617
3655,0.50773335
59605,0.12616928
10430,0.95910746
84199,0.052060355
139582,0.5686231
87015,0.13912752
101253,0.6374616
146663,0.06865646
110942,0.5697161
87185,0.22276513
149085,0.20993027
102932,0.5454491
100718,0.645004
81107,0.21360508
127183,0.16164362
31349,0.058376
16419,0.2612852
24645,0.08138446
64389,0.36090788
95121,0.22377042
111979,0.3110627
145951,0.11927616
108610,0.12794137
78923,0.19400336
14648,0.24355347
43061,0.12627912
71787,0.09270205
4184,0.2627789
38047,0.22466846
53113,0.096268706
75578,0.29729143
120015,0.48826042
68888,0.09226736
127734,0.16679828
104163,0.0944559
75738,0.09198633
65019,0.6091521
135730,0.08176483
63974,0.11837811
13633,0.5921152
135599,0.32048032
119887,0.19450939
3102,0.18662916
113339,0.17110917
27977,0.1621632
66543,0.21541345
62051,0.20708694
55924,0.19928484
115886,0.067528084
109689,0.17439069
5392,0.17107473
58705,0.16774322
116298,0.10460916
122715,0.18640013
96609,0.4433266
62203,0.13827586
126015,0.2781439
116409,0.04186565
101531,0.45859084
90844,0.44906217
24852,0.109422326
118425,0.38423374
112201,0.23079835
141005,0.91239727
69627,0.41417286
123121,0.1689625
76650,0.5882956
68988,0.24876522
125068,0.8892772
69975,0.06856415
10029,0.63133097
57018,0.077602744
4657,0.7262015
38072,0.05968215
78290,0.643436
108285,0.4831219
67993,0.24416156
95553,0.74531955
63997,0.053638164
42342,0.13362023
109150,0.18017587
101112,0.13893169
147232,0.7527121
3009,0.119561106
92866,0.21339993
14941,0.20466922
139240,0.072650954
111716,0.056915414
142875,0.18541722
131474,0.52812153
89990,0.18764912
116583,0.13744603
66862,0.09228775
107684,0.15017752
12326,0.35558414
38010,0.119410515
41547,0.2240553
75571,0.072838664
9951,0.23660049
35242,0.05299071
96440,0.30894235
79923,0.058391236
104546,0.13043202
69732,0.705032
38508,0.96727216
72503,0.31930652
3508,0.068113886
54187,0.43668246
131127,0.09491896
99790,0.7185408
68192,0.12353495
27733,0.27314475
141634,0.13900846
138513,0.12291837
19371,0.041633397
138851,0.10736295
67304,0.23372492
47374,0.120542906
136673,0.22819287
21218,0.07629451
129364,0.08278483
68495,0.302789
63654,0.7128967
59131,0.1564614
80462,0.43495786
135023,0.08320217
6672,0.098738804
86352,0.18345007
8615,0.31380704
70731,0.18940057
109811,0.07195069
136810,0.38098443
13925,0.05909516
148835,0.16660897
87265,0.1772029
149974,0.64380205
19596,0.646694
18130,0.17476514
138830,0.37136444
55056,0.46727657
97191,0.32567438
6255,0.24368475
77408,0.09930634
124807,0.0886365
84506,0.26983845
45410,0.5695643
36619,0.22416438
79188,0.100885004
60973,0.052545957
62525,0.10606697
55763,0.13714868
84954,0.28106725
11338,0.06526461
144074,0.48842368
122902,0.23197994
12955,0.28787124
98945,0.32699883
86418,0.293235
53004,0.20528884
71692,0.09951475
24402,0.11016356
24897,0.17393953
127772,0.7863852
27308,0.5211867
29965,0.29004973
118211,0.14613602
69631,0.58586407
13279,0.19874546
149158,0.8357096
23786,0.104099885
30837,0.07854664
66143,0.3737095
147096,0.12771921
123650,0.09300214
145176,0.12689234
113836,0.858418
143658,0.29219595
130063,0.4671382
149429,0.29199752
96509,0.1580641
88540,0.2505242
77749,0.9325861
9096,0.3743921
94311,0.81093276
105565,0.08661098
122351,0.13060671
39586,0.86708564
42877,0.19457312
131141,0.13517106
128153,0.6021803
140382,0.15079662
96407,0.0805383
40109,0.20070665
79184,0.1103008
61373,0.061597213
63321,0.5969064
6959,0.112519056
126833,0.114141166
102604,0.16202739
77212,0.6774417
11775,0.87573063
134970,0.08157386
1963,0.34399366
21752,0.06189816
43214,0.10392422
132425,0.09621428
88198,0.9280688
122867,0.61143774
99783,0.62809205
31203,0.575785
67451,0.09543682
104780,0.44098207
18476,0.63311005
98844,0.049232513
139858,0.20085624
148200,0.60219103
93684,0.88767964
66565,0.25475532
109757,0.9277845
64399,0.32613915
141856,0.863244
131574,0.077322245
55270,0.050655767
79961,0.27897486
102564,0.51847345
92731,0.079000294
17957,0.047793377
7467,0.36992005
77295,0.056500733
116338,0.5030511
130191,0.3441246
140765,0.186719
5294,0.14711
104956,0.8413934
99802,0.043463618
47076,0.08943308
81264,0.3783631
73638,0.8142803
43403,0.08646124
79439,0.056349955
149981,0.10048394
147870,0.1124754
146265,0.8932701
96854,0.541415
125647,0.5029442
129921,0.5897401
85812,0.24942614
3180,0.23317814
20443,0.2113042
78422,0.21525542
19678,0.091537006
23300,0.11255465
123767,0.1505145
110515,0.46887422
148140,0.47117737
53123,0.08344745
47021,0.9534423
113178,0.60949457
86708,0.3754864
146280,0.42536846
78379,0.5000941
57777,0.4914163
61444,0.1655234
33495,0.45862985
59484,0.28781575
20838,0.25452688
65397,0.49759662
25184,0.2223811
139814,0.6250933
54736,0.1282135
31313,0.94447947
3130,0.048395295
141466,0.59702057
40476,0.18617553
21729,0.39990276
68521,0.5025856
69144,0.060333643
17974,0.08706083
8004,0.110433064
102213,0.10487682
61522,0.12036999
99008,0.09158026
12834,0.0929485
11802,0.90716225
111819,0.9376606
28735,0.33984548
70959,0.27511826
95452,0.8809959
6000,0.16472626
59702,0.52305824
12663,0.73306775
122172,0.08624904
107620,0.16613594
22925,0.3918247
33904,0.32897055
17803,0.5072677
127136,0.12548183
1627,0.76181984
6698,0.354859
198,0.22824484
140563,0.63834125
25145,0.5168995
139368,0.28737554
125556,0.22885084
46146,0.9120406
119253,0.6125623
41882,0.69474113
142370,0.64919984
93073,0.18648154
79713,0.3723651
32870,0.14269967
89926,0.12915671
136324,0.18514204
135027,0.06922141
120251,0.4744286
68388,0.6233945
145639,0.2135485
19990,0.41175416
117683,0.1795768
91367,0.88278073
121694,0.37480593
133367,0.27498567
130656,0.90857023
114854,0.11050633
66751,0.13562764
132162,0.050268404
97850,0.12407536
91629,0.051092315
63744,0.10886881
68302,0.3207225
131687,0.61716694
75155,0.15055825
104395,0.21600457
81461,0.9282319
90307,0.06807876
146599,0.5337276
1828,0.4702529
24674,0.064855956
74321,0.106571905
67175,0.087866314
15031,0.7494398
67916,0.8973516
63487,0.22026095
50084,0.4065742
135441,0.8354326
112865,0.19680507
148068,0.44738802
58099,0.12941247
10527,0.14447719
105152,0.1589899
80171,0.4839449
10946,0.2714549
18490,0.5989818
76438,0.07819754
139599,0.13223805
119891,0.16545856
81581,0.1436128
140643,0.12546799
79307,0.06182122
138817,0.082097426
59821,0.049778692
39760,0.09008535
63109,0.5379776
1557,0.16334811
17841,0.13452813
115155,0.12607487
31483,0.17653649
125959,0.29839826
138041,0.231663
37027,0.93949276
116705,0.15012681
69470,0.14446397
108670,0.1472183
22321,0.17455265
64905,0.21174015
63271,0.1283691
71635,0.11910512
51035,0.102821425
84888,0.406144
95352,0.13978145
72981,0.11192855
78398,0.4685331
115811,0.14735645
14555,0.10833062
68791,0.9736709
129580,0.10984697
34762,0.8779566
66867,0.13052846
29593,0.8601491
55106,0.17881623
84897,0.08030736
97749,0.07843328
19071,0.929517
144276,0.084331304
110022,0.06223083
71201,0.6009711
115644,0.1267384
58797,0.14716795
121738,0.529232
29492,0.05773898
71191,0.17554927
48206,0.10621511
74100,0.84240335
103650,0.49892882
69195,0.08849176
3746,0.5853194
41959,0.40707576
130060,0.06972397
38284,0.06654509
75804,0.31215313
70162,0.67929405
20738,0.3462666
123441,0.5112504
48385,0.8959704
36,0.1004654
115506,0.6262879
90217,0.21791318
143488,0.1688085
101585,0.22913624
13241,0.6280377
14446,0.52591544
64880,0.87543935
110315,0.32366037
40084,0.9484524
63747,0.5515649
58839,0.6511396
17042,0.12016881
39666,0.28963232
128222,0.09805539
59952,0.90883285
40281,0.059308585
7602,0.6059689
148853,0.55794173
63927,0.08394069
128310,0.066395685
125402,0.17213373
7160,0.057964105
40110,0.50193924
112436,0.234137
68295,0.48317677
64044,0.7696537
62681,0.5251214
45227,0.06755213
7189,0.76414
18203,0.95782137
69826,0.46388578
37842,0.10898164
72321,0.740987
55323,0.08435625
65916,0.86136067
77465,0.10993295
60471,0.13399203
110278,0.14431137
18759,0.13394435
107013,0.83372176
69383,0.06645414
117707,0.06758752
5510,0.8815941
15283,0.1705065
36139,0.28109366
57555,0.20866533
116649,0.89290863
67554,0.14958918
10665,0.07461722
52836,0.060913347
144718,0.17199995
91841,0.13402265
75372,0.5566124
81605,0.90454245
11270,0.1364636
91550,0.09454202
122992,0.13783616
81818,0.11209796
46076,0.6202568
96174,0.38817114
112191,0.11217615
145844,0.18057507
112990,0.21025701
138348,0.6089826
99219,0.24685428
108986,0.20057543
15783,0.17059506
73975,0.09428376
76769,0.10406943
47186,0.10688444
81546,0.55693346
24839,0.15625848
135590,0.23680258
10914,0.17208852
136491,0.27035287
17247,0.66814464
68376,0.115788296
43675,0.48948136
13386,0.07325517
72582,0.15852009
134648,0.19958434
45457,0.18383247
8525,0.3379727
149581,0.5918103
107659,0.3312373
22433,0.20579708
50001,0.10947887
9878,0.41401884
38319,0.5963617
124935,0.055041697
12357,0.10310911
109265,0.060811438
79858,0.103968516
4859,0.8938164
105701,0.5957537
140249,0.44552583
2551,0.6343169
135562,0.2561282
73949,0.21767277
88168,0.3771333
69261,0.07212924
19375,0.34689322
109132,0.9487596
142998,0.0627425
11206,0.15482849
91452,0.09573864
135071,0.08169612
54391,0.19271536
106063,0.46397978
80324,0.89602005
3763,0.12798922
93033,0.15712424
68551,0.23548418
94612,0.0975774
59747,0.2536287
18426,0.16325904
95266,0.058512155
55460,0.94627815
38583,0.13740739
69700,0.519883
148781,0.17144361
93026,0.13337764
15560,0.28943384
37233,0.070111856
82148,0.060553137
141101,0.2752023
39200,0.0528692
9546,0.08172451
114904,0.2653709
2844,0.10064143
43047,0.11867232
25995,0.12296915
90111,0.27037933
121911,0.11248561
87373,0.12640017
143619,0.099609524
66943,0.08264017
11254,0.14748019
106371,0.06442551
28740,0.21735124
128920,0.23083438
51910,0.10359428
101088,0.117256105
94792,0.4344108
47933,0.07487655
125442,0.5062454
66298,0.8168016
146718,0.10668935
19558,0.5203285
16256,0.36194596
67550,0.08539589
114353,0.77175736
9002,0.1571682
28086,0.3397097
19961,0.1468545
102591,0.09289119
15767,0.20902997
27781,0.061533723
20956,0.9411725
114834,0.43984368
71271,0.06509987
57448,0.5184063
74041,0.8329761
112403,0.12183217
84066,0.5234414
139571,0.8305059
87101,0.9171827
137124,0.106041394
84459,0.28425106
417,0.16974506
140896,0.9503333
30901,0.16761714
1090,0.16486476
112868,0.680371
19066,0.09219853
10767,0.61892694
147065,0.8806062
54149,0.11580294
36801,0.86882097
80801,0.112313606
7428,0.20716749
16671,0.5242917
98707,0.64133143
74894,0.61921364
59601,0.06800002
124225,0.20061909
106958,0.11168604
52719,0.22221544
92211,0.14457977
34366,0.27246916
1745,0.10652338
43362,0.105721034
103228,0.42942297
112234,0.06080276
115198,0.05947606
101740,0.48786202
59931,0.073950246
25583,0.54259735
98436,0.12438947
44002,0.6579356
66980,0.44332314
23574,0.5984265
144220,0.06463903
33386,0.10494172
116796,0.28711808
140703,0.3586895
129459,0.0713933
133175,0.42891285
92740,0.12770626
102241,0.96581364
60643,0.18044993
103895,0.080309294
123718,0.09117048
126017,0.13820975
107388,0.054191824
128237,0.8580573
4229,0.053129956
73652,0.18644604
99864,0.17812711
89527,0.7748857
83901,0.14154914
115347,0.4930851
59125,0.07332893
52940,0.10272673
49837,0.9533691
129730,0.4163167
121368,0.087716274
29468,0.18924642
116498,0.105263054
92289,0.16107507
27137,0.44188023
116790,0.088220455
87757,0.10357362
54210,0.7935161
117691,0.09622641
18128,0.66065705
86556,0.07756198
127756,0.089380115
14600,0.2349125
98048,0.36065686
32062,0.9380296
6434,0.48393875
66924,0.7043754
52305,0.19866563
54486,0.09053511
57945,0.18427107
102748,0.092202865
116190,0.31433746
88964,0.724074
102052,0.72606003
10770,0.6168347
136805,0.21668231
25032,0.54130363
37884,0.28234035
52073,0.06372673
73483,0.6338452
31760,0.7983689
122111,0.2223599
45773,0.53513443
118180,0.43533728
50461,0.15618148
58650,0.17308486
90483,0.054669432
4819,0.13784552
140870,0.48162034
111904,0.2877249
96533,0.8095965
21660,0.5130638
55312,0.7013312
98065,0.30052236
111459,0.34971994
70022,0.1523084
14599,0.06610894
34353,0.22018969
30584,0.100639835
99467,0.7720362
106607,0.6400633
46828,0.53314936
23863,0.2047686
144406,0.056437653
82398,0.42352843
67715,0.108312845
17721,0.089087516
44291,0.095489174
137443,0.073581286
146325,0.12768312
5628,0.23180117
24819,0.18938291
609,0.20040058
20592,0.52587986
110317,0.18786445
130226,0.29002237
6545,0.16022457
4980,0.066399924
89480,0.9690288
30879,0.71526414
115666,0.27362448
1854,0.1480097
36093,0.11485638
43824,0.13969058
138048,0.70878965
90579,0.059533816
92004,0.1413482
52324,0.33152434
10868,0.5952843
102359,0.19018494
90870,0.07755693
66388,0.10912824
63291,0.28537548
24142,0.20801476
33827,0.20115902
20233,0.13835907
61947,0.19187051
44205,0.12745273
132298,0.066412576
57414,0.068951935
15963,0.10163789
6070,0.22276987
106588,0.16666146
115177,0.10326851
76504,0.12957163
72333,0.963039
113265,0.37359023
100511,0.38384992
90047,0.069313556
71362,0.115805045
15985,0.70275754
41776,0.08970288
5657,0.26642883
12163,0.06429211
110752,0.75913733
104960,0.1442402
132895,0.059087142
58040,0.52605164
46185,0.105546184
10184,0.17701493
135114,0.13122922
2852,0.057814803
33301,0.08171335
109482,0.12503363
1276,0.60004747
294,0.5535226
141443,0.5462958
103797,0.22113715
54422,0.29500264
82902,0.15006351
12838,0.72534263
38951,0.41462687
123903,0.19784203
132458,0.1885599
110262,0.31964913
138184,0.063151695
19910,0.3137105
43981,0.9530422
91384,0.53489715
18464,0.15813166
25497,0.13878246
133542,0.82570255
21064,0.14978676
34313,0.055592958
106317,0.06486564
89472,0.41969675
22193,0.08529447
67235,0.55352646
64693,0.63733727
18364,0.31611872
59578,0.6165888
51368,0.18857314
145025,0.157438
88775,0.07955766
97230,0.07141474
57035,0.15513562
10408,0.0650169
116481,0.09975635
9387,0.1826553
33650,0.37486148
79917,0.12306857
149354,0.21662985
26755,0.43989715
65364,0.0891967
20178,0.2472903
89543,0.08880677
57588,0.099800356
3632,0.62629175
106574,0.17828734
6163,0.087216504
59061,0.6584306
79405,0.31836894
93990,0.13892314
127265,0.095426574
126713,0.17317285
49498,0.08386677
111848,0.18525742
65691,0.20092262
44134,0.18839718
8465,0.2288886
48548,0.1442314
68831,0.066529095
53704,0.18746968
52307,0.3454589
149530,0.15269877
15772,0.649125
125509,0.13988782
76602,0.15482718
67330,0.1349842
137257,0.06762291
115767,0.6018052
97449,0.294608
504,0.2987016
98620,0.4475258
2461,0.45652863
121827,0.112417735
67946,0.22326046
1664,0.4054644
94807,0.2952187
139960,0.7258187
149522,0.33021152
10120,0.13154446
3212,0.20151976
53760,0.1287691
84940,0.41617218
28056,0.1409851
123612,0.683831
51941,0.77736926
141819,0.08629116
14857,0.3303642
51300,0.07358905
89763,0.13785803
35730,0.35680217
125419,0.12251638
134395,0.70930904
30066,0.12618002
59141,0.6396483
124942,0.17881773
45087,0.09700002
128873,0.1663844
64845,0.516284
138898,0.12727125
53076,0.3079613
87013,0.07472058
84920,0.62250715
83918,0.31060395
473,0.22149949
102481,0.13532512
134593,0.1939013
103990,0.5344475
33226,0.55640036
102043,0.099382624
140128,0.19671038
16224,0.15459155
46488,0.16458124
53197,0.5391394
76918,0.4462953
34632,0.7614297
89687,0.387541
23174,0.06015738
7065,0.11398586
25510,0.107856706
24366,0.08348064
123668,0.22550516
116898,0.12343246
108147,0.08866755
93552,0.78161365
36887,0.42818347
15459,0.515992
77171,0.09125043
135075,0.13687727
91651,0.25739244
16730,0.2577605
72037,0.26410133
41919,0.41860893
140012,0.7119508
15104,0.10952834
87206,0.097475715
82821,0.94360673
110017,0.17025551
136432,0.1030085
141122,0.08551105
139444,0.1347305
99168,0.056854762
15246,0.17143156
3860,0.9565538
145393,0.05373795
126966,0.25397816
31475,0.8811551
96441,0.7850437
19862,0.09623233
135069,0.115859784
27133,0.87549984
81650,0.18053977
85046,0.36185354
74185,0.1757432
93877,0.63076204
41027,0.30935496
18442,0.50952107
106833,0.5325395
95901,0.18266594
77277,0.083994955
8299,0.118327215
37888,0.19937615
9565,0.18149588
132181,0.112837754
82144,0.34145543
85084,0.1587621
10218,0.60275275
8474,0.4372062
145397,0.5252671
32756,0.20003544
73398,0.062920585
26153,0.086326055
104209,0.82522017
100292,0.123203315
64311,0.4821386
138995,0.425603
57983,0.13932781
97648,0.08272169
136398,0.13067155
33870,0.6240357
79345,0.50646305
16918,0.3918963
10220,0.08638848
36678,0.09166285
104607,0.11599482
39205,0.33384663
97984,0.08104271
34936,0.38958615
133713,0.78511673
2671,0.07826853
26633,0.18221255
74946,0.5535036
124658,0.82152426
26752,0.07845896
23875,0.08676679
57753,0.17138825
121848,0.7036966
25043,0.2548761
123788,0.32607156
93273,0.06274343
101842,0.055671632
54289,0.0994718
45873,0.5299425
41759,0.12956934
145468,0.5961252
53281,0.96086025
88615,0.10885742
83448,0.058880698
27092,0.45722368
40513,0.8407588
112777,0.5342664
114288,0.36261693
90615,0.61068
67671,0.9742018
30425,0.17213844
159,0.20732279
100856,0.09442395
115199,0.38195297
113658,0.75650406
10305,0.3336082
149138,0.07220669
148899,0.08837056
59617,0.45759335
82747,0.9242422
84457,0.16445123
39355,0.058228374
132796,0.5597087
81789,0.1219267
51679,0.23851927
8257,0.0857067
23959,0.06804031
16811,0.26838633
124862,0.12318586
5670,0.12271688
117639,0.19746791
104907,0.06981502
98741,0.122784406
94593,0.082759656
52738,0.07869825
96059,0.102122456
63131,0.054103203
51417,0.736264
92254,0.37723425
38608,0.6070718
124632,0.90431786
8190,0.33985582
7925,0.0987497
44611,0.17564961
31282,0.9468918
10805,0.2334258
54341,0.22372681
77925,0.72333807
108328,0.17186436
13016,0.87319136
61690,0.966501
102698,0.06453214
15481,0.11824315
82754,0.06351637
120006,0.07159838
109450,0.6891828
28605,0.7381279
35079,0.82533234
125640,0.86073995
116299,0.097274326
9989,0.21149369
110324,0.92305243
126108,0.10506769
93599,0.40862975
81423,0.21951418
25686,0.20947173
41299,0.6736994
22754,0.11430631
13827,0.44279444
12124,0.8986682
40679,0.41388032
69832,0.40374154
29835,0.087067716
125496,0.32121384
9583,0.24524657
64271,0.18760754
40717,0.9229877
30258,0.6741175
44039,0.05387815
61452,0.9467175
14596,0.94164133
74634,0.13100554
128361,0.14094877
89557,0.046914224
66755,0.11718858
54290,0.0636887
31758,0.05794121
24979,0.21287347
109906,0.20071149
144639,0.22573347
81751,0.06525746
38144,0.25057387
123938,0.12680815
58397,0.88719153
74225,0.6672241
116173,0.0681884
125370,0.15102728
95098,0.122051306
133376,0.2975906
142211,0.07747761
96559,0.32177395
71480,0.27714786
34132,0.52728826
48001,0.12411557
133802,0.09716117
70848,0.11692431
131030,0.16782264
27669,0.102644965
63512,0.31260258
139686,0.10923107
49049,0.8994177
36922,0.70846313
20011,0.12012914
56588,0.049088262
133457,0.913652
120195,0.07709681
115022,0.12181673
24266,0.33706734
9547,0.1853766
83740,0.20094332
10142,0.58296764
126869,0.07933788
96399,0.13515559
18727,0.09070835
33256,0.17097083
19187,0.37237006
78192,0.6779076
48348,0.64302444
106377,0.2962453
74007,0.2068684
139261,0.060637806
12649,0.15549259
15600,0.11167586
117467,0.56641173
75181,0.07566032
41783,0.06850996
8848,0.43918273
53918,0.5560151
81215,0.06876778
105529,0.5763602
50222,0.2581795
17248,0.13271774
133177,0.11503318
40688,0.15514924
122489,0.102542415
45244,0.2607619
64425,0.51843345
115526,0.4901926
96888,0.33779228
25042,0.41274104
118994,0.78928566
112525,0.15266262
49474,0.17210394
67677,0.04271831
123515,0.066915
148496,0.1171303
62271,0.23357935
83529,0.45369002
147447,0.10148994
723,0.32043004
130658,0.3103452
11825,0.71616995
46314,0.927028
15299,0.22742528
137622,0.27425778
14167,0.14371878
45599,0.16656569
27023,0.71846586
72903,0.91093856
21444,0.06398021
4706,0.8796309
12205,0.8018282
108646,0.11361256
6053,0.52570003
68997,0.15589799
135843,0.71402407
5421,0.49329722
111973,0.16197981
86697,0.78744733
72477,0.069671184
53375,0.10819102
104286,0.11109254
56079,0.10638701
39282,0.65153706
57914,0.065864734
146680,0.18160427
58481,0.6356453
21147,0.09228713
83123,0.085001126
113986,0.49998343
101130,0.1434005
14262,0.26226896
112668,0.50534606
113537,0.13371009
117630,0.36810753
54545,0.88273895
95634,0.8002714
94104,0.24761103
148271,0.075112745
28408,0.46693164
114726,0.12226233
124993,0.16451086
102598,0.51374143
65481,0.095488004
16157,0.17506932
12435,0.35570762
41617,0.15060036
137339,0.6254764
88503,0.12653755
146833,0.1066584
17064,0.112637274
146094,0.20931825
42443,0.8051094
35624,0.07782823
63114,0.49465775
74926,0.5801865
43023,0.85554004
33225,0.2529468
68969,0.6201531
63468,0.49427196
110460,0.5885846
24520,0.8996865
61106,0.11787253
43104,0.61233634
14697,0.35708618
100964,0.97498554
51586,0.13358557
67275,0.58762825
123955,0.45997167
61087,0.23536803
50106,0.64522475
50994,0.13751395
124749,0.8657646
77864,0.37967262
99530,0.75534695
125888,0.83751357
3758,0.21945699
36318,0.09242306
54944,0.6316975
115618,0.14662868
12542,0.07142184
49444,0.13170278
16050,0.2063672
81921,0.49409607
17228,0.13958696
1274,0.9640048
4869,0.38404134
10251,0.076952115
134145,0.059644897
144242,0.6863419
140586,0.10192715
79344,0.37269995
64340,0.14813966
56141,0.88375175
146110,0.3700353
52920,0.09419971
98481,0.2914572
104022,0.4311165
115149,0.49409607
42387,0.08363101
19494,0.09482106
27698,0.24444878
80497,0.49642608
25588,0.18726842
85552,0.11752398
107466,0.09461888
57001,0.24843557
16721,0.22553097
118929,0.36307165
78267,0.08844444
88646,0.14727019
101932,0.19037445
131767,0.4298652
98241,0.19366352
42019,0.16214503
87740,0.69338626
46453,0.06619466
90821,0.74719805
140846,0.7774986
17835,0.16219124
80794,0.13299306
22081,0.21560399
143171,0.23770033
31027,0.08148991
147956,0.4596632
135593,0.07750618
45595,0.79481614
29451,0.1500607
57908,0.088816166
2808,0.12361478
114792,0.11299094
696,0.31333533
115816,0.95571274
43757,0.1364536
13849,0.07866726
31230,0.8898487
94793,0.06715524
122830,0.106292255
27677,0.12382179
84556,0.09170702
145466,0.848111
49787,0.29974487
141405,0.06279509
37584,0.17591755
47942,0.15908341
137782,0.08410204
63993,0.65985173
121650,0.63563985
22260,0.31745675
111669,0.96304464
23319,0.85518056
5837,0.15613185
30565,0.120779365
94254,0.80140054
91337,0.10507836
80635,0.05298297
71131,0.8914432
51961,0.4808699
102456,0.8004075
2474,0.055439144
108659,0.06489764
114605,0.37861064
146714,0.088851675
138331,0.16742915
140379,0.6071588
48992,0.11924924
137275,0.16431703
107290,0.5412608
27232,0.54682356
99285,0.24001658
9246,0.43688664
7265,0.25425923
74754,0.1968353
34644,0.16106173
28063,0.55598557
61728,0.20500612
47885,0.33095688
96057,0.035507955
47775,0.27288398
6514,0.10360618
129562,0.70263976
62629,0.31036913
74462,0.25303894
53605,0.08826342
102634,0.8514919
44389,0.10796756
98672,0.15763861
88250,0.060757983
134641,0.08876057
78212,0.60029477
109586,0.17131466
19319,0.28629595
95659,0.5711143
16719,0.07553298
147069,0.46533826
138445,0.15381004
98751,0.16000286
137777,0.24514812
66501,0.10422049
91572,0.16007164
61770,0.71294826
129797,0.07852749
366,0.6260501
72596,0.6683265
76524,0.1465821
97832,0.6057947
30211,0.48410672
22912,0.43823987
78478,0.6073249
95992,0.89574957
147829,0.21577404
85873,0.35592484
79160,0.10145518
20382,0.70588255
142861,0.087007485
119388,0.053969312
89361,0.48882714
15438,0.19036005
104819,0.06830493
7385,0.5113494
114463,0.07993108
38447,0.32416055
18553,0.142664
116573,0.9006773
123663,0.48577198
52656,0.2591371
82236,0.10913873
86361,0.6233586
142955,0.16584842
73630,0.43572867
54402,0.42428035
80722,0.19701914
54669,0.10952694
63180,0.041454285
123918,0.62420684
41110,0.121236116
133636,0.46675476
125226,0.13116199
18815,0.4277886
26175,0.4024828
53130,0.24840303
134356,0.49380407
10923,0.6856792
128774,0.050221562
53832,0.17508948
9321,0.111304395
16019,0.44690576
122725,0.039836686
98867,0.9336127
49761,0.13418384
67924,0.075268075
38510,0.37904388
31024,0.3683809
47203,0.56030023
13728,0.60374254
134094,0.37183815
88633,0.068982705
13427,0.06801034
124432,0.6544424
139993,0.40033036
81968,0.5894156
34950,0.723378
147866,0.11804664
3976,0.2301943
92449,0.06836216
97038,0.75105566
53390,0.22751394
63892,0.20305833
43880,0.18527189
121563,0.15052353
90900,0.07045455
4159,0.544996
97747,0.14889728
8506,0.9179265
45235,0.04455854
140087,0.45067242
84338,0.109564975
8029,0.21654315
109776,0.10568586
51402,0.7566467
78169,0.14926691
31330,0.19932586
92006,0.17122763
140824,0.23302034
22440,0.95075905
47926,0.492752
104872,0.6775025
35389,0.14379898
38927,0.11565782
137515,0.19361177
106546,0.22970122
120212,0.2158164
132081,0.068352304
86469,0.1709746
66008,0.38410643
59556,0.38065177
106414,0.4329403
115814,0.8195485
96369,0.80976427
116447,0.08546598
55859,0.14620523
104952,0.10040147
145211,0.67495936
23162,0.80236757
86773,0.15321283
28218,0.59250504
312,0.16448417
33004,0.16334316
22752,0.15593478
114882,0.14796121
9297,0.47017235
57360,0.66824627
127231,0.7101152
88191,0.6267223
75883,0.056797106
112658,0.11840498
46503,0.06516109
47334,0.61342907
135657,0.51228386
127190,0.37768734
1030,0.7968837
141639,0.14724094
72893,0.41190627
13663,0.19729868
87043,0.25880626
34989,0.110350735
126562,0.42037502
113599,0.14229278
53624,0.24892485
78988,0.06450825
139014,0.27215976
77443,0.2619558
4880,0.05577886
133749,0.120455556
148795,0.18126987
6258,0.43529716
46450,0.102070615
136839,0.49087006
32161,0.42830825
56966,0.13319926
126876,0.89392745
123838,0.68955797
92397,0.95785296
61754,0.885613
122707,0.666593
102875,0.12332196
76766,0.8077196
109935,0.615407
36300,0.6214237
10678,0.22269027
35992,0.6777405
126751,0.09323433
8888,0.5641982
100390,0.55970097
72684,0.06224788
23877,0.51683605
5304,0.067050755
61074,0.64900255
33971,0.11409463
136943,0.5307892
90394,0.1742468
94805,0.3997169
41774,0.35277876
130030,0.10442373
52561,0.8813097
127439,0.08814977
110509,0.82283455
47594,0.05418631
12571,0.16116264
73647,0.16148436
11696,0.063959695
81069,0.55660915
104371,0.44445884
92307,0.091832414
135995,0.28543806
97134,0.15274584
144181,0.5208775
98532,0.10248791
27344,0.31379256
128797,0.1883604
132029,0.707422
29747,0.36914822
128693,0.07266921
37902,0.5901886
27925,0.30133587
114775,0.8965164
146076,0.2521388
20322,0.3655192
113617,0.12363694
139230,0.06643479
59786,0.08152006
35021,0.13302979
69440,0.09157496
905,0.16203623
76794,0.09119083
16926,0.2970289
134964,0.13071227
80495,0.83791983
73318,0.12625524
130440,0.092567004
16835,0.05482676
89345,0.6088521
63066,0.25985307
122688,0.058596037
83631,0.114181526
53086,0.70858186
5320,0.1117901
91929,0.43744555
27551,0.13993251
130183,0.053863734
137455,0.22127421
74847,0.18993369
73528,0.21067478
91386,0.51308423
20423,0.07913982
30357,0.41735065
8139,0.18266962
82209,0.2167966
34143,0.12948197
138518,0.9539282
114080,0.06491546
116600,0.34275988
76433,0.68098027
134271,0.7092032
92947,0.11645987
125937,0.31177786
18439,0.13202648
70317,0.050790112
40396,0.064353734
7240,0.70579773
7267,0.10449466
108428,0.632152
137660,0.43773773
146345,0.35690105
55314,0.11781184
58059,0.23808108
69117,0.39210367
136335,0.14816858
50957,0.1784775
81727,0.053737838
54010,0.07158207
134786,0.09284375
127146,0.089707576
125258,0.87838614
147209,0.14481127
88578,0.19345243
77291,0.6156747
56332,0.34063366
4118,0.7368183
24159,0.18605359
140894,0.7880798
89363,0.31302693
126779,0.16465086
73918,0.15529639
24051,0.36790812
59580,0.56011224
143586,0.1038278
30732,0.07530251
58509,0.36596924
36759,0.109137185
99469,0.13150987
137281,0.07177943
109028,0.16760679
119831,0.07092259
117364,0.020740964
80620,0.05414344
120604,0.1607988
147051,0.28212583
52714,0.072521865
132604,0.11161885
76833,0.07552474
63244,0.16061588
115807,0.542661
20474,0.16657206
9293,0.14410287
32490,0.31793106
30245,0.09248891
87829,0.066391
68998,0.056731693
54207,0.3580296
12651,0.13573277
6051,0.6902677
117523,0.20477848
85871,0.14559153
59207,0.13999674
84665,0.3763471
12738,0.2928585
42333,0.108844385
108614,0.09699696
95919,0.11374564
93958,0.0712414
103124,0.26710972
148395,0.1870531
148823,0.34307513
121661,0.24206434
105879,0.32473776
61850,0.9750439
81301,0.62459844
131285,0.16799761
21127,0.18835515
143723,0.4132961
54372,0.089311965
57671,0.6139726
145337,0.39984003
109143,0.27426383
105186,0.12670776
17227,0.2111677
3140,0.19985342
5630,0.40491474
74962,0.6676025
137032,0.07909879
54754,0.0651212
34053,0.18861769
49232,0.07333308
106217,0.20776354
57141,0.5661919
17245,0.08011947
88467,0.12342423
113080,0.4188246
122015,0.09754659
90998,0.08075849
1704,0.54514843
119527,0.601566
114101,0.3894305
21953,0.34819466
62300,0.66962546
50854,0.065599695
7774,0.10124827
88479,0.09216107
6189,0.09433182
66929,0.10093246
25231,0.3664793
122065,0.7048644
14547,0.1557753
73606,0.2200984
44594,0.60187954
53261,0.18663116
99296,0.14149155
145758,0.381843
71948,0.5670413
121880,0.23868163
126130,0.14497261
97778,0.23957004
110227,0.19911613
75769,0.8122849
63893,0.41267744
45145,0.21622384
25289,0.9517962
99648,0.11896752
29366,0.42276007
138471,0.5946789
102138,0.04677433
107117,0.07152823
20303,0.08604286
26893,0.05144127
128349,0.11535892
138801,0.08270709
137799,0.49418783
142050,0.11842937
28741,0.15601166
147017,0.21304303
40762,0.06540148
84155,0.4393895
114213,0.16050552
83671,0.09533412
128958,0.36659908
102483,0.10331818
90561,0.4645715
1173,0.32879058
92922,0.66328627
81924,0.35184985
34507,0.18710682
24848,0.032330576
87933,0.5135177
98304,0.34996495
56943,0.40730146
110637,0.52056843
62149,0.20786837
29239,0.32275358
53437,0.9028383
103563,0.64147544
21995,0.086034514
96492,0.11508329
62064,0.1696967
72230,0.1604769
36514,0.07738973
141393,0.26165673
120500,0.09982176
46624,0.1571485
13153,0.39797986
37954,0.87140805
101856,0.24991187
114003,0.09929101
19975,0.5997803
51121,0.09891532
50672,0.12156197
46143,0.19058011
52091,0.1704366
14664,0.43033493
50640,0.07293189
49925,0.1826645
34658,0.24790314
108840,0.7252232
26808,0.27519304
86633,0.06785909
112040,0.07187199
80750,0.11543251
83509,0.08961092
113056,0.06854449
108441,0.08669406
137911,0.72905344
21058,0.0984245
146293,0.2505742
20878,0.7674557
32227,0.096096165
35294,0.095715374
85001,0.73969114
118252,0.041092597
136507,0.27317914
20633,0.5589324
10707,0.5468949
133199,0.08446683
123642,0.13660115
77941,0.097840495
22247,0.35566106
21144,0.4326062
93240,0.12828264
110553,0.11138602
111594,0.22783387
10641,0.08089951
60986,0.68090844
105294,0.51507115
73912,0.14773081
27620,0.14882323
98009,0.46802166
142403,0.10425072
76012,0.086328276
138626,0.8976005
40879,0.1096874
63657,0.045264084
92461,0.812784
26173,0.12226746
104862,0.05255957
2810,0.25213826
13753,0.07414409
42430,0.62897724
68846,0.5756099
84800,0.2260372
25634,0.13718729
72939,0.92714
118287,0.0900251
53246,0.4039164
146719,0.12893626
22069,0.7215271
118620,0.41590914
76899,0.47140443
90127,0.5490809
86335,0.049518943
12337,0.26818627
17065,0.22441024
8008,0.079911165
50898,0.09089599
67992,0.2882035
136068,0.8554486
102751,0.12909928
37553,0.10636324
132482,0.62863064
98174,0.10979164
103577,0.35166228
100437,0.77497447
125904,0.0875711
39899,0.43478358
103028,0.77979857
41381,0.5600656
28382,0.0583433
51600,0.50352246
993,0.28832895
143420,0.22387785
2120,0.8270485
24260,0.722625
121463,0.17988046
144787,0.17614955
350,0.24522771
90366,0.1767793
81657,0.30709326
148301,0.12017176
146659,0.12705281
106389,0.17407933
119013,0.9067444
111124,0.71721023
70595,0.2780084
48137,0.74849313
12229,0.08638953
125729,0.09244154
9240,0.06763984
2708,0.82430327
30553,0.34525186
122104,0.07451505
99487,0.3967751
57087,0.28503633
133075,0.72114897
145375,0.75838804
23231,0.24709909
122677,0.120481275
33397,0.07756283
34549,0.13578407
131972,0.071827404
14710,0.23248239
94418,0.082548
49603,0.29031473
24445,0.1090751
113114,0.061260637
25118,0.034813978
67446,0.28827682
244,0.4112026
9748,0.85998124
134731,0.0489808
36959,0.6454155
143308,0.7090277
57374,0.7752049
76693,0.11687978
28822,0.27621308
105196,0.3840734
20724,0.060620483
118315,0.23906088
139675,0.14830424
108976,0.11170313
133414,0.13307635
44156,0.19312003
84605,0.25948322
105205,0.43450955
924,0.5504287
80980,0.2233677
101185,0.4859249
126893,0.455731
135519,0.18176329
14258,0.19196261
65007,0.15206845
61470,0.71934676
116237,0.0950485
5596,0.14068863
106471,0.94106203
100946,0.17270896
16385,0.26697236
122245,0.5169716
35135,0.7325759
42258,0.08292129
71053,0.44477388
2305,0.052569713
68966,0.084706284
113122,0.38254893
120574,0.17702228
123944,0.23314466
83608,0.19544587
74522,0.34655276
141357,0.070690624
7633,0.25570244
46039,0.5887324
66852,0.29976895
9848,0.14444111
36481,0.16555774
132242,0.40903246
47670,0.06102545
43316,0.104703195
69235,0.083234504
51082,0.49280614
21554,0.09010638
41022,0.25139502
100992,0.16756608
60677,0.09208111
110745,0.085102
79851,0.05879396
11716,0.17069802
125313,0.06608211
112553,0.13822475
99040,0.24986593
102894,0.18855253
145739,0.24283832
149229,0.0815572
99159,0.18086429
108684,0.20150802
39324,0.32186586
76271,0.11720629
64787,0.07977963
138904,0.19918858
42050,0.06261755
100433,0.2529283
35139,0.12222931
37161,0.20142375
63344,0.1766714
49738,0.9619363
139866,0.24179496
2901,0.27506888
26392,0.5565587
144697,0.4356368
47957,0.5668629
66380,0.27094403
10888,0.24168395
107342,0.8439431
135425,0.3808675
86970,0.38889375
19389,0.24647272
103172,0.53233576
8221,0.15271036
4595,0.5790182
133727,0.53969246
116371,0.35528135
24077,0.28665546
73983,0.18276043
51456,0.25933704
145441,0.14337242
105400,0.090943515
30272,0.6770885
80652,0.42152634
31210,0.061865915
17718,0.42199895
107536,0.09499547
83523,0.08265315
45736,0.07739785
10551,0.7986665
140291,0.13338709
15660,0.09850304
14105,0.5025173
54139,0.095483966
51738,0.4133071
46995,0.38399282
117286,0.49470967
7555,0.14129601
71444,0.53648806
76029,0.24913001
58545,0.05604308
3874,0.8456818
10817,0.97294635
96925,0.31048015
87420,0.12794456
132888,0.3045881
32427,0.64336455
128778,0.7624352
148299,0.88823175
112187,0.7458257
46059,0.2550595
17641,0.33507228
11808,0.12983146
2560,0.94068897
104666,0.123619184
99761,0.7755725
94447,0.08358417
139791,0.115955
67665,0.09574421
18822,0.36792606
87863,0.42758077
99111,0.29871675
117633,0.10239879
45513,0.55656046
49245,0.05836422
33106,0.21326187
52005,0.45541745
100203,0.060793977
104459,0.33868116
68525,0.16025752
112959,0.6879362
49653,0.09309852
87614,0.82008016
86670,0.21878424
143630,0.2885003
139118,0.10736395
115652,0.6476379
68281,0.4598132
120289,0.6260278
131213,0.29556063
75528,0.37949544
104051,0.15485306
57487,0.107876204
93283,0.673528
141971,0.044389937
57557,0.21035588
51316,0.5769319
106566,0.9423005
56106,0.26848328
96217,0.14039293
95023,0.07077422
118858,0.08428448
37684,0.4335673
118227,0.06891457
13758,0.55697024
47178,0.484559
140534,0.18872835
102424,0.8785456
55399,0.6492261
107628,0.05354186
77915,0.21101327
90133,0.14002955
148610,0.44570184
134136,0.13115066
115953,0.84919345
109308,0.50020427
146171,0.059324715
40613,0.6113106
22642,0.6323797
103047,0.7397992
3913,0.095027626
59382,0.085471645
15519,0.08793335
118136,0.6766238
10798,0.13095936
21175,0.08696452
77368,0.3281742
38732,0.4158532
90051,0.47601593
27777,0.11160208
97243,0.04800511
139397,0.2361338
125241,0.28843036
3835,0.28045046
96305,0.09733716
75233,0.36617795
22371,0.4251114
106717,0.23864809
60667,0.19498989
109714,0.053752206
141755,0.122020856
84149,0.0710048
46103,0.23212928
103623,0.13498868
95701,0.059007112
41893,0.11413507
20362,0.12121937
64263,0.11941082
124478,0.72096276
114278,0.08310413
6245,0.41615814
44028,0.09209149
109337,0.58346784
107723,0.2997137
19294,0.30919313
77493,0.09160722
49723,0.06414399
7809,0.04750727
40608,0.37966415
56620,0.7316724
55034,0.5314324
89948,0.05431031
124883,0.24034286
127719,0.500559
5104,0.13459866
10945,0.15310271
74604,0.8742798
34897,0.7487777
64316,0.6532364
99926,0.087173045
72848,0.5924773
81079,0.49355036
67151,0.8226602
131816,0.8529604
49952,0.6899863
83867,0.842045
77068,0.6935265
73249,0.67500925
132375,0.124883644
97094,0.31046605
96096,0.1453509
52609,0.39875844
95382,0.17080607
132508,0.16182669
20657,0.114228755
114610,0.293948
40131,0.671985
128700,0.5201874
21540,0.44438884
112284,0.7670816
55604,0.15001284
4893,0.116562985
65697,0.8112904
121409,0.5081353
108125,0.16794352
22199,0.18104218
117927,0.94309074
108897,0.08007716
111741,0.29951578
141529,0.49933866
30158,0.078963555
78424,0.18682505
89114,0.5964981
102463,0.10048045
117374,0.632116
77895,0.654404
80816,0.28987768
22486,0.3048179
70109,0.06392245
115601,0.5612673
11611,0.09562967
9427,0.35161024
49851,0.46266082
47013,0.76506466
32515,0.35973707
17657,0.39813322
105748,0.5951089
26489,0.15386069
40050,0.5241932
9763,0.38411444
52332,0.30018356
44364,0.9160257
33721,0.57321864
77874,0.12836999
80076,0.07375555
143411,0.17815459
40558,0.3169015
58530,0.7605609
114250,0.29300353
75134,0.5587864
142483,0.20301317
51758,0.36737454
98112,0.054748677
47457,0.16694187
44209,0.14382914
16198,0.08730985
57233,0.10535033
131359,0.15351602
141205,0.092599295
118576,0.687029
48883,0.07755729
71760,0.6163702
79356,0.16516918
7512,0.061729454
126735,0.61207384
67580,0.13256015
140139,0.14741765
35413,0.22402981
70789,0.60410297
149320,0.3533853
26700,0.22090293
127981,0.100356825
17340,0.13937815
96548,0.28620362
36452,0.0907296
41399,0.7220837
147734,0.1344434
44510,0.079573095
122123,0.16024044
1454,0.07392174
62649,0.21512242
129340,0.34528586
13275,0.19413467
111992,0.12591398
119107,0.08384221
67699,0.15404211
51622,0.29769847
3041,0.13695331
16105,0.7221951
49691,0.078300856
107037,0.088234
83217,0.71829593
37113,0.43093216
24139,0.2547748
47092,0.54938555
92849,0.0705155
119293,0.059534308
123140,0.2275335
106384,0.07765682
125600,0.07540246
62313,0.7835483
47791,0.42377016
7420,0.34131506
80376,0.5703431
123357,0.32894444
195,0.30155823
462,0.13753885
117619,0.32810938
90030,0.102448195
133386,0.9086328
87378,0.9525388
59456,0.21426962
97829,0.664701
56631,0.48680305
34642,0.9107349
145373,0.07374876
56796,0.6584615
79812,0.10119793
75094,0.47556138
39302,0.52281034
44247,0.2036818
144142,0.7694599
49453,0.11087835
4444,0.81785476
118411,0.12860584
10065,0.05366467
110418,0.38992873
92042,0.5317165
73263,0.0562541
59853,0.86373675
132016,0.35440916
46891,0.07878772
54938,0.34044752
31081,0.07557669
22076,0.27239838
101601,0.16547132
19957,0.57145995
108710,0.23281398
141448,0.6336697
141030,0.66048723
3877,0.26362094
78684,0.24134478
88967,0.34161073
4325,0.08619727
26438,0.08359571
46371,0.24041328
105726,0.47910482
113222,0.4338809
102779,0.71288663
94806,0.35274002
56902,0.43951008
8669,0.84813994
107577,0.18261969
5485,0.22437498
130463,0.11591287
62247,0.43756875
9857,0.18177596
89808,0.06952581
99806,0.27851343
112561,0.65536
119635,0.40786132
96580,0.47194695
56462,0.3133605
126921,0.323549
16471,0.15305477
114430,0.7938775
28054,0.1601016
43818,0.9264943
27600,0.10195163
50561,0.27888733
15062,0.5048407
36145,0.19262311
31693,0.2656674
15089,0.57010645
68131,0.09867767
5531,0.0771822
4020,0.16267234
119523,0.1118754
142806,0.091998585
92758,0.10141678
42015,0.32833296
9777,0.06964196
21088,0.16358307
63168,0.13667524
11238,0.20296252
149601,0.33279172
100928,0.10155028
147835,0.6713228
69526,0.062474284
103007,0.12006886
25599,0.8894357
47145,0.92823243
28692,0.8940574
142086,0.27080208
86299,0.16154382
82687,0.09837027
26649,0.41929448
9079,0.10703208
91826,0.28430927
33228,0.7586586
74837,0.25498405
18782,0.09940828
51595,0.15018702
135400,0.19624986
39267,0.10519265
29270,0.06362438
130018,0.13599065
21901,0.12389453
15803,0.27497065
97050,0.13604079
49801,0.8491197
114857,0.5217578
111033,0.19859804
4726,0.95915407
146193,0.24903394
117367,0.13728786
99237,0.39460003
67937,0.07122932
76480,0.29465172
86242,0.0563492
148415,0.31475863
22812,0.24319291
7050,0.40626627
40778,0.32869732
97908,0.5145645
14238,0.20275122
1434,0.42823184
126663,0.22499198
16672,0.25082412
121500,0.67497164
107667,0.11786069
102900,0.2904105
4254,0.078801304
15499,0.6112679
148675,0.63598114
104518,0.49194843
83899,0.2560277
66109,0.22317255
117910,0.071621835
125270,0.18717971
135907,0.124981225
89727,0.15348735
69116,0.8113541
125662,0.26687694
15386,0.16811937
79295,0.74034244
33356,0.6228342
7883,0.13126986
24064,0.11536006
48271,0.17713434
63815,0.063482545
130368,0.09034826
102737,0.18168554
22446,0.09745625
42551,0.188707
130219,0.15750703
77947,0.087395675
52897,0.0993209
8633,0.55432624
44222,0.54626447
79180,0.062942155
133746,0.5504338
104142,0.0674388
98331,0.3711158
86363,0.36587852
17277,0.84555304
67047,0.13033693
77033,0.04075448
128917,0.24275458
81345,0.53773427
99501,0.75688714
118460,0.3736772
18868,0.9120439
47796,0.8262144
63435,0.18683264
125474,0.45103607
107205,0.34689236
20784,0.6778866
33187,0.079966
96170,0.077868916
54350,0.067821756
115230,0.08017975
133534,0.06875599
147417,0.12133319
111289,0.11811289
127770,0.45270973
36130,0.3963535
20580,0.101233676
42406,0.2727467
53129,0.21577565
39188,0.08081947
45909,0.36157474
106485,0.44337606
113574,0.22903393
114549,0.084872425
26953,0.24638045
128912,0.08229247
146835,0.5475306
74750,0.109643735
10119,0.61223155
103766,0.063599385
6277,0.24583356
129350,0.5431198
15668,0.52354604
15492,0.8619172
82427,0.69464844
106879,0.064028874
122292,0.16394769
72356,0.09520873
43436,0.07091276
26172,0.52557945
66708,0.4719238
47424,0.13729332
119305,0.59017175
81450,0.8712256
48245,0.9000715
107092,0.25917268
115960,0.17647493
65267,0.87542284
78392,0.21051994
125073,0.06937005
80288,0.0613789
10407,0.10248369
60233,0.7659768
18640,0.15391757
9679,0.15131418
51634,0.31216186
108303,0.081079826
4702,0.5277245
71700,0.6608208
33669,0.06681096
94376,0.08804707
14598,0.14377038
100893,0.4734229
57036,0.10841833
76545,0.28092277
78894,0.09594402
27868,0.71366036
30465,0.14037767
132237,0.3427316
16453,0.22659944
143303,0.3320802
99056,0.4068876
28924,0.17378685
136703,0.5654768
78199,0.42770103
64520,0.26013106
70937,0.22763637
86525,0.5906355
80610,0.51148164
83416,0.09778363
38346,0.74125266
147121,0.081269294
108752,0.21205716
84380,0.11186963
96819,0.26126212
146553,0.742437
88184,0.21191522
88599,0.2963166
18075,0.07360077
119883,0.3535567
145913,0.13740447
113000,0.072433956
128136,0.051741164
139704,0.039424475
61935,0.7969295
128663,0.44148394
129244,0.2709958
24741,0.14444758
57981,0.2602729
113664,0.41036662
66329,0.22633928
45350,0.06995836
42042,0.036512382
20817,0.83066636
77318,0.32000193
91021,0.3114543
147148,0.30100793
29205,0.5737765
17944,0.41584003
73296,0.18637896
120294,0.6052788
67766,0.39513126
117766,0.30505103
33007,0.2396852
36564,0.11176463
50843,0.0658733
40311,0.09778157
121560,0.16967751
102738,0.090910316
109249,0.809839
16218,0.23078273
144045,0.09720227
86750,0.40472364
95948,0.4536378
101683,0.08118999
97179,0.17724659
144774,0.9222206
51044,0.19589846
22678,0.50578296
107298,0.12234432
142664,0.20574571
98171,0.20020369
108209,0.13320139
211,0.13617389
148764,0.6953318
39954,0.11555084
19181,0.09710337
128645,0.06550897
149460,0.13879742
83074,0.35345474
31576,0.16727945
21683,0.084185
100237,0.13860558
100043,0.06534993
55617,0.096572734
109029,0.15302646
7060,0.48369834
51978,0.17575991
141164,0.68203574
113164,0.18957295
8817,0.13630448
119258,0.097513884
114128,0.39114892
120230,0.71348286
31075,0.6097629
130646,0.067928165
138681,0.6982577
8138,0.084416784
66105,0.717814
149922,0.047943138
79765,0.19794638
83020,0.21710506
24196,0.27320904
107393,0.5808993
84109,0.871945
117753,0.09121898
51661,0.068507515
108245,0.5649696
70446,0.08782182
102525,0.9226545
53569,0.118834324
80919,0.19797635
78791,0.24600515
89978,0.06511087
928,0.113641225
145234,0.18263574
142688,0.42157987
22986,0.34396812
84111,0.4940072
141015,0.19508752
132085,0.6829418
21780,0.14180161
42085,0.41326505
44654,0.25780776
3479,0.1143618
103425,0.36487806
46205,0.06733815
63632,0.13327278
72687,0.55990857
94490,0.07115751
914,0.5716929
86371,0.1537563
62547,0.6070409
87948,0.33190212
72047,0.049948644
36112,0.62321126
13308,0.7595891
50427,0.68948126
55252,0.2609032
116104,0.40234622
5002,0.70784104
88905,0.1948784
22386,0.70721346
48207,0.31845608
5124,0.7634254
64727,0.21742234
57203,0.92901224
37099,0.59360754
8940,0.13826592
26528,0.5573414
72593,0.6104817
35552,0.09530754
15206,0.36971015
220,0.26531306
109103,0.17836872
37824,0.13309266
112434,0.13737492
43120,0.3217551
60819,0.65488666
78101,0.8474853
85580,0.31710362
143869,0.622856
74376,0.3154799
124445,0.238251
102141,0.20011449
13328,0.290854
104821,0.10169497
15430,0.10719001
105625,0.15319614
6285,0.107684344
61753,0.11915011
21132,0.09459339
81226,0.0402035
129848,0.2468148
147662,0.18618728
80775,0.7777239
96431,0.080482885
84895,0.9026219
35215,0.07008059
83188,0.083672285
85483,0.11602697
132471,0.55211246
107725,0.64977074
51024,0.31318077
70336,0.31187865
72507,0.13956802
5598,0.09119957
123852,0.10090961
92087,0.09630635
88091,0.2420273
31536,0.18860161
8417,0.38255376
115716,0.1351663
94920,0.5084753
146460,0.70579624
92232,0.6180425
147574,0.57659787
115216,0.5897105
139955,0.9170949
120292,0.2407287
104881,0.0561709
33717,0.058183104
23519,0.38370898
34647,0.74909854
145544,0.12405469
101244,0.22077891
76890,0.39587766
111959,0.5282684
127010,0.50095344
118364,0.18765812
121113,0.63270646
58859,0.0816855
48047,0.17663456
82431,0.55284697
58434,0.13708033
24804,0.23840971
51503,0.9000919
69010,0.32143992
109648,0.11082991
78805,0.4090863
49679,0.6378605
21434,0.2510393
46288,0.28720605
139109,0.6053638
16122,0.51434124
3441,0.09063272
11187,0.9084918
112885,0.49545723
108854,0.07706508
145197,0.278191
43247,0.13695262
113090,0.36178064
63223,0.46691927
98383,0.84145755
97802,0.607447
116060,0.56675965
85925,0.41534808
13204,0.11740697
106086,0.3523989
60728,0.12169687
41718,0.10579184
105968,0.23202069
119165,0.10302575
61751,0.10342602
66760,0.29538026
85154,0.10528314
14051,0.15832058
140058,0.10483922
34525,0.077393584
36404,0.57716304
52929,0.07125525
138114,0.15915935
34434,0.13748409
84802,0.06535738
32665,0.14496323
15741,0.5549176
15510,0.49995112
97878,0.05058935
50936,0.08338009
61268,0.170842
128037,0.08815249
89247,0.10605409
75362,0.22484487
71708,0.5122994
79608,0.09380216
72382,0.4301095
100756,0.11717559
67110,0.10896299
8922,0.18089393
49205,0.11776537
10467,0.1905203
49048,0.25370988
18036,0.42101374
109539,0.08228887
12893,0.12285163
90717,0.14761402
12428,0.14028288
5064,0.57252085
3160,0.12904415
93020,0.08013023
100288,0.16402757
74488,0.099672064
133948,0.05795826
86566,0.17509983
128274,0.06841497
102997,0.16231622
58683,0.337042
116092,0.19630305
87987,0.076353155
121598,0.095831804
117093,0.116471946
14753,0.42932245
99114,0.53206
87832,0.49266246
127468,0.1272535
130429,0.14122918
33553,0.57054293
137061,0.9480814
32352,0.13429427
83401,0.15821034
124494,0.67136335
27558,0.1531788
111976,0.083994284
98130,0.6326579
75191,0.14003804
119971,0.1698673
95025,0.54156494
14190,0.33586103
44952,0.21852581
80823,0.39054877
49030,0.12096546
147860,0.25539988
106466,0.5512417
17859,0.5916815
5226,0.5997546
28383,0.32062396
134590,0.062482554
129619,0.2814792
108255,0.07523304
106899,0.34708962
39254,0.94007015
36118,0.26464632
65444,0.9566966
33443,0.46068314
37966,0.8131227
120758,0.06394445
86206,0.26066312
147967,0.10549232
7174,0.8980036
87689,0.09460405
144492,0.24779251
129526,0.30678314
70353,0.12720908
137857,0.06542805
145821,0.262038
106808,0.12405739
60774,0.6022299
48812,0.30804285
37018,0.08894759
22863,0.42764348
74264,0.9067593
40681,0.084017344
27539,0.19629596
78634,0.1510156
50729,0.3012517
113626,0.27682024
94208,0.07482886
101005,0.440523
138609,0.27927503
14907,0.23542283
129151,0.122710034
55702,0.06182032
27699,0.07094276
100330,0.16611354
36029,0.11918467
60241,0.0707938
145,0.18583475
98795,0.086160995
33720,0.7472548
123789,0.27285084
147050,0.4269827
32976,0.37090012
8810,0.08228408
137330,0.17319949
128665,0.37565497
92818,0.4676745
16787,0.1473515
60054,0.5396361
91131,0.5290514
44619,0.35957712
975,0.93146956
148466,0.39462334
133677,0.13782254
109631,0.11811845
68780,0.7841222
95022,0.15465969
86244,0.53398347
133892,0.09926678
134321,0.12980014
9578,0.3205762
12790,0.06790598
148587,0.08324847
74042,0.11977257
7584,0.18136562
97056,0.08975346
22305,0.1684828
40406,0.11178685
146480,0.11934844
123828,0.4267226
89742,0.1631063
135682,0.12682264
121657,0.07328967
136091,0.50533026
4246,0.17848872
67655,0.24546807
123279,0.15626217
7599,0.23192781
29616,0.3149548
101644,0.542434
71325,0.32403466
69154,0.85069346
34379,0.19995677
141369,0.90361077
33944,0.09547334
41719,0.3743962
106295,0.29906002
55209,0.09099172
71133,0.23361515
3128,0.1165053
88930,0.21740995
80618,0.8458104
79945,0.10212915
69942,0.8112867
129043,0.5687788
132205,0.22033161
148730,0.5049726
25842,0.18452372
144955,0.30442354
137204,0.12539977
116624,0.07344772
76360,0.39305088
118031,0.09068377
46440,0.096174665
23661,0.22309154
143185,0.08920359
60540,0.049056854
87204,0.18566863
24969,0.06942495
106605,0.4509383
128078,0.083130814
124378,0.3899122
60082,0.105403654
94730,0.081819534
31818,0.52303165
127930,0.11114736
24359,0.097707495
135514,0.1834464
87521,0.23359309
124526,0.771028
18848,0.18598467
113869,0.71320796
87406,0.10422049
39151,0.44402707
42948,0.8748
35743,0.098543465
70967,0.3028519
96029,0.0844839
67476,0.42851096
39471,0.06427616
19397,0.31797516
50161,0.09499815
50070,0.07042693
96733,0.10227108
36412,0.18127935
45094,0.051398225
66754,0.068147734
60811,0.07870532
120660,0.12271674
77160,0.5288855
127768,0.06051151
111353,0.67398286
91260,0.76038134
104462,0.07973578
111724,0.054052293
86915,0.1118979
144338,0.054106437
64421,0.56040627
1007,0.21757957
142377,0.2742505
55977,0.87626964
13619,0.31389946
97702,0.08822116
30604,0.36005732
111427,0.14959054
57407,0.098661155
134723,0.29535073
44678,0.11714485
84505,0.19118872
96410,0.58008516
148420,0.22281295
78611,0.56391865
10658,0.24661358
111268,0.03918165
53484,0.937664
34269,0.92217845
90518,0.23402189
11361,0.12468889
72487,0.096706435
24775,0.06777913
89909,0.09543987
9291,0.29177502
53066,0.833711
117933,0.43299192
22643,0.27412698
24178,0.6009103
9974,0.13573885
112902,0.35711876
47758,0.107829355
57399,0.70505226
148850,0.6170083
58964,0.6677546
149090,0.290288
144199,0.8796667
141536,0.15655148
132716,0.5152919
55890,0.056012653
54850,0.38355434
26878,0.3041659
50530,0.080445044
106296,0.2999403
114451,0.122812316
75513,0.33886185
137360,0.27424327
7017,0.1311287
9072,0.047820468
67423,0.43504223
85218,0.14060178
99352,0.24452437
92754,0.10146759
52345,0.101704635
133864,0.15779327
94506,0.7460585
59551,0.07303999
126795,0.67214
49888,0.074628286
77027,0.36912543
58578,0.27724278
76800,0.30235404
137785,0.4888402
28856,0.20613873
148679,0.14739001
77494,0.41215223
58029,0.4381081
99198,0.3373979
2846,0.48739567
70694,0.54543567
48663,0.54987526
76717,0.22721502
63542,0.40588552
79839,0.19046997
92202,0.13021022
125881,0.3858266
141088,0.1398764
67259,0.8330823
97309,0.2856736
46192,0.18328479
129005,0.27041367
86054,0.10155176
27708,0.4220019
61518,0.80862
25424,0.18258587
134720,0.2896005
120784,0.077231936
70934,0.49404818
37068,0.28416666
140600,0.29739547
83170,0.37060288
13171,0.083040215
96748,0.20871118
44146,0.16523173
131454,0.34283242
114586,0.11979142
60112,0.6159196
132672,0.71857584
98785,0.42580664
39451,0.25632542
46882,0.31203318
42012,0.08609732
140842,0.29859373
76608,0.95237064
79689,0.061864045
34880,0.1460145
67221,0.28454295
38587,0.45485654
95535,0.5007526
139187,0.15650943
52655,0.9192178
113405,0.8870282
140770,0.2935935
126446,0.11857789
10716,0.55313224
97564,0.067579105
25590,0.4076685
90256,0.05252049
52234,0.25086588
115267,0.10494399
73939,0.6005961
75844,0.352478
106962,0.4709319
23202,0.38555047
31195,0.19789791
110796,0.17569114
79554,0.93918335
110625,0.049961254
52851,0.29694796
13705,0.3947384
84502,0.15788056
71234,0.077972226
65320,0.37631458
69854,0.052852497
27118,0.41449016
134597,0.91418517
25033,0.66864336
2970,0.117029265
108496,0.46576467
113541,0.10154826
84164,0.278833
146080,0.09818609
14824,0.118009076
34152,0.40037104
90588,0.13836384
61992,0.102073915
28135,0.123804435
128580,0.32677278
42882,0.45885706
130843,0.114292115
117836,0.45450214
44809,0.25386328
62287,0.08528454
32726,0.14878638
121436,0.20834228
135860,0.29991683
84894,0.06684972
21405,0.07562523
71654,0.7988228
68363,0.10048023
29118,0.11583178
45684,0.1421465
102717,0.094610654
8053,0.2078535
82865,0.21368413
120271,0.16873291
137222,0.44748938
113546,0.26728195
40716,0.8133491
63104,0.91532826
116952,0.1454893
82388,0.08678328
139132,0.058329914
8310,0.7403288
124399,0.055500314
107606,0.14958487
77962,0.51934934
104536,0.8770206
83026,0.51430136
15029,0.078752704
134418,0.10443916
49767,0.1721345
66594,0.04715761
148941,0.18446122
9822,0.03891323
137106,0.74582434
139578,0.10005873
131147,0.25225642
135695,0.068982154
97978,0.053416178
123967,0.30105102
72164,0.16869366
75345,0.26934978
2955,0.27613413
43010,0.31257784
34104,0.20435189
106269,0.76570994
133718,0.092046686
57100,0.075335436
120928,0.26343122
35428,0.60092384
111278,0.22016592
98818,0.15504646
137225,0.71464413
60838,0.124665104
38884,0.24728513
58218,0.4472578
127192,0.070438
27891,0.11765767
22819,0.06536293
78093,0.074249625
35271,0.809295
47217,0.08109691
48973,0.07540246
50879,0.11858538
125345,0.104358554
57302,0.28091043
139958,0.41821662
138324,0.06414171
47127,0.09769638
2527,0.22492036
82441,0.45974034
30072,0.09094921
113229,0.55910575
149748,0.05780556
94387,0.43847942
126389,0.11946714
87160,0.94605273
40187,0.918499
34116,0.04166044
57821,0.65861344
59758,0.12102082
108290,0.1475424
47175,0.6477006
73086,0.19551548
136632,0.37161943
69802,0.28636572
140948,0.73196065
146884,0.06319102
107493,0.78274405
41798,0.12942456
133277,0.109467916
83452,0.2785516
73138,0.06786697
131469,0.58894926
37858,0.93279874
118466,0.5119
144895,0.07737911
106573,0.44775206
148039,0.27290216
129725,0.07719652
123992,0.1106858
80009,0.3398818
20364,0.15069564
22135,0.4791773
48166,0.3759955
99946,0.38814852
100908,0.10204787
38332,0.34120506
128861,0.9005082
106088,0.9281822
124593,0.19668156
25006,0.19070096
466,0.2380013
39752,0.3555736
640,0.24550071
115928,0.084290974
6283,0.9305684
25560,0.094496995
117897,0.106794454
37520,0.31033882
65154,0.15765838
21912,0.23540436
36630,0.7844492
99770,0.9245298
65432,0.1317225
49623,0.051605612
103230,0.11063173
66853,0.20260917
21307,0.124638885
140852,0.20543118
121513,0.17599425
88486,0.12941298
36163,0.8292895
104815,0.1834409
53110,0.14901495
2167,0.38524145
35638,0.24252427
31062,0.16978945
75319,0.09625305
94846,0.83295
94514,0.13969131
22104,0.7435508
19409,0.4349622
51602,0.18965025
16560,0.1666684
148829,0.9576673
57211,0.4377266
48800,0.16116968
118556,0.36377534
81480,0.104366355
96645,0.11933116
130438,0.948887
12594,0.062993206
70349,0.17877789
70509,0.09107667
90235,0.06868458
53297,0.042535152
40333,0.12225376
32973,0.4613655
142156,0.12118808
54959,0.15874405
66563,0.8840527
137041,0.15788907
33333,0.065508075
34733,0.07816849
144939,0.24138977
39194,0.08983216
61936,0.09041338
118234,0.048293207
143501,0.1712078
39393,0.5870969
20459,0.14158347
23712,0.13765083
72902,0.38292032
75211,0.11036762
137226,0.4901187
54700,0.49200404
25296,0.18175414
138924,0.14982228
141897,0.5700268
14330,0.41168788
79726,0.22807267
11976,0.12407941
3904,0.054558013
40013,0.2768605
60292,0.3931292
138396,0.3998946
3318,0.32367647
55612,0.15257901
26706,0.16305643
81724,0.5097956
123302,0.90023667
12077,0.12122703
139879,0.23928271
71471,0.21046641
61917,0.53275615
14756,0.28190944
68736,0.087878406
88648,0.69610566
86173,0.45756376
22066,0.4356642
1707,0.081620924
147025,0.1048879
120804,0.69047934
8676,0.11075377
54035,0.37506407
143086,0.13330305
74529,0.4748178
95404,0.1385206
44374,0.10694973
115296,0.5351692
20430,0.37526822
75923,0.07196944
75686,0.23615031
96121,0.09185057
109577,0.50627136
47786,0.09870486
67725,0.046457067
124707,0.06978773
126535,0.41087168
70264,0.11217447
139617,0.4416814
109360,0.4038707
32222,0.13166335
16110,0.20176691
63292,0.31779957
29023,0.05827826
104730,0.5613391
112135,0.096284784
84501,0.158515
7369,0.68100184
113779,0.31617153
99109,0.41214377
4513,0.15240847
71742,0.9345842
104637,0.21211502
80626,0.4233751
65872,0.6391764
25036,0.694286
95403,0.19172044
118,0.16197906
26612,0.05811022
25594,0.092844
28375,0.23857152
123734,0.6729556
133426,0.43313757
55147,0.09820393
65814,0.33168173
42617,0.43243712
95495,0.83865297
84517,0.96717316
120390,0.41961116
107805,0.12542117
42534,0.6277624
90501,0.11755927
107318,0.16444863
89195,0.5558689
51115,0.33621
14571,0.15824918
91470,0.43142718
82761,0.25914377
51116,0.27184102
4839,0.16443586
71755,0.05933986
125307,0.17765671
145412,0.21546797
52796,0.2793254
58024,0.04280148
111068,0.23642924
61665,0.46175644
143492,0.56336707
77859,0.05269458
134854,0.33283883
70123,0.35579944
27630,0.08822525
4692,0.5616823
59743,0.18333814
127552,0.14051998
61906,0.21806768
95887,0.4956413
110076,0.1619205
38777,0.11039943
20480,0.9305739
104171,0.16791809
72033,0.5029517
17886,0.47045505
121954,0.4348768
4238,0.07518464
99129,0.32969284
125633,0.2969133
149462,0.12977001
66167,0.45037234
67232,0.70422316
81803,0.324599
31284,0.6703975
37677,0.061263513
13225,0.8823109
80365,0.10701747
28363,0.53763115
105159,0.24718888
8254,0.55577916
75242,0.08325323
98558,0.8666048
109677,0.1875224
40640,0.33740023
73923,0.07253677
109414,0.055432286
35534,0.098745555
135879,0.19784589
79427,0.050712112
7595,0.35883507
35729,0.26494253
136047,0.46991614
51949,0.1494215
36510,0.6190663
58194,0.12834589
39012,0.6266128
60800,0.09607993
86186,0.1001584
111463,0.5015772
109664,0.8259388
79736,0.19563542
123336,0.26214668
126800,0.11891276
139806,0.4136667
10234,0.37295994
105479,0.23309034
82113,0.094721
43539,0.059314925
145024,0.10029229
78608,0.3177543
147034,0.6183091
128634,0.08266608
132193,0.07216388
119928,0.22048715
51700,0.45232955
73745,0.33365235
54304,0.18464704
23697,0.46542984
41281,0.18132983
96954,0.08487211
91233,0.088664934
64217,0.24734107
78271,0.6734026
14195,0.10353795
102880,0.07066774
46519,0.121314704
30274,0.6153273
32815,0.5105952
51461,0.5752051
28446,0.1048271
95227,0.19153075
38756,0.10222945
134026,0.15064767
101439,0.2234962
64667,0.6881132
114229,0.93981147
91893,0.48969382
45140,0.19396603
116753,0.5598014
124428,0.08001621
31794,0.35874945
96892,0.6361675
14081,0.07189308
75030,0.11707544
106886,0.09598975
48528,0.18367028
7523,0.3447431
36242,0.055337925
93879,0.09279286
108552,0.5751932
143937,0.703128
134729,0.63106525
34456,0.9426669
56839,0.39735112
124631,0.42660156
44171,0.5480641
24826,0.18763301
43870,0.122670956
122642,0.13364504
30362,0.34355867
112066,0.0687372
141669,0.20051217
140245,0.070520595
16398,0.39400402
99332,0.63012004
36519,0.9368178
105021,0.095572665
83938,0.30304322
62991,0.38737676
109663,0.09029944
40981,0.565006
31427,0.6147659
27865,0.17378582
147074,0.09294568
149689,0.09739625
116185,0.68719035
57299,0.11664938
76539,0.1952795
65424,0.21615025
137922,0.32944453
77728,0.5446082
70676,0.12605603
19685,0.473583
117127,0.88865405
48007,0.37946033
24098,0.42559502
105852,0.21213341
76565,0.8010505
119507,0.40547782
91879,0.094686694
49319,0.15769467
137976,0.1930457
54858,0.062287882
125549,0.12432605
58376,0.12250263
124271,0.3246904
71680,0.10710181
30856,0.1528564
67419,0.10210724
13714,0.18757492
90677,0.14250886
109604,0.9399875
65675,0.082632095
75837,0.11522375
32625,0.38937688
102492,0.5001493
3220,0.10217583
137307,0.33108515
16035,0.34580693
81994,0.67705244
111698,0.42814845
85417,0.32056263
130624,0.62000144
138402,0.6412605
35684,0.1669779
70299,0.15575983
76359,0.21682377
135705,0.4158814
78652,0.18138728
71007,0.6559718
79586,0.4673937
140460,0.33676523
79223,0.085078724
62725,0.2975435
34141,0.26075858
73209,0.04501372
78974,0.5523074
111024,0.09162253
111978,0.12978546
132706,0.14329092
32988,0.02237367
98056,0.55749726
53849,0.7439227
44334,0.95427525
90472,0.12830876
10894,0.10098004
49108,0.12815359
7645,0.37698588
87734,0.06746922
19677,0.4027856
32998,0.42498317
87004,0.9167011
119029,0.7307288
8990,0.3036199
72217,0.11283177
111154,0.10851332
111149,0.7304983
76371,0.90229094
29361,0.18791595
111350,0.15563583
44112,0.54203534
101334,0.5640638
101572,0.22916658
82443,0.63062656
144505,0.54727864
6669,0.922125
125625,0.55453974
129739,0.07308529
42567,0.6608444
78539,0.247582
94276,0.09782916
34272,0.6313905
7236,0.20629182
7970,0.58597684
34320,0.063849136
94646,0.22588739
100965,0.1321148
128470,0.16740558
41580,0.8264412
74359,0.19548585
36879,0.09462027
147394,0.9514255
119337,0.11040035
52478,0.57437515
37401,0.7730654
133669,0.21190079
91747,0.07639846
95488,0.34823072
67967,0.13057636
18034,0.065454535
74452,0.39958584
103022,0.1301093
65901,0.4035385
108152,0.17488559
67950,0.09095034
55452,0.14770488
16704,0.5171729
112862,0.54630506
33512,0.09501566
23052,0.15129231
91528,0.61346585
130159,0.3230493
34463,0.21206723
93767,0.108387016
32334,0.52969575
132233,0.06941514
115400,0.2775689
122504,0.13916597
93805,0.10550169
137770,0.07480375
126836,0.06363112
114198,0.1352559
23819,0.15962964
38661,0.21533573
58794,0.42991146
120246,0.07349864
51450,0.7903504
63337,0.43461296
47417,0.20614246
147636,0.04214891
51582,0.06364737
112675,0.1727153
117985,0.07501913
136049,0.13659355
60360,0.8550803
62412,0.17959838
6493,0.10415783
70953,0.69651765
139517,0.09352797
46061,0.41539344
72468,0.07348581
120752,0.13267201
39040,0.1076559
84510,0.33813924
72856,0.29164153
51466,0.24665713
104327,0.040452674
63358,0.29152405
54360,0.34732106
81500,0.17447908
113891,0.1260696
92115,0.42661816
96435,0.29528657
40577,0.6719062
70644,0.29982385
140801,0.29886627
60140,0.25484782
21552,0.14012572
30760,0.24320377
62635,0.32197642
13521,0.49832124
2536,0.3153631
148234,0.9235384
75890,0.04556659
102067,0.58222395
18700,0.5516374
62654,0.70394653
141437,0.0762763
37821,0.1217102
118699,0.11695921
20442,0.9186577
124885,0.0922978
60205,0.8629273
31824,0.07864469
39911,0.11805015
65251,0.18833467
42369,0.10352723
63240,0.27379265
121118,0.58652824
98348,0.0721596
145795,0.1038278
54280,0.25796294
104998,0.40063286
87366,0.13315775
77046,0.11965728
146365,0.22254688
144221,0.9743157
70621,0.9629509
5301,0.059028972
38263,0.3766997
37077,0.079203315
9738,0.29453307
79322,0.10385682
119693,0.042996794
5508,0.92599803
129822,0.6011453
27858,0.107986644
110816,0.09377517
55586,0.11867605
98177,0.34701106
149414,0.08739537
49347,0.13328275
130960,0.06784419
81580,0.21320269
85439,0.08348347
6387,0.06989448
92433,0.31458932
6506,0.89916927
3899,0.08554809
65679,0.7816787
25525,0.15973093
47777,0.51040906
125821,0.11302621
32248,0.11885547
128045,0.8759561
144973,0.22718982
113566,0.1092239
2231,0.35600522
22261,0.8741823
60224,0.8595177
69577,0.18532167
74421,0.114227675
146324,0.20672332
34563,0.49038756
100351,0.7894154
63025,0.13202816
19620,0.6141311
87038,0.6988245
136323,0.05673279
70751,0.3247906
74078,0.2712032
147898,0.05815713
140138,0.09191465
74441,0.16609293
48282,0.8357563
14695,0.23870306
109241,0.2473713
18321,0.51173764
134679,0.27188158
7899,0.068751596
143708,0.31312847
23628,0.063390434
86270,0.2517336
96185,0.33960986
130321,0.0925421
114900,0.18869333
37588,0.21680169
68234,0.09639613
28296,0.27517655
5639,0.7891145
44447,0.10791843
8546,0.6871249
120900,0.05956704
146251,0.18836066
53880,0.13641828
61733,0.29253858
58350,0.94814384
55689,0.13168846
89814,0.8298177
107031,0.1649293
103833,0.31523025
8072,0.046724916
116946,0.660017
60842,0.46518445
75083,0.099264465
28730,0.11030015
143338,0.112062536
58995,0.07580553
121837,0.23630643
48979,0.23588549
57189,0.4977381
125781,0.6251923
86241,0.6262688
14425,0.49603003
140033,0.369326
106884,0.30153513
23621,0.17530258
65719,0.20232767
41331,0.08504024
20568,0.16100225
120916,0.30825573
33700,0.40379947
35145,0.25434142
70047,0.37505093
114343,0.1242124
126866,0.1475357
128975,0.61484265
139293,0.4811743
111701,0.24776378
90403,0.09542103
99712,0.09759724
106620,0.05798895
73282,0.28594935
22300,0.83343995
46877,0.13905613
49233,0.15036528
133525,0.19533269
29220,0.2587654
91125,0.47971317
97115,0.09420313
109609,0.06476977
47706,0.27052492
42200,0.9059504
123024,0.06162846
9887,0.37069663
78264,0.12095622
9036,0.13757388
10012,0.06471362
136027,0.6106006
66651,0.31057736
25614,0.09170269
143801,0.1390755
87147,0.19295377
107838,0.9513507
88057,0.15329067
11828,0.043527793
143548,0.100829735
108571,0.062505975
77232,0.13602337
62014,0.20446894
146750,0.1604464
148239,0.5328062
20255,0.16504596
89083,0.7484859
46774,0.04740374
13870,0.06282275
143748,0.159552
46134,0.092822365
88908,0.503635
58871,0.18624032
94123,0.16644396
94827,0.6188937
135766,0.5229275
101114,0.8780444
82182,0.53379583
99740,0.061631303
119377,0.083628096
91063,0.11018508
59787,0.074671604
84469,0.081634596
95331,0.30446666
131278,0.8330627
91736,0.3932976
28612,0.048453182
90854,0.7148095
38580,0.13867745
116914,0.07569199
107458,0.93147
39394,0.055499494
132387,0.132505
117960,0.11018242
84717,0.115748465
99121,0.44367385
9429,0.08705911
96007,0.62011415
31876,0.5645089
44741,0.1130073
135521,0.39860117
136851,0.15447809
46361,0.3349028
110068,0.17470866
125909,0.29729676
136385,0.20932911
134061,0.070441306
28634,0.64217305
49058,0.17057069
129235,0.2236934
33973,0.4290669
53369,0.3189894
30889,0.178449
112932,0.4411595
51103,0.2744214
146459,0.087564014
81697,0.6299103
49544,0.05937081
131553,0.20212938
125176,0.19461265
25493,0.61964166
84641,0.60392344
97756,0.59877133
31548,0.16337356
112896,0.3463639
14843,0.5301199
21761,0.80074066
112923,0.5687838
53302,0.871817
139476,0.057279617
130823,0.12808348
24675,0.7272536
143030,0.31254205
59062,0.8055411
22238,0.79920596
137674,0.40780646
66906,0.3931457
126172,0.10039973
66219,0.052291863
138547,0.3845099
141859,0.11585374
64946,0.59650534
62450,0.4359128
142535,0.3141937
90629,0.8027121
71445,0.3971229
144145,0.103106104
109261,0.111261904
66057,0.13096052
48119,0.119794995
22101,0.12586021
92507,0.29012173
102935,0.23888159
28136,0.51832026
126540,0.080082685
18236,0.76734024
101463,0.4402585
113811,0.15324976
88187,0.1363915
101536,0.3227471
4188,0.54891557
33446,0.523828
135106,0.32427135
139294,0.52991766
57294,0.55316395
146856,0.05798353
7745,0.90447736
74642,0.25567248
77545,0.38855913
109158,0.13929448
136102,0.10950302
46526,0.1154515
100611,0.18612741
131964,0.63519746
1201,0.21192618
58952,0.9269185
86796,0.14386386
17740,0.6369601
117444,0.23642728
66873,0.12518929
74125,0.45446384
142016,0.0601558
140579,0.13040622
85315,0.09765916
120541,0.3537633
133891,0.590461
46268,0.13522734
73784,0.07453964
75005,0.057457272
90402,0.06385362
30120,0.18624924
23437,0.107758455
39437,0.22209305
18861,0.12272244
113286,0.09503979
24830,0.065152675
68951,0.06441702
81099,0.12710766
59734,0.0868889
99895,0.61874866
2912,0.25182942
58809,0.25070894
81322,0.4653848
46961,0.1346541
52267,0.3272775
39512,0.11371783
946,0.25512183
92018,0.2870015
33222,0.48150307
38464,0.26680183
25874,0.15139455
94054,0.8407507
324,0.23038441
9272,0.22258268
56449,0.34607372
83099,0.11509366
74678,0.07940272
133555,0.086017475
123031,0.10317045
17976,0.13078186
85814,0.25215772
10139,0.10807362
23213,0.080857344
100804,0.31944102
97911,0.18034196
2234,0.4599982
134221,0.19567282
119531,0.7617476
118222,0.16269366
19497,0.9418266
107951,0.87003917
59895,0.18209653
31583,0.2011805
70510,0.072485484
139048,0.36891216
34470,0.669056
59635,0.31508783
24773,0.8956984
139277,0.20761208
65913,0.34046048
32133,0.7418898
19176,0.16265757
144070,0.6105908
51981,0.14062695
108539,0.19091597
125080,0.37251452
115037,0.054745704
117806,0.6082543
45629,0.0634835
43727,0.07432611
53598,0.29632732
112098,0.0882365
25825,0.050954632
37886,0.3382038
25952,0.16678011
9149,0.81047904
61571,0.143044
115565,0.5148945
132487,0.36959195
59182,0.1780261
4575,0.86768126
112045,0.6223872
143472,0.13608542
20769,0.26437995
109694,0.8480054
24430,0.26214117
37795,0.5488143
93194,0.51211566
126254,0.92861724
115558,0.49474153
133740,0.16661155
142624,0.079070784
52515,0.068505645
78704,0.8103612
71213,0.115309976
110948,0.18924144
49744,0.12957892
20350,0.19563319
66682,0.12213279
32271,0.62962335
31429,0.56866777
84366,0.27256975
20833,0.804125
77472,0.32786167
43421,0.055789422
63636,0.5791556
46975,0.37007773
28706,0.17256005
145762,0.83844686
123219,0.14389454
8101,0.30108446
88157,0.49963018
93165,0.5575085
113213,0.32729873
88741,0.2685071
48826,0.08682741
130055,0.10004219
93885,0.14643773
85731,0.1499121
21520,0.16100655
76862,0.05420911
3587,0.38464084
138634,0.10118076
141256,0.91989875
101134,0.5200494
145275,0.46680441
38049,0.18238911
64373,0.12593377
84131,0.119166926
22311,0.048596922
56366,0.6150069
109501,0.33565298
148779,0.1444096
16953,0.46800283
145839,0.07317754
79792,0.4835199
42182,0.5836297
135202,0.10257381
125596,0.28723854
140202,0.29202986
141214,0.082402654
97365,0.13499878
94282,0.7703351
45937,0.2510908
53093,0.7255554
118156,0.24253616
149968,0.77461326
56145,0.07515603
86203,0.11914908
54567,0.11047024
51095,0.45725042
80558,0.29347423
57176,0.49605608
138361,0.3374184
89105,0.5047669
53637,0.40873486
90221,0.12447368
129325,0.058074303
101537,0.5135562
67808,0.112512104
145353,0.8155556
39390,0.06460456
1810,0.05973095
124233,0.11670266
28890,0.24282913
9834,0.105254896
109570,0.056757353
93537,0.4098652
131456,0.11664035
59154,0.09427244
8921,0.9708604
8338,0.7122138
145374,0.2078229
25642,0.065187424
126414,0.09932698
138834,0.8855029
50210,0.4366785
52835,0.22775677
120730,0.09391833
33855,0.3306255
38727,0.20525424
95770,0.56502426
123415,0.66023535
42572,0.6223001
119044,0.2712459
111800,0.106184855
14392,0.13992868
28558,0.12475354
112361,0.50211287
9913,0.64646965
73824,0.30412313
88270,0.79403394
134544,0.7211428
77203,0.38337046
114965,0.15161295
116452,0.062363878
32977,0.644899
108908,0.29439196
31757,0.09287757
87435,0.54110307
141045,0.24500078
117135,0.10758618
33428,0.2265316
61510,0.18983077
77952,0.36455932
138774,0.34786707
67236,0.10734378
32326,0.13505825
62702,0.526024
120022,0.16332552
30452,0.12649892
38069,0.13073526
129073,0.15224168
59791,0.10714432
73869,0.11121392
30337,0.77502865
138910,0.5809097
94568,0.09579574
45222,0.21223953
31607,0.573201
8150,0.36346433
127642,0.11044356
48020,0.16025887
116994,0.26979512
29528,0.054842472
26657,0.3091046
79783,0.15120941
49067,0.10455239
145576,0.51998585
114649,0.11814267
35302,0.074095935
141909,0.1459866
27908,0.33045137
12400,0.101848885
144915,0.16780148
109483,0.099285245
68452,0.08127953
19904,0.21965897
35855,0.6449418
36051,0.5810411
26456,0.9631227
99814,0.6487043
2354,0.06485328
127274,0.36512566
57624,0.26784658
75829,0.09841721
45988,0.043636654
75289,0.2585361
61485,0.17425798
68680,0.07471666
114719,0.26497838
141791,0.114516795
41673,0.097782984
145823,0.38879776
76895,0.12482682
49711,0.08498166
100060,0.11438152
88873,0.115753666
27735,0.526914
72036,0.05584761
105655,0.9584629
132827,0.7206891
12201,0.29274395
73947,0.07145752
16113,0.07589785
9811,0.06582246
90183,0.21252558
120026,0.13856621
34919,0.20316134
63839,0.826982
22509,0.5055616
74533,0.4419574
20536,0.08960477
47984,0.74160975
148612,0.34322634
93007,0.15666851
140391,0.13044694
141160,0.27040237
16214,0.9581312
6286,0.13218303
22420,0.07126316
64168,0.13412757
48172,0.106526874
43814,0.36452532
54002,0.15511507
81056,0.4568341
59782,0.14215885
97443,0.3230062
2695,0.12084654
102161,0.11701128
55134,0.075045176
107693,0.07533341
67532,0.5444507
138154,0.10821095
12704,0.6071866
130266,0.19487694
56880,0.13364889
13708,0.66897416
51054,0.019234786
46403,0.2850203
146328,0.13428259
138300,0.43996415
117735,0.18202627
24505,0.08560898
40443,0.16934413
74412,0.62059444
68361,0.94832975
123603,0.3976275
148088,0.5228165
36835,0.35149792
44268,0.10358688
41726,0.076291986
108386,0.07641848
31735,0.660487
120797,0.36097082
103476,0.7756613
114866,0.392823
78515,0.16585249
105708,0.10421094
65625,0.20530728
121070,0.10744673
59001,0.44628885
139566,0.23617728
142163,0.09210517
126685,0.0988281
60089,0.02969591
81044,0.22321388
109182,0.55716693
24560,0.289164
77514,0.29456186
138185,0.08219006
20333,0.30186257
17240,0.59918636
4785,0.16278246
149854,0.12865591
73646,0.20103112
64752,0.11582953
66389,0.58568245
28788,0.17214634
122964,0.2735763
77007,0.047313143
22668,0.26868826
60584,0.11102726
127460,0.13034171
16330,0.22725861
48292,0.61806524
47900,0.11785789
85969,0.06909952
149211,0.949043
144778,0.120170906
28498,0.12917395
90226,0.15467913
4498,0.9255291
45420,0.3704302
111471,0.58838326
48339,0.19318907
45280,0.42069417
126374,0.14507817
110630,0.6719502
135624,0.10129412
135057,0.516396
32152,0.31219888
35517,0.17365935
97472,0.36007214
125224,0.05154693
47445,0.13067229
52904,0.8004491
72248,0.4916941
75338,0.14233463
26634,0.091580816
148627,0.33653593
35656,0.16434486
134806,0.549181
132534,0.2107345
70546,0.83567077
85077,0.66486984
85743,0.057609558
34375,0.10609277
108609,0.7003858
140165,0.32774487
25302,0.40512973
112261,0.80767787
73322,0.06497528
98841,0.079569705
99085,0.055886045
56705,0.43173778
112910,0.05684304
19361,0.11187227
57333,0.10901723
113220,0.091560744
16434,0.35466996
139934,0.13236396
42403,0.09270721
7288,0.40282232
51022,0.5824046
7047,0.67504716
85930,0.08395619
69755,0.049957123
11276,0.14974149
134849,0.10230624
81974,0.11082725
63255,0.6228943
121128,0.35302815
45825,0.36212304
128899,0.3447838
14086,0.10413429
68033,0.49902025
145676,0.8597008
62522,0.35701543
98401,0.17744428
146638,0.08276229
13102,0.70830125
55155,0.94931287
76611,0.08365329
141902,0.22185831
114805,0.07492698
134935,0.2347181
138039,0.116574764
32651,0.2301316
144377,0.28053403
71718,0.10466467
127276,0.5955129
144354,0.14094432
74590,0.5279761
13027,0.26401845
105715,0.2412915
49074,0.3389158
57961,0.22026803
17617,0.12990385
65282,0.05666782
27654,0.75296247
59250,0.7483176
83633,0.15562567
104727,0.43454167
122255,0.28964585
139319,0.059626993
23546,0.22503243
48926,0.72429013
126041,0.8659255
93835,0.424507
108759,0.8105495
30631,0.5949013
19039,0.17954221
21116,0.6043799
126142,0.1065684
96817,0.064241394
6792,0.13390532
146418,0.22539775
38882,0.38457224
51822,0.15762673
6382,0.42082095
112844,0.12939821
137427,0.13242857
21993,0.29746458
9127,0.8117934
4930,0.4002249
47626,0.422758
63237,0.9642282
135667,0.07193343
4511,0.39427075
5710,0.15909278
25084,0.36958283
56037,0.51736826
73951,0.14591694
136554,0.5982175
114908,0.086575374
68611,0.07195832
55960,0.12321411
59794,0.93588
77418,0.054540157
8527,0.8003418
130794,0.08651257
130953,0.3131869
23288,0.9341003
730,0.10535587
1153,0.6500163
100031,0.18900847
29053,0.46858642
65645,0.13674724
64719,0.52996475
26815,0.3076969
120653,0.21419817
44413,0.34323308
128578,0.24826334
30544,0.6317911
88442,0.12260624
137925,0.07671762
18369,0.38068345
134968,0.09702332
1031,0.39216292
121259,0.20738964
109833,0.15180421
111751,0.14957051
71481,0.2920578
54787,0.23872381
14647,0.0731254
144461,0.7862059
104966,0.76798457
99203,0.29390755
1411,0.21705182
35644,0.1503714
29720,0.08721462
111153,0.2552033
79613,0.6357964
34671,0.09564313
77918,0.080034524
126671,0.105051264
49948,0.8135491
104221,0.054063074
96774,0.21075612
92886,0.0762507
142947,0.4440905
85384,0.30352142
55816,0.35670492
15592,0.09385089
107558,0.39283183
84638,0.29103142
56600,0.07893655
107140,0.14744492
92780,0.031057978
79466,0.69541675
23201,0.19736286
61418,0.41449612
45253,0.3499716
13776,0.18147594
141346,0.107617
94130,0.29069367
117956,0.18647982
130514,0.41806072
50315,0.40268204
45919,0.20370041
16243,0.72814506
69984,0.48149124
14473,0.2947403
118283,0.9041606
137238,0.78325796
93850,0.2674032
67791,0.14610247
128448,0.4565273
83424,0.27765048
10875,0.6106006
58685,0.21654373
70841,0.7206241
125562,0.099584684
128317,0.9015048
42662,0.773343
45924,0.40433604
147186,0.32332984
69948,0.07064176
84851,0.31882426
25131,0.35603833
81610,0.4649961
75440,0.49279797
70693,0.4368138
114230,0.40692148
36793,0.11588801
29329,0.680249
7492,0.53050894
89512,0.112308264
44119,0.093799196
7192,0.22580183
21152,0.14483868
59700,0.24353877
2683,0.10937445
147897,0.19381995
28834,0.19440469
50377,0.13264452
95224,0.6437364
8152,0.02656747
137013,0.17747724
101485,0.93208146
47778,0.7901866
28374,0.11290203
30663,0.1426263
100350,0.37503728
29456,0.089052945
148876,0.11672888
44377,0.17255026
60575,0.8327197
99778,0.14050333
4179,0.87504023
50225,0.5626006
52891,0.42354715
115596,0.23829336
10026,0.18528436
37806,0.37239346
136714,0.08135083
149436,0.90324396
128039,0.21137899
138369,0.0749368
9200,0.32359976
117644,0.124578856
52821,0.25376838
38534,0.07503219
125219,0.3005924
93034,0.29535988
30013,0.276362
11231,0.10290631
129549,0.24005371
141872,0.2419183
41303,0.3246234
48791,0.051848527
138210,0.7536676
115799,0.17015167
111062,0.23821779
121191,0.4852582
140421,0.27674624
50634,0.12217956
42798,0.08670734
142455,0.12498866
132445,0.061725378
9903,0.09411048
106635,0.16423301
105692,0.23899135
32657,0.3760809
27687,0.0822698
79515,0.12321164
60832,0.32633373
8426,0.07407891
11643,0.2399011
32620,0.045209736
122267,0.2651657
81847,0.110956475
7622,0.09247112
126958,0.6233457
106963,0.11721051
63401,0.7238955
11824,0.9112724
30346,0.6579829
92075,0.20518132
55600,0.21310514
35635,0.18074675
27221,0.14084855
47236,0.536754
67678,0.36605018
2727,0.19139688
125142,0.6107265
24076,0.0754558
148549,0.32709208
87660,0.118381746
124216,0.6700064
19833,0.1480082
37409,0.21917593
13221,0.05200213
40567,0.27294096
131782,0.057103686
26411,0.6104116
127955,0.23348318
3918,0.61673325
129614,0.07387043
14564,0.13541357
51631,0.11878661
69276,0.13155164
4418,0.7539763
23015,0.09865768
46224,0.9203119
18688,0.15368676
78408,0.1882952
18947,0.14555681
103399,0.9721387
130136,0.059110045
80086,0.21097454
85095,0.26705062
41934,0.5634365
6616,0.2649677
119601,0.052008744
126647,0.11843286
62790,0.6706225
39999,0.6199185
25830,0.116975226
107307,0.09847992
31837,0.5701898
80244,0.66747457
16055,0.36485544
127116,0.0713475
118668,0.0492348
735,0.6921063
3861,0.63398653
107741,0.69097424
76032,0.11218424
23602,0.6858546
21521,0.22756928
138948,0.11043074
84737,0.06749696
114950,0.26192394
128243,0.07546381
78020,0.5979965
30185,0.105356
48819,0.13510124
50946,0.19884762
83714,0.107376285
26897,0.9523445
131949,0.6118011
74263,0.057449985
37970,0.092080906
78031,0.38519853
73271,0.16690679
1822,0.18069626
32175,0.37831026
2437,0.101201944
64058,0.32778826
85875,0.5313856
76387,0.09525598
93179,0.11035046
109594,0.15283562
71416,0.07814968
25248,0.0649514
2552,0.93934584
106561,0.80279225
923,0.04063579
75477,0.7907609
10594,0.1651785
34027,0.89060885
149221,0.13187087
104205,0.1430987
12300,0.3457166
146017,0.41889915
78142,0.56537724
25586,0.5390728
44446,0.27986905
4680,0.13907202
47298,0.85533446
145996,0.07866883
87749,0.15987247
48776,0.11160631
4617,0.09618909
84994,0.8713691
147128,0.112167776
34279,0.15909249
101062,0.07075466
124347,0.099536225
121089,0.7237668
127247,0.045785822
80760,0.30725846
141418,0.10566071
94651,0.1448461
16626,0.06750023
135752,0.46487665
125046,0.1058088
4747,0.6289893
72183,0.14562137
76003,0.13472137
63193,0.088541366
100525,0.08805826
122507,0.33296302
109978,0.122870356
132144,0.0589552
8977,0.19990648
123772,0.7381251
69007,0.7865883
112852,0.33435473
111436,0.75617796
79695,0.056027167
64204,0.3095632
6041,0.17764287
71098,0.05562421
1946,0.06745201
20046,0.112876214
103177,0.22330958
23049,0.7909351
79524,0.22445644
123172,0.6335592
146555,0.0681861
34006,0.8091451
4659,0.86607647
40789,0.07108316
55912,0.41886586
44721,0.11585139
133828,0.09526976
136849,0.8548318
95774,0.152017
114439,0.24422446
1524,0.13116959
101231,0.16235738
87929,0.11469973
123766,0.27606675
16002,0.5722501
5833,0.7493371
102637,0.14376025
28124,0.19466667
61811,0.65098095
94243,0.07889713
35978,0.32454792
101322,0.17940085
139779,0.74427295
113186,0.34220815
116561,0.13616212
131061,0.10513791
98226,0.12830032
104538,0.06992052
54815,0.1389065
125005,0.0969338
63188,0.28312317
23862,0.45346355
109607,0.19000398
11106,0.52634025
60299,0.13763162
49770,0.22561564
108475,0.36854568
78094,0.1958955
133510,0.14195192
113072,0.24607363
113778,0.07387893
76714,0.19709225
95641,0.31402138
55259,0.2637141
117060,0.5137482
102412,0.20416501
72604,0.039364737
61378,0.16241752
119373,0.5634845
33182,0.49612918
13954,0.14305384
15818,0.11815343
131443,0.17388149
82326,0.08047827
108373,0.2661409
51744,0.13800627
19117,0.3576389
41377,0.13208263
88263,0.16048667
91413,0.831797
60298,0.17834875
24336,0.9142847
83649,0.41085285
79233,0.14987025
11320,0.17669843
88826,0.2062519
1463,0.13156134
80932,0.09944184
116001,0.18418953
133568,0.1929009
81911,0.30703658
79004,0.07639858
1556,0.22498482
91996,0.06087688
124686,0.3747409
125190,0.20151776
29932,0.2713363
142243,0.16704614
119464,0.047481824
37575,0.8395689
54956,0.20752925
26789,0.69487804
62913,0.059436124
14454,0.30088657
55167,0.2921671
98445,0.9220513
143522,0.83765656
77729,0.08223312
99447,0.4577915
54712,0.22550434
16318,0.53156203
95037,0.59859955
81420,0.49833757
74738,0.5044321
121289,0.07364045
107550,0.79798055
89916,0.35765544
105955,0.14287075
29096,0.29705065
56549,0.22764146
34142,0.5630094
80847,0.7310093
145880,0.2842217
37655,0.7581912
29657,0.1328691
53790,0.34584844
48321,0.24068943
106750,0.26972383
124254,0.4956752
2432,0.25034216
132226,0.040773034
100305,0.30019814
29691,0.18477306
141287,0.1623316
89988,0.12174053
12806,0.88849336
55454,0.25035897
58582,0.20063567
122242,0.4056026
12112,0.85410154
55364,0.080702476
34036,0.8906539
148952,0.13171434
123673,0.119224295
108084,0.33930156
5761,0.60833347
128905,0.121532656
907,0.15137714
91138,0.54930365
132278,0.5696737
14955,0.49385673
81684,0.8134212
82107,0.72853774
43131,0.15335737
13635,0.064923674
44490,0.6274146
68202,0.23785861
26930,0.12013668
102194,0.1652879
97953,0.38146326
26529,0.07943119
96046,0.11727413
142813,0.08186108
77578,0.47977814
102282,0.18437624
55931,0.4745403
97671,0.28846425
129492,0.15493158
106042,0.5784129
103212,0.08421485
81735,0.8740003
56740,0.0645749
90073,0.41237912
49507,0.62576944
48909,0.26250187
133123,0.39748365
149176,0.29042011
137708,0.9626767
21154,0.17030519
30232,0.629536
29422,0.13824616
147950,0.3324201
54359,0.9175902
112954,0.34756926
120334,0.32084185
65510,0.2154184
2379,0.22034062
115659,0.27315286
137765,0.17809692
115806,0.880717
136207,0.4330021
60901,0.33180836
97282,0.052509632
74382,0.105837815
17400,0.13859275
98197,0.8469131
135093,0.18178065
52236,0.07233123
64081,0.3568336
140935,0.13104454
105246,0.06482907
79224,0.11537965
66761,0.38280073
132140,0.13242024
100353,0.9111287
22150,0.6142499
42241,0.10181694
43528,0.89204997
11174,0.64681566
100585,0.9378208
95669,0.33020627
132602,0.26546013
147170,0.24662814
85490,0.339457
54424,0.49816284
123874,0.70048285
39163,0.094466835
146103,0.07663242
112382,0.15335378
68714,0.22884978
94413,0.07316813
12242,0.71086586
42031,0.63736826
51901,0.14174274
98754,0.3781707
125948,0.14684993
37616,0.23302796
111065,0.056466937
8644,0.36678872
63560,0.15831988
117953,0.17420132
131976,0.82737476
115602,0.4185858
57549,0.65477204
12881,0.9593402
101449,0.22031444
60812,0.82087636
20323,0.09494606
8337,0.75773865
9261,0.06535138
44924,0.6358906
149024,0.22889975
143568,0.112816975
117715,0.4780971
60139,0.7424277
135814,0.08567386
74034,0.09587877
121959,0.61762106
23490,0.16361246
7107,0.16143383
19209,0.36691085
51810,0.30093586
54325,0.24117903
95822,0.07650132
98616,0.0722015
13883,0.68695015
55936,0.1672765
82548,0.64045435
100838,0.5741568
133482,0.06321041
122377,0.5145907
71060,0.05507711
59970,0.14586322
82714,0.078968935
29483,0.09568018
112375,0.6874947
101748,0.25642988
115072,0.0916296
72222,0.06641973
61123,0.13600062
105482,0.19202855
78201,0.68748486
119837,0.54214174
146219,0.07948437
44516,0.17605804
146698,0.15509546
24769,0.07780578
121623,0.27878034
144888,0.8816766
99613,0.74184513
105991,0.10166319
60705,0.13538378
114646,0.18775508
40337,0.15084743
12178,0.33176354
13984,0.69381744
69539,0.5440569
99264,0.13442236
30318,0.4995658
122785,0.35745597
95509,0.84379864
34166,0.12937494
91168,0.079731934
67920,0.6337898
111943,0.049530726
1806,0.08699132
30851,0.18962246
111484,0.42812532
116980,0.13769403
42235,0.31943405
92085,0.69443333
131449,0.31960732
142381,0.22988759
28366,0.70667636
25718,0.08309108
66945,0.113839194
76050,0.46146968
102892,0.08583854
72660,0.115676165
136760,0.24346209
137969,0.16519114
78788,0.14298546
109215,0.48986676
122091,0.4057882
104651,0.0726853
82925,0.1136673
81371,0.1316518
34501,0.46726304
147402,0.2730687
48168,0.27475348
69692,0.19806871
120982,0.0805765
4435,0.17052227
78834,0.13177235
61401,0.07257846
123488,0.16018455
38,0.58279306
107601,0.2835306
76457,0.5808762
9921,0.26816896
22616,0.5276546
107880,0.12526353
130378,0.13511714
60475,0.7537136
111877,0.1899604
127176,0.41031453
84036,0.57933223
63012,0.09552738
82656,0.15711696
133225,0.7898426
124231,0.41853815
41911,0.0679645
20689,0.5732403
28075,0.064119294
116384,0.15107216
138508,0.24361251
116983,0.054050207
146143,0.7339735
115744,0.5701257
25190,0.34159097
48621,0.06316161
121986,0.46667862
98743,0.13736194
6807,0.18040192
11089,0.33414912
43228,0.14716738
68259,0.51432395
121958,0.20006827
53374,0.23675948
144131,0.13508299
148938,0.6643583
17623,0.100267746
39753,0.28429908
67859,0.48869294
56478,0.073126934
50830,0.39313722
89495,0.14710757
137229,0.08272777
20698,0.6207212
113182,0.9721906
27213,0.19329682
19531,0.29990754
26804,0.24373268
55685,0.14915968
117392,0.5539115
75695,0.1339826
72441,0.56755066
22384,0.38829145
126243,0.13047378
75423,0.15244927
105694,0.2115178
8645,0.4214649
102407,0.85410947
69736,0.894452
87095,0.10272144
88280,0.52819806
135173,0.17202875
55772,0.1949577
37042,0.44468307
32650,0.10738246
111674,0.96871233
144441,0.78717077
113620,0.42218083
80878,0.12790412
147357,0.5577535
55878,0.15510257
104776,0.17673698
58391,0.13938825
61325,0.15986574
21828,0.6273553
77989,0.94086653
110432,0.3232247
47700,0.38944912
83712,0.11983024
92981,0.2676244
66620,0.8643893
72318,0.73071086
125277,0.16693123
135681,0.47326955
13352,0.5863855
31975,0.10488145
86711,0.20921743
21483,0.8233475
82376,0.6174469
30364,0.40600595
42863,0.5884458
41786,0.73389655
61080,0.11970281
53946,0.2977455
64248,0.3323202
143865,0.24060696
135191,0.08786186
56011,0.86677414
71367,0.06391512
8265,0.41837433
39142,0.6285177
28413,0.6018012
55158,0.35831764
31487,0.27537048
116755,0.42280993
79316,0.3193745
40019,0.30010265
34377,0.5595944
104444,0.056358594
31803,0.21776389
132899,0.20324194
5102,0.06288232
97430,0.058972042
135442,0.1256457
103108,0.07802128
50024,0.6732564
118605,0.64401716
44203,0.4817495
138198,0.29527304
4452,0.12433851
69847,0.084636666
107288,0.07207227
83902,0.20894423
91789,0.34148386
71731,0.46584108
119021,0.08783255
54844,0.19431613
22942,0.19960542
5514,0.3877227
3150,0.8752073
43515,0.22997604
79817,0.81001806
26551,0.3233369
117607,0.66708016
42602,0.5554599
89648,0.22059095
94017,0.9236624
10550,0.8821596
62829,0.6188272
98914,0.47239164
39440,0.122076035
19518,0.13227744
2653,0.06998122
7336,0.61915517
43713,0.0679645
49675,0.14717633
9014,0.1587778
41029,0.04084298
58592,0.28274286
72479,0.25984484
99486,0.26779002
51438,0.043652635
44720,0.49932465
90945,0.12865403
86116,0.15171926
69550,0.26377967
51945,0.3111518
80864,0.40654516
84333,0.746757
30748,0.25131908
121372,0.82124496
85619,0.13784356
56876,0.45804137
63443,0.11837129
43498,0.87909746
11541,0.27898604
51702,0.019330427
114186,0.15765072
103274,0.14455755
127263,0.5656847
64626,0.111154184
5585,0.8405503
142552,0.5716247
80814,0.46471995
47402,0.4946402
58323,0.099569544
121930,0.24637783
111513,0.15332747
75814,0.21011686
77254,0.30731803
2863,0.3637564
78195,0.12049468
147711,0.9585298
19138,0.17605224
130040,0.24690124
123520,0.655316
82272,0.09928348
141235,0.26858544
70271,0.30375406
13240,0.08178082
76896,0.60049075
1511,0.17048094
74027,0.1508482
136477,0.40262982
89718,0.057284534
32018,0.23186088
46306,0.4028813
46406,0.17786182
58668,0.16929716
41573,0.5910538
51546,0.09355039
89743,0.15404576
144472,0.17624763
93865,0.115757056
76676,0.32149756
103250,0.44852236
69169,0.15124336
22586,0.6828931
45133,0.51590216
1140,0.30735758
37199,0.13852127
52027,0.12666811
16463,0.36251464
21920,0.9270151
20275,0.069339216
35028,0.6022784
70556,0.1670641
4881,0.19395174
86621,0.09939316
120457,0.31877905
65196,0.5927676
61611,0.09485167
29437,0.5448013
74000,0.5570611
25761,0.33116
136611,0.3099658
55514,0.13648634
42313,0.46843818
83066,0.8721613
11116,0.15054472
27488,0.10822823
81394,0.72624236
43847,0.2875051
86555,0.16052033
44037,0.05657063
50517,0.57962245
114628,0.05832225
105718,0.53426754
61046,0.05377715
100046,0.48372197
110682,0.06776215
67630,0.4340068
107676,0.061493862
12181,0.24642134
139387,0.19779898
59168,0.07805778
38109,0.06446021
39975,0.09087883
123124,0.094947405
28859,0.062074117
114187,0.59928906
55843,0.14270206
38546,0.9611955
46211,0.30813316
89850,0.28095728
32551,0.39934868
1179,0.28865543
4026,0.95317596
131960,0.5043114
58774,0.062163476
42774,0.049320407
83536,0.25524554
13614,0.43612057
37963,0.19735622
59394,0.08002473
76250,0.07538184
62503,0.55289024
24764,0.15806317
31131,0.8120856
104638,0.10668541
8773,0.06201782
49418,0.12518474
9443,0.6021658
69546,0.846099
6061,0.05787045
14566,0.08068932
2763,0.2892052
74507,0.14715149
426,0.6333146
93818,0.25241667
110500,0.2245716
92658,0.26504818
144104,0.34001428
72442,0.593485
77760,0.24766138
102934,0.24404688
133888,0.07217796
143930,0.2010047
40634,0.11067564
99627,0.16194172
3082,0.13128433
76011,0.2563941
139547,0.18807453
112636,0.10156795
46230,0.5158095
44355,0.8957619
103621,0.9113444
10283,0.8519601
35494,0.17841841
122845,0.063985854
143356,0.16716892
15553,0.08117619
61194,0.59402025
48261,0.55325955
140180,0.25351545
6960,0.3743785
54069,0.5640421
95368,0.10247233
108037,0.11624874
14872,0.19953464
28728,0.6962846
11186,0.76849467
76125,0.40031496
131192,0.27186453
67708,0.2552254
42442,0.088731036
136467,0.6209178
73611,0.69504696
106680,0.07540246
89284,0.08048796
59557,0.9245148
91687,0.11319718
93785,0.07004728
120877,0.33191818
50475,0.12148321
46504,0.068384364
84292,0.62199897
58674,0.9638608
55555,0.53174806
287,0.9339763
96573,0.23209126
73874,0.15256122
77639,0.3479249
148572,0.17291138
5381,0.057227384
117965,0.10769666
129560,0.4351573
126084,0.633935
86764,0.22727321
89494,0.056216143
37370,0.17177989
143981,0.17332026
114538,0.102226235
142420,0.48577684
57589,0.07274479
132083,0.16368565
88021,0.13191229
120691,0.13207352
18409,0.068578966
17525,0.05565584
24439,0.9483039
118987,0.14663167
141570,0.14240679
36137,0.121354505
99527,0.8373036
70690,0.2461212
10620,0.6250022
106443,0.46893954
6775,0.60076916
127663,0.08476144
55203,0.4090427
30667,0.7356029
143752,0.15442032
141581,0.22204219
138334,0.13546519
142346,0.11576362
149250,0.93614894
102060,0.1833564
73109,0.35363576
22358,0.3929149
117409,0.19307265
109679,0.13115893
46157,0.115760244
147440,0.57765573
144427,0.1933018
44746,0.09980283
41734,0.15772091
25270,0.21771704
61245,0.20822948
41119,0.52325225
67342,0.16833512
97906,0.1423999
41838,0.33309394
96950,0.7174698
65976,0.83750486
4761,0.06221912
1716,0.09321824
28885,0.28102073
40411,0.9571407
51465,0.10982562
117461,0.20860729
94086,0.116940305
146937,0.0673515
102306,0.12629396
137851,0.30893183
11428,0.087722324
101523,0.7278472
106873,0.4259429
27879,0.0634584
58060,0.09867108
118225,0.75570273
92973,0.09209337
120727,0.105953254
132169,0.055137474
78117,0.55972433
139872,0.7623244
92862,0.85910827
72337,0.10112812
92043,0.3492609
115527,0.39649385
124104,0.09527531
104477,0.11424513
124149,0.07611623
119834,0.5620336
107519,0.41882318
136841,0.21081044
54067,0.7517003
82650,0.25910053
33220,0.1541361
30852,0.13295043
30314,0.15719366
94904,0.43808302
130879,0.37963527
19154,0.13862015
59481,0.09527564
49582,0.5475907
96870,0.1579358
91009,0.31457028
37759,0.32621333
125646,0.43319643
43260,0.54729724
148281,0.34621787
60027,0.11040714
115913,0.07499395
107815,0.107868634
25429,0.20209746
38564,0.58169615
51332,0.21611033
25442,0.15138811
18381,0.6521564
125745,0.13394973
63343,0.3775189
805,0.12999108
124637,0.1582732
12940,0.13644513
106275,0.2454718
85230,0.077780776
3961,0.66819745
35495,0.58006483
14901,0.94230306
9629,0.11410301
134594,0.9485217
16832,0.73124206
21479,0.24095269
38126,0.65744925
120039,0.124562
24690,0.4359319
66845,0.14591317
114810,0.43123856
97331,0.38017207
37309,0.19713426
135292,0.67987204
26443,0.52721703
52594,0.94639504
61371,0.06833218
18340,0.9247768
74102,0.33325988
27128,0.16492446
84298,0.08743944
87253,0.8012981
121977,0.4633371
58415,0.101803266
141367,0.3141044
22814,0.090084784
65367,0.5152736
90270,0.11605852
72958,0.1789794
52735,0.21810369
127115,0.13779436
143785,0.4474275
14284,0.32086563
147485,0.237837
27582,0.95215636
55257,0.15790331
73888,0.6647558
120038,0.4041848
52989,0.11241382
91943,0.08717862
135836,0.73984003
83758,0.20392385
9912,0.2952714
71085,0.2876684
89710,0.24077797
75092,0.12146055
64328,0.59741974
119598,0.6126487
122772,0.20436767
111359,0.28964856
78870,0.23511754
15997,0.20359251
32253,0.2724755
30420,0.18121122
85945,0.079842724
63556,0.49821115
18079,0.09191886
80253,0.72257143
16551,0.27651462
6699,0.66006994
4447,0.31509295
104464,0.87601376
96661,0.20649435
136083,0.13970892
51535,0.26817587
101890,0.7979812
147661,0.7306069
137819,0.30889106
123646,0.3092941
21492,0.298753
136361,0.25303644
95013,0.07641187
580,0.28806487
126308,0.18860193
55530,0.1675981
106385,0.5341679
45023,0.21280509
113628,0.49695045
139596,0.15966658
59383,0.39803687
144917,0.16624323
121628,0.7272373
33085,0.18627053
25286,0.5976828
59796,0.07171863
79325,0.075172156
36948,0.18237941
15165,0.4450036
28295,0.05759737
8801,0.28651404
138660,0.19323204
25474,0.8122948
65090,0.09327237
98832,0.07382639
55894,0.28830576
58485,0.6655025
125637,0.07791011
42138,0.65240824
119256,0.5415539
62740,0.2510419
67164,0.104089305
138472,0.18663028
13238,0.08390314
122624,0.46252558
107885,0.07644797
32772,0.20265287
44947,0.070144154
69250,0.47699243
92423,0.9269055
45441,0.10412971
29293,0.15440676
88625,0.07458821
40801,0.07745089
105307,0.18460084
101831,0.19823314
24521,0.11575813
67053,0.11327049
109890,0.080919
52804,0.08293314
108938,0.06633302
123777,0.7657137
10170,0.056603897
37362,0.38280347
84953,0.093856305
137923,0.13617614
143332,0.14363624
140599,0.28574955
98927,0.38283056
119058,0.64402825
75044,0.84931123
49506,0.43446416
2504,0.052688405
136118,0.418348
69666,0.2827232
132304,0.14518413
85051,0.09972081
57545,0.85662717
144686,0.09682543
19738,0.26709694
129694,0.21296205
126278,0.1274966
60181,0.6391764
39487,0.20466113
10165,0.7889024
84725,0.1449287
105950,0.15121676
51847,0.1314594
67854,0.67049485
145278,0.60570014
99944,0.41451192
139087,0.34230134
134504,0.47227037
51323,0.14960693
138818,0.111170106
65036,0.5293145
2277,0.119327925
19330,0.060110204
75132,0.08373045
41700,0.14244834
41929,0.7070746
72138,0.07706925
133065,0.114942856
120734,0.58137554
98849,0.13716549
129502,0.10983704
99795,0.76669866
279,0.14763367
93278,0.58099675
127938,0.20871115
45396,0.18040763
61405,0.10706177
69831,0.78623533
23073,0.08810436
17075,0.5775598
34100,0.117588215
111568,0.33104378
79114,0.5456055
62022,0.3051554
104645,0.08552192
4954,0.27826354
48828,0.16411576
91556,0.1621824
26325,0.5898749
35064,0.09468332
80064,0.45303354
122453,0.18154447
106830,0.15922773
96526,0.16893095
134878,0.48165134
140658,0.10711286
130413,0.09400845
73828,0.069194406
85223,0.55418646
110353,0.36936817
132391,0.9321566
49592,0.14999212
17437,0.10450255
111496,0.15953708
116099,0.1471804
108319,0.3624205
35612,0.25658935
15527,0.231241
79670,0.076539055
137686,0.5010107
136954,0.0587517
114175,0.24415286
138489,0.5992242
18886,0.37766108
67079,0.21712948
10829,0.9217799
64491,0.93742555
138139,0.22858961
144834,0.08072717
140356,0.18746996
104318,0.8372117
97512,0.12091291
78763,0.102647364
90230,0.091878995
142757,0.50284505
12218,0.8229544
4522,0.8068896
67977,0.9474367
78574,0.6905873
142503,0.098608844
84622,0.20165354
136011,0.1196478
22539,0.20457485
102368,0.15913454
85028,0.13709988
15289,0.61854446
5601,0.15141861
98919,0.8122283
65753,0.08402153
2082,0.81827223
57297,0.065828964
106301,0.18504548
4057,0.32259345
125439,0.11947408
56153,0.5409853
2524,0.19375294
139897,0.25616655
9396,0.08516561
98725,0.9457948
35572,0.15077196
66231,0.12152604
66271,0.19877249
119231,0.11209288
47463,0.08866096
31869,0.08995748
117010,0.20106883
22890,0.21508873
55217,0.09817081
35591,0.09406984
24186,0.10173537
7596,0.1353566
68589,0.086740546
38410,0.1462319
105649,0.8294489
42775,0.23686987
98619,0.061544254
147479,0.90389985
130398,0.19137418
144122,0.13532522
35556,0.21936016
109490,0.5937142
33475,0.098776855
19233,0.91237414
120437,0.15048482
61169,0.4243524
3756,0.25755605
96035,0.15036237
94297,0.35441688
19183,0.41385642
93493,0.20461936
61224,0.079904504
38893,0.2528991
96966,0.7057859
56067,0.111616455
4173,0.5811769
95763,0.27151492
49045,0.23531048
57048,0.19522591
133490,0.0968186
69488,0.5834169
51953,0.80091816
14192,0.18770665
22935,0.12867543
84732,0.20585078
29113,0.48280686
91791,0.7320877
101365,0.18223809
94179,0.7475672
122271,0.055298407
1535,0.13809459
57094,0.19441405
3577,0.10164207
45986,0.13250989
78832,0.5151358
999,0.10092517
62787,0.049779855
103847,0.20568807
62568,0.49572816
98552,0.10199892
111676,0.23467436
59258,0.9516328
51603,0.13086037
95360,0.12410699
127969,0.680084
82980,0.80123734
144481,0.07990356
98944,0.13273011
94441,0.20573658
8288,0.1750302
36717,0.28286833
148232,0.07552129
121931,0.20619647
42845,0.11137594
50834,0.23523436
51985,0.118349686
20045,0.24917856
40493,0.56711495
79133,0.7362007
1824,0.09634152
35810,0.08017104
45598,0.88903135
139919,0.33212402
70396,0.07373244
24733,0.3572717
83886,0.17787918
12089,0.20189923
15595,0.07925158
136201,0.09048807
85252,0.7830522
63890,0.6110147
87918,0.096914575
8891,0.0718374
102187,0.21762401
90062,0.21829104
49038,0.12457276
134736,0.11846011
62173,0.056565564
133928,0.19792773
99178,0.31289265
121124,0.24717118
68718,0.90550184
52464,0.31607085
54161,0.13483517
81123,0.1528498
5076,0.36033207
1793,0.028797293
111425,0.11105265
21284,0.10787324
93489,0.10780631
29176,0.30204576
120725,0.22625269
2941,0.14478198
82596,0.07695904
82574,0.63582873
75753,0.32042423
139469,0.2061671
127882,0.97307724
19569,0.14473377
94363,0.3671366
130496,0.11347217
75586,0.9696974
139928,0.118271425
6905,0.06455163
23178,0.13812515
38874,0.7046967
108863,0.062534094
78498,0.16968766
124007,0.391877
111144,0.35546505
132517,0.30926934
110279,0.44626892
48162,0.071838185
131548,0.2879663
16460,0.2863301
45292,0.6606688
132677,0.26148897
87520,0.06901522
13319,0.06996948
137761,0.16081935
54830,0.63992786
73055,0.38270992
1784,0.22862528
59916,0.21893947
60081,0.12833646
132783,0.3598148
108469,0.22736032
101647,0.9410385
6635,0.45479307
32106,0.27529737
51177,0.21557851
1333,0.7353867
78744,0.94025826
55954,0.3262733
72710,0.22431247
63976,0.27204922
119201,0.07644321
122087,0.16351317
149116,0.1392379
2528,0.11543251
55910,0.6516079
37302,0.06923592
61090,0.4334479
19377,0.17471775
110636,0.65073216
107512,0.9471456
51013,0.15282355
88922,0.13794875
8849,0.25109544
119678,0.9744785
149117,0.2675994
94064,0.1041868
115522,0.28929967
109008,0.45900744
40166,0.90082216
55892,0.43085697
39542,0.81945086
63083,0.07542672
146208,0.29504704
95935,0.1601751
39088,0.88960236
43382,0.8762845
110300,0.11057625
24512,0.06162487
48106,0.39004228
64509,0.9018786
146344,0.06748389
28299,0.9723421
80394,0.3203496
129745,0.4748165
71486,0.07653306
49930,0.18525635
37815,0.08413234
50473,0.6855201
29160,0.18293376
73974,0.16333282
137627,0.1591725
143508,0.21175021
107578,0.1487255
47351,0.21851662
27348,0.10908426
129382,0.06635783
70439,0.316219
19201,0.17636248
139821,0.14313723
145679,0.18925333
50800,0.5763713
120729,0.058993913
149640,0.0836431
57420,0.074886225
25529,0.12970503
62766,0.0610169
107484,0.3175501
74367,0.46759087
24812,0.23830652
37618,0.36445737
17885,0.82796794
76443,0.14249192
73865,0.10939158
13296,0.189769
89873,0.17394131
622,0.6625591
45034,0.5003282
46112,0.23409429
94097,0.37290624
26434,0.05621022
33205,0.059792485
123858,0.33477792
112679,0.56738883
14912,0.26191637
141409,0.057868
128135,0.15335143
10419,0.9080156
114389,0.06643479
108173,0.35325494
93223,0.3686788
101289,0.7848119
18740,0.09126389
8787,0.2318757
63172,0.4082545
125657,0.4202817
67122,0.13316159
89621,0.077895895
126557,0.32490063
92760,0.16802964
127352,0.13371247
145608,0.11416308
55947,0.06467505
107928,0.30558288
117553,0.17057486
75910,0.74480337
25767,0.04925523
100132,0.22771561
135890,0.093018316
146150,0.24149397
110296,0.3159653
137466,0.24543785
135227,0.32686698
120110,0.4994677
27374,0.44693968
110963,0.16913885
121811,0.15908661
147801,0.12415982
6357,0.88333887
71382,0.4882365
25154,0.12969221
113773,0.14206961
81304,0.12995487
95249,0.84043384
137552,0.7952167
50384,0.66183907
149496,0.11432774
19590,0.9596933
51808,0.15049626
138832,0.8676663
103747,0.5192542
10565,0.29161298
36457,0.41813588
128218,0.14109816
132136,0.85735697
53732,0.86281157
82459,0.2428124
144775,0.107652605
138487,0.08665125
14231,0.6419706
43336,0.08905286
24503,0.5539405
63238,0.09416785
40136,0.21587795
89923,0.53484297
48140,0.22239241
37346,0.24180952
7413,0.26887447
101433,0.8918937
110560,0.102300525
25069,0.1886896
125577,0.8001702
85150,0.22488336
102857,0.08714508
94723,0.14000638
132939,0.92763704
68097,0.7737347
23401,0.3113424
30581,0.30187824
113397,0.719679
70206,0.9472136
49371,0.19323738
131536,0.13748129
75386,0.5879823
82096,0.22553028
94416,0.10923446
41665,0.6347296
23142,0.38830957
125119,0.06339333
3125,0.18002668
78511,0.36951092
63186,0.079100646
12534,0.13335007
124184,0.74788815
83260,0.097836964
40979,0.20954011
104346,0.5345748
1344,0.20177981
73074,0.06484091
98515,0.07268862
71834,0.59102875
37433,0.75288606
22397,0.15370287
55479,0.18068129
31292,0.9544529
133543,0.061266463
2980,0.28371456
115145,0.42374325
74299,0.4050816
51763,0.23108616
24278,0.28112674
135465,0.4048809
9544,0.62826335
116777,0.41049716
36190,0.09788677
8293,0.413496
114897,0.44582763
118974,0.07700544
4030,0.8296799
128212,0.63651013
41032,0.6032533
97424,0.5080803
146439,0.78776085
76703,0.14922379
22451,0.18295234
14987,0.21664014
13223,0.9343269
102256,0.662261
144740,0.64673007
76536,0.36421996
56256,0.5300155
45254,0.22489838
93270,0.97295874
100826,0.27517962
106134,0.31631184
69684,0.07991674
101053,0.06937585
139320,0.8130514
12168,0.122640036
145344,0.08896397
85408,0.2359645
102341,0.9289498
31125,0.2097282
24984,0.49686667
149289,0.5835728
48098,0.53279144
115237,0.13438997
117856,0.83105695
28988,0.4169037
112872,0.42368317
60417,0.25878105
99099,0.13704777
5887,0.17768787
129877,0.1481755
113960,0.13362335
93448,0.07373445
70733,0.059964318
76365,0.3203225
114429,0.28813848
77271,0.15487145
127546,0.10238645
34995,0.87601304
110633,0.45858735
74330,0.09481806
129424,0.35695615
67629,0.34935197
36521,0.40581706
143729,0.27711242
75938,0.13977177
142460,0.10549994
6896,0.07231534
116766,0.27357742
40237,0.87411445
35530,0.088903606
92130,0.6000048
105147,0.27287525
1683,0.97960794
143325,0.47375846
2343,0.29863426
72418,0.20789994
42725,0.066814125
88394,0.17401338
124983,0.22366829
145613,0.16681801
4994,0.3558457
147915,0.082752615
134218,0.10228564
38842,0.18030475
81385,0.2059008
91307,0.06653604
78499,0.24105905
73632,0.16953512
58882,0.14595218
48779,0.31044662
82800,0.16462125
35029,0.9187842
10118,0.25170228
88861,0.14023992
90460,0.58444864
33591,0.1436487
80154,0.23155777
35054,0.08502753
78124,0.36799127
121082,0.15460745
145800,0.2045452
18328,0.14101407
57191,0.18131551
7251,0.7877493
66249,0.44251508
147007,0.55486965
2187,0.060757983
49064,0.27384293
50426,0.26198843
34587,0.5036173
73018,0.22132593
136713,0.9605489
56158,0.94777966
16559,0.14710113
667,0.1182798
53134,0.3556846
57158,0.75780755
135383,0.0566453
104718,0.17310615
55418,0.15897767
11484,0.086157694
68536,0.58751166
54624,0.65524954
94495,0.92405456
126520,0.2823136
4977,0.060705435
31992,0.43016395
128678,0.3167825
1670,0.6516079
76879,0.43390647
99378,0.16337152
22588,0.13880207
122443,0.88974583
148221,0.100310124
1136,0.09685253
36368,0.23884864
141063,0.04959634
63364,0.057211667
21746,0.36754802
94386,0.08068608
78666,0.097986795
37625,0.34010085
120830,0.34776253
51965,0.66397583
92036,0.20427473
53872,0.0824322
57600,0.5017825
146332,0.15921913
67026,0.07375865
16493,0.05790206
38677,0.1493891
89929,0.093774445
91754,0.17232716
45316,0.35704085
35086,0.08298162
101499,0.11176049
56392,0.5474377
106291,0.3291059
107631,0.44397333
54020,0.27108628
13599,0.28438613
124457,0.0867549
19767,0.85752493
114672,0.10239612
80813,0.5651009
40988,0.15765396
99708,0.29204938
31409,0.1766364
77251,0.35976398
89641,0.6976051
95605,0.921646
3248,0.10886337
104761,0.1377011
63386,0.37536004
36492,0.13305573
8418,0.16194266
100935,0.83294904
81588,0.15065664
35043,0.21293585
16878,0.31023744
55007,0.47512352
54865,0.84628516
10461,0.36469385
85251,0.22549236
141553,0.30296934
37437,0.41252464
73988,0.583647
68954,0.53037983
73369,0.7078513
105888,0.085347645
55496,0.22105627
114476,0.19349371
31615,0.2724787
105156,0.39337978
11072,0.11365529
126852,0.49394718
127823,0.6222573
70858,0.17842935
31378,0.1451924
49369,0.71576375
16185,0.20684734
46129,0.30808166
80214,0.106190495
43466,0.52894014
78249,0.3592369
98595,0.20344037
143130,0.11848113
21904,0.10013259
130017,0.12517045
82916,0.09036784
120455,0.25659138
49164,0.77254343
41645,0.37728044
135437,0.261323
142119,0.59545106
119328,0.28543672
14602,0.3347151
66330,0.8554486
54136,0.11895433
50558,0.2738185
49533,0.6840985
115503,0.68350166
87149,0.19239332
50074,0.69687444
16048,0.056857955
117284,0.19568555
85469,0.1691539
55302,0.51229566
23793,0.4422987
99548,0.2101815
138802,0.5501361
109621,0.099061795
96657,0.15823507
99635,0.08387263
20590,0.6924748
82847,0.15719315
144592,0.43351656
40180,0.08588147
22480,0.1666481
100327,0.87167275
104029,0.17144398
34407,0.11019118
119465,0.053429116
138286,0.082150154
112516,0.1455194
112745,0.2405264
53641,0.07274491
13723,0.07528659
8046,0.21479024
146744,0.27956468
71899,0.110444896
86591,0.35278964
111783,0.19233823
117506,0.18918829
53845,0.35772574
63596,0.15394594
15234,0.60910964
49479,0.9572069
28023,0.0918386
6902,0.04205381
127354,0.5577015
129554,0.11156233
64232,0.35395604
39307,0.13738853
138567,0.13818827
143112,0.076720774
86734,0.18929866
69593,0.33509105
137011,0.06632147
82469,0.1663133
1307,0.066964604
66928,0.96048343
128827,0.06669938
135051,0.86703724
129862,0.21888043
65778,0.052931778
97040,0.21540754
82556,0.12601681
76809,0.22052166
125595,0.06393562
18226,0.8720061
93144,0.9152176
84661,0.26272404
121973,0.83381057
60850,0.10233819
96654,0.5104976
77035,0.089289695
16241,0.5387919
74265,0.11700973
59546,0.17126952
73832,0.09229413
99416,0.2610265
13450,0.08056997
89603,0.067949
120910,0.62746036
10174,0.12296158
66297,0.1964886
15670,0.218669
65726,0.92461187
42773,0.34483063
77820,0.32600003
63832,0.19764604
27667,0.44664142
136694,0.09821061
119491,0.08891676
104643,0.9837679
128006,0.8315481
137706,0.8957208
11649,0.072100446
128071,0.17300189
72406,0.8647254
61295,0.18148318
91984,0.61357784
104114,0.08730952
103830,0.10679005
136197,0.39656636
5497,0.10154563
146364,0.38369587
20397,0.8753831
16562,0.48270595
78762,0.8608495
35009,0.101812765
126443,0.61897457
101324,0.76459104
40723,0.14087106
90720,0.3357664
131024,0.34255105
107942,0.7090259
27968,0.050277136
92469,0.7832989
7448,0.7052893
134822,0.946328
120695,0.07980211
26591,0.27523094
134552,0.38744944
31165,0.20560743
47517,0.079118624
89762,0.12624498
24165,0.15361664
45760,0.42888516
76350,0.26882496
81521,0.0649101
114031,0.14519791
70700,0.38862586
149033,0.15907498
69096,0.1160469
142028,0.1153332
5524,0.45538574
131518,0.09815863
130248,0.45309275
51888,0.115331255
117225,0.32460445
36987,0.09357684
50847,0.17432669
41837,0.29042417
78235,0.076371066
118345,0.116474874
86770,0.20841639
49207,0.2352312
57180,0.15034658
119061,0.30436957
131999,0.11849883
21913,0.48624426
31361,0.10491376
7942,0.13640113
41115,0.24470612
80133,0.7087497
59187,0.07358458
44822,0.34407055
104685,0.13172741
61366,0.14656904
3452,0.32615012
85853,0.22212712
140561,0.36086875
139634,0.14490719
114583,0.15355425
65751,0.17196742
123522,0.612919
30739,0.2087681
40018,0.41154003
48372,0.13817385
22993,0.3476658
144228,0.058539994
43389,0.37945673
121523,0.217131
124821,0.09754098
27961,0.12384673
124770,0.068634816
125610,0.23057571
2641,0.6986264
30291,0.058448337
104490,0.3760399
77221,0.95253336
23845,0.3399105
42559,0.12127332
129373,0.15504913
111532,0.7048248
56851,0.48856965
127070,0.36365855
140352,0.12172289
113555,0.22048873
53692,0.21024582
124414,0.10353336
97075,0.42644
101370,0.1896633
23922,0.12201991
117919,0.33062604
87364,0.43739492
75175,0.064826384
44435,0.5978303
143794,0.24753597
22541,0.11054268
66675,0.24252792
96617,0.45152283
67931,0.050789364
31568,0.44120473
64192,0.27232283
86545,0.08524926
83290,0.19361554
135444,0.13379337
86323,0.94132423
60154,0.3871808
93021,0.07436286
27229,0.2497116
83484,0.11751908
45168,0.17466584
66458,0.11565779
123893,0.08096859
76239,0.5851914
6110,0.065951586
97234,0.7909216
99169,0.049960416
137176,0.50091356
118462,0.0878515
124554,0.098819695
128082,0.09469035
147361,0.2545613
140049,0.09433769
144607,0.32994017
27098,0.4562189
71560,0.12821284
131094,0.10542105
118984,0.14495377
101206,0.6396064
85772,0.67322946
40001,0.08622705
13345,0.14704174
116722,0.29560837
134555,0.07252663
119660,0.32193652
120561,0.6262879
67137,0.13700019
10103,0.8101431
15854,0.29134008
135538,0.17647694
12019,0.09469056
93171,0.32716012
38288,0.31212705
136496,0.0428225
62110,0.498283
53411,0.21455136
22241,0.19097823
131680,0.09505425
48267,0.13071218
91820,0.50902927
93426,0.1695934
132349,0.26895437
100609,0.06794948
18181,0.34825745
149988,0.8628945
58315,0.21987492
62477,0.9378856
66340,0.28230086
10649,0.06405929
78179,0.1548806
1005,0.09387326
27729,0.23185033
23777,0.060063723
17572,0.20383197
28140,0.092374764
149556,0.7895256
17767,0.17252783
104586,0.16908672
112210,0.36875725
138693,0.15437515
24095,0.33871317
99789,0.13334924
47608,0.40851837
103363,0.08099483
145916,0.3115639
124987,0.13393779
6381,0.0730106
28212,0.25243825
765,0.24991858
26688,0.025441611
79958,0.4368799
63649,0.11095207
82354,0.08997302
90529,0.3046591
48749,0.088167824
26916,0.05441726
96167,0.24818945
110102,0.22995804
109627,0.941573
117561,0.14734854
8684,0.110368185
29655,0.4814525
136929,0.12122196
31443,0.11689708
102164,0.7194269
136722,0.40693793
89103,0.20774268
11425,0.16363375
3890,0.081312135
30345,0.67794967
130667,0.31302583
117488,0.9061386
125955,0.76462215
96210,0.10520627
69852,0.13841969
23627,0.219785
105734,0.14833298
23148,0.10025522
110792,0.3639586
123593,0.13801941
60221,0.24011165
9274,0.30731246
18042,0.15557738
110877,0.26338166
29577,0.9058598
69055,0.56063527
63229,0.5103282
83611,0.03560347
145115,0.48712975
128055,0.78770435
84734,0.057404935
5620,0.19770521
88581,0.44673017
38111,0.5890105
143029,0.5781392
87232,0.5406835
61001,0.06968116
95558,0.35210103
122993,0.1559211
63307,0.38481972
75694,0.1899305
124833,0.16736645
147472,0.5459163
144146,0.87772435
138038,0.10349642
6935,0.8539755
41650,0.95002687
10937,0.88174164
2378,0.1893245
148425,0.13279586
134353,0.1563374
133045,0.32524878
17344,0.7140993
66154,0.13444525
2081,0.20690681
21423,0.29783735
46128,0.32264698
43533,0.085535064
36599,0.16969053
100919,0.0845003
124370,0.14781144
106498,0.103357896
82501,0.17584985
139027,0.12369093
90414,0.15090795
139251,0.027236596
77092,0.30039534
104228,0.052727118
98313,0.6618005
113906,0.058793522
98166,0.14948037
110091,0.2847922
23341,0.28949067
84422,0.061876122
60174,0.19695593
68947,0.5906765
94830,0.19787349
86809,0.40785918
141587,0.28070295
80306,0.059546996
86951,0.891278
146394,0.120405845
91005,0.23244111
134435,0.9553753
5597,0.0694721
73148,0.15227017
149340,0.11401365
113477,0.81635803
140760,0.12064983
112410,0.24147537
92871,0.060038354
115887,0.09543275
85672,0.2714278
59237,0.0795306
147480,0.9562058
41288,0.45601335
148054,0.9397115
8968,0.11192537
45608,0.6138896
116928,0.07066565
102514,0.20886329
79649,0.09954475
81339,0.59356993
88909,0.06909322
111898,0.22603826
35095,0.40649715
21455,0.0948522
58255,0.22456789
16266,0.18872033
4392,0.67620397
80168,0.5158508
89129,0.11768498
61433,0.5924604
37658,0.08457338
119462,0.14013599
52166,0.16527358
42240,0.88127375
115387,0.1600185
118569,0.27447662
73815,0.070085205
98658,0.08214863
134860,0.17107442
18333,0.280122
90323,0.12985569
79990,0.16228577
75992,0.09645469
133906,0.94846773
70125,0.27201805
147471,0.12519364
67942,0.2644047
109030,0.40102687
149930,0.13087462
12654,0.06942869
129825,0.101593584
3375,0.30965322
125626,0.13927889
26774,0.06848522
60798,0.07563983
120957,0.1159566
13985,0.15811151
100361,0.14135572
184,0.56631225
138201,0.120534346
11768,0.7898724
4631,0.090552546
84571,0.44217956
60365,0.49284416
61289,0.29160053
148125,0.19270325
53920,0.12501527
39516,0.71739846
3087,0.40875924
92555,0.4510399
91645,0.13536616
134234,0.4024828
10108,0.09750034
70901,0.47879714
8819,0.7292725
88944,0.85459185
83734,0.6862137
93477,0.085599445
120767,0.27600145
137162,0.7064768
67706,0.2604103
2406,0.80412585
131617,0.5433134
86135,0.16424358
63489,0.091532014
97382,0.21391669
125121,0.40214884
46231,0.50016683
60887,0.08730767
112995,0.26170784
98408,0.5444167
100475,0.6144148
30560,0.20638372
145150,0.9664425
90046,0.12319165
76453,0.71588874
144105,0.10976938
892,0.42844716
19965,0.1430219
122106,0.27257624
79970,0.187671
58020,0.17896344
149611,0.59959227
126604,0.11511754
66104,0.06256673
52852,0.94829005
71595,0.4951197
108911,0.3919876
37739,0.22857776
144856,0.19730166
135408,0.24283934
101512,0.049978886
26121,0.35773176
55378,0.09668867
26295,0.301689
22977,0.14126852
53549,0.79279363
4281,0.6173035
58167,0.10519355
18529,0.20502755
36762,0.15519358
62297,0.056905154
911,0.4788027
112517,0.23803633
127709,0.07045519
37742,0.5208899
86780,0.2090053
12508,0.47747698
57054,0.12148408
141629,0.120804936
129608,0.32442668
20796,0.10701973
94485,0.28117448
88398,0.108119346
97990,0.44174138
35931,0.90242434
94897,0.06954415
27947,0.17993377
28578,0.22485173
149584,0.24007933
107139,0.2932971
52964,0.6470872
146089,0.26727316
90449,0.1343051
9369,0.61354786
121693,0.06743886
55749,0.43749702
100210,0.08127729
101030,0.50325674
86002,0.13658829
72948,0.075195596
124322,0.438819
85643,0.17009115
71752,0.4770228
94592,0.5751516
126425,0.15218975
83156,0.45986977
71858,0.43074346
108095,0.103143096
76044,0.18766461
13598,0.120256655
45167,0.12352718
145249,0.8379472
44195,0.51917
36723,0.13214114
41460,0.23253667
136452,0.39057136
149193,0.43670377
19808,0.10035293
105313,0.115305275
90845,0.7805678
49114,0.30683687
96278,0.48055118
67412,0.20959611
51778,0.13861322
29759,0.5428965
57129,0.42360118
61459,0.30836055
44349,0.70785433
149764,0.95582956
119758,0.43822125
81910,0.9504668
86687,0.29904497
117575,0.11724875
22808,0.3049794
99278,0.16028929
81515,0.1063075
20529,0.53139234
18988,0.087177634
119395,0.10763245
137385,0.93672097
149170,0.3895603
47453,0.16713193
142754,0.6873197
11154,0.48279312
11354,0.13452856
124462,0.09778939
144755,0.12782414
24786,0.23947601
149425,0.36976042
74780,0.116666906
59897,0.24558635
56907,0.2745654
26903,0.07074759
125056,0.2088645
83504,0.43763414
44136,0.48728344
138395,0.102895476
87164,0.34152487
87844,0.11044635
32664,0.27446347
110242,0.3629024
124268,0.08246033
47894,0.067102164
101790,0.5086448
107415,0.09294506
127388,0.12561753
59542,0.044467706
28181,0.13232002
26404,0.86124307
63656,0.34712934
105943,0.18745665
10321,0.1362465
126683,0.9840793
18404,0.12672316
39474,0.30001527
146020,0.6860987
71350,0.04901983
90427,0.06566296
54937,0.31047046
98630,0.15526758
143244,0.1160501
64036,0.6011616
120072,0.29419756
133347,0.056982357
68634,0.26750976
124025,0.09014222
146673,0.20244657
53904,0.072223075
129557,0.10112156
125356,0.19148009
47449,0.58523244
68946,0.21302518
70741,0.1363272
88808,0.3138686
81139,0.34347555
87052,0.8542291
138825,0.050441
2201,0.101525225
3919,0.43857315
80732,0.061950095
26130,0.07874928
4271,0.5462562
34910,0.7353835
23767,0.43596607
52787,0.5123306
6330,0.1115927
42548,0.12262907
45169,0.37120456
80184,0.19549422
123355,0.078228585
15565,0.13799684
113160,0.12598485
71067,0.4560283
144376,0.12835898
138500,0.23170881
93668,0.2596204
38743,0.56808084
20418,0.07759238
96301,0.05650306
142476,0.13632491
1020,0.18895982
142841,0.39668638
37279,0.525228
64710,0.089819744
105225,0.13325605
12190,0.21925086
131946,0.1068628
18103,0.07252305
126967,0.67003495
28992,0.26011753
32210,0.94189256
145535,0.09359899
22215,0.6579279
9955,0.082435526
147807,0.23734832
134570,0.08511458
79581,0.1891238
9924,0.8576858
57895,0.46501657
120152,0.39512417
53290,0.112874314
1488,0.50648266
146452,0.14290203
49573,0.1352835
19253,0.88185495
8899,0.12009973
128307,0.11594525
86958,0.3642239
120770,0.10661693
50610,0.2740941
52660,0.44699055
89532,0.11685381
15915,0.14569435
93928,0.6862084
114724,0.69456565
93565,0.28096044
80550,0.066109456
69070,0.09784304
73205,0.22460513
27412,0.47648716
69628,0.59255886
40394,0.07450958
42434,0.841155
33128,0.12897146
64711,0.73920596
491,0.36980584
55045,0.5872668
118213,0.65059507
79397,0.62554
9826,0.25584343
128359,0.09494073
138096,0.05703346
120831,0.19925028
3454,0.1580766
38159,0.17123136
105587,0.40444022
118108,0.060122427
92073,0.1404901
14451,0.29268628
23129,0.06774417
33612,0.4418801
109701,0.18629478
89411,0.5843084
66223,0.27817458
73909,0.11734732
39102,0.08947527
31823,0.10899892
38603,0.13629137
93368,0.09945433
54942,0.61642414
85583,0.06410216
94616,0.9462466
140725,0.1808968
32956,0.7864919
6185,0.720139
64571,0.3499921
15777,0.95970845
29683,0.1602258
4798,0.9596954
77860,0.08430759
130113,0.1358113
120092,0.21060196
127801,0.47317258
68625,0.95839095
43789,0.0756495
39826,0.2271417
59050,0.639136
97721,0.4752463
40697,0.5138958
92054,0.076824374
40377,0.21288072
119050,0.21939713
60495,0.11994781
134655,0.8245797
131493,0.15372647
139907,0.30922124
149086,0.39837244
52143,0.05329632
20932,0.21272537
97857,0.3261719
74262,0.1172337
137699,0.30474633
118707,0.2002124
143571,0.5600049
113701,0.5408253
72774,0.10290741
59139,0.09726307
91106,0.64084476
100942,0.66024584
132332,0.92015624
101902,0.2751181
50647,0.2126116
38916,0.05378991
117603,0.33870858
44486,0.21553393
131101,0.12837753
127821,0.23963048
8697,0.73911834
41079,0.09030949
48615,0.11584941
57368,0.21386416
149491,0.17794892
139977,0.08990014
142916,0.061533622
69471,0.35054654
37193,0.11265855
88236,0.21100834
61154,0.058693975
792,0.52335453
123912,0.2564536
149119,0.25043043
70120,0.39624208
46015,0.5643698
49223,0.520966
144457,0.52790093
68732,0.060761865
2680,0.05113473
39189,0.4484463
38245,0.08443365
33780,0.7170473
84557,0.12586498
30710,0.23579954
42276,0.77564985
111290,0.70657355
21399,0.53172845
33990,0.5675366
44399,0.12883604
44370,0.570747
1224,0.7524406
100067,0.39959115
4812,0.053930227
38171,0.4165
12311,0.8820744
64772,0.12152546
128966,0.08259534
107556,0.48618445
20606,0.45850173
72748,0.47780204
73727,0.124283835
97499,0.28422922
98954,0.85733646
93730,0.19467418
64472,0.07146973
13639,0.21178061
45846,0.46705776
125669,0.35408464
76300,0.3199588
7923,0.09357379
86280,0.33539754
51000,0.8548607
104825,0.5853283
34382,0.20979786
130869,0.36400118
10986,0.47057626
6312,0.3589145
76090,0.5203075
125275,0.33968034
15363,0.6622749
98382,0.15327492
11784,0.1667848
90437,0.30792236
146384,0.26937258
124475,0.7425075
123892,0.21206252
107976,0.08839303
114541,0.3372627
42331,0.9141766
56170,0.20103663
55022,0.3781111
141434,0.2004303
3654,0.08086979
142589,0.051532887
144313,0.17255075
48417,0.26731655
114006,0.08421485
97295,0.87504417
40055,0.10770756
59403,0.5199906
110749,0.6802181
88718,0.09950533
132211,0.081675254
90693,0.11819816
139935,0.11653635
76738,0.5920374
117529,0.13616863
111358,0.34408873
77458,0.25977862
116067,0.54842746
92934,0.27269286
86980,0.5071821
129833,0.20152128
16028,0.26334214
47238,0.09603362
72013,0.14053723
27495,0.064830504
3797,0.24139129
144224,0.7327868
41684,0.12791255
95720,0.22388536
70532,0.42246008
5501,0.10047793
23514,0.9139566
17749,0.11314286
24752,0.276361
142823,0.7209309
129374,0.17778663
137496,0.09851213
33117,0.15633585
146475,0.2081419
65412,0.82370466
148173,0.119663954
133149,0.8490809
64335,0.8132595
25941,0.0895771
34322,0.119016506
20777,0.4183589
130078,0.22514232
68417,0.11464558
108198,0.09662439
114710,0.67730683
101570,0.17821896
48104,0.39637485
41917,0.4493786
130356,0.82329786
35845,0.3050508
46487,0.6364086
26782,0.10640952
110590,0.53691703
105960,0.1403733
16796,0.2343884
106059,0.2278439
32773,0.21088596
109416,0.07513539
134794,0.34156573
27745,0.11947425
129507,0.1707195
13151,0.06656827
69443,0.15246922
98642,0.6568377
5713,0.3726826
140231,0.079245366
133583,0.4634718
3565,0.09546225
17441,0.683736
15834,0.0959092
15549,0.13563082
5603,0.13384284
129343,0.13164786
355,0.95191944
62016,0.24307866
28046,0.5364424
47551,0.14850916
107079,0.27453375
39365,0.2632835
27653,0.09329042
32430,0.11065006
139641,0.584734
48237,0.6196002
91599,0.08080445
125160,0.07473935
25425,0.14199516
149036,0.21137246
4641,0.06976532
28565,0.2417296
37668,0.25642416
33400,0.4015364
88522,0.37931475
37289,0.5389424
70261,0.15950769
69365,0.07616384
14833,0.92183024
33910,0.11538235
72243,0.06668591
56507,0.1979782
77888,0.9482558
89705,0.2001641
114516,0.93142086
10815,0.33343238
1550,0.90426075
76842,0.13020235
106246,0.11349893
54070,0.12500186
101119,0.2099632
47507,0.35686037
121937,0.3159903
46836,0.11257005
108802,0.3746044
67215,0.8818607
115591,0.078888044
82653,0.27825898
111293,0.078846246
54221,0.7289191
70318,0.9229956
88702,0.123854294
138941,0.509997
86463,0.17145467
20307,0.5235627
64422,0.58914495
119298,0.14796424
145303,0.1432457
52426,0.37710524
89700,0.3637738
18528,0.17198001
9631,0.5706445
123842,0.052103925
32841,0.3671938
113190,0.35147062
18894,0.2350632
4221,0.21537663
4348,0.10760101
69024,0.07742782
95118,0.69993144
138457,0.4719208
31900,0.111975715
27203,0.23737375
25569,0.07664245
16674,0.9155021
36637,0.6233855
144435,0.50550115
68856,0.08753176
89618,0.6905692
68308,0.54852426
47411,0.20095415
148633,0.060428523
25567,0.079826206
56282,0.30714157
129534,0.2756637
36665,0.07821227
39131,0.18702269
119239,0.66786075
55248,0.44640276
149100,0.94480306
34682,0.059489515
65001,0.21768215
17024,0.4552273
103867,0.13967031
138179,0.09856814
149643,0.112080686
28153,0.13638131
120971,0.10755562
85548,0.1924068
59990,0.31802112
95429,0.065444924
79359,0.07036838
70312,0.45927513
77447,0.46034968
3715,0.46665385
18099,0.10410825
50116,0.179229
9678,0.08622557
131739,0.1951523
28300,0.1864537
60674,0.24944162
143513,0.14372568
61570,0.2373838
32067,0.11973514
69100,0.288408
123573,0.06883303
56448,0.13453527
93060,0.25078028
19085,0.08999399
95522,0.7542181
78739,0.15047672
72549,0.07628913
25832,0.7328087
68555,0.8930214
15327,0.16353442
56056,0.71935797
128922,0.59457856
97450,0.08157065
124653,0.08601252
1010,0.7999617
22187,0.08390314
47631,0.5640329
73894,0.07610872
7412,0.17070855
82810,0.12789464
134475,0.11420085
145279,0.13888854
14196,0.5884118
111592,0.2803041
8694,0.24261585
129746,0.10478001
100303,0.26379216
32615,0.4061641
138244,0.09425893
34326,0.064865045
102235,0.20740932
15616,0.33515507
102782,0.6849874
98155,0.5059114
119422,0.10858862
107734,0.05049175
49091,0.5873844
30461,0.39041048
64056,0.048351854
120599,0.57212746
22027,0.16582592
130331,0.15590449
49991,0.08610066
143469,0.10286593
23499,0.12300866
110935,0.10143749
112859,0.67854196
132098,0.897752
21240,0.17357387
139864,0.121495254
94331,0.44877973
62043,0.073527865
94884,0.033825368
99095,0.041122023
143491,0.14678057
54619,0.8955875
61247,0.76178986
77048,0.21663626
144827,0.07114671
144073,0.12554367
126621,0.059032973
98266,0.101178914
96397,0.17341754
127982,0.4826374
1045,0.7069674
87592,0.07884751
2123,0.5846496
8256,0.8507456
78381,0.10979164
89077,0.14466734
23104,0.25528336
86256,0.14827931
89094,0.15389256
105688,0.09487243
4049,0.34654412
74970,0.18624066
137464,0.10327521
95840,0.07965481
121685,0.7538256
114194,0.21035592
64051,0.38276058
140830,0.15684848
52919,0.9413777
72683,0.0644723
130569,0.14145699
4142,0.9331852
33693,0.24319182
3650,0.06404139
54226,0.29654396
35710,0.16455926
26641,0.22644036
67628,0.12423052
19815,0.21175815
63648,0.36311367
77827,0.046187263
149206,0.08556883
18928,0.8721129
29084,0.042468157
138018,0.97112435
68706,0.092023596
89738,0.6405032
20993,0.67558265
3736,0.46291056
148537,0.20926122
50979,0.14091225
134690,0.3254688
55536,0.18561433
29950,0.6847157
6849,0.53684884
40650,0.16373836
23507,0.089798436
118295,0.11290249
10787,0.34355116
18424,0.06792727
22148,0.12018497
113170,0.33059216
93853,0.29256645
8070,0.10289493
58954,0.20234229
104805,0.26325303
112037,0.11217025
62613,0.11422441
81704,0.4295081
108969,0.11019869
96987,0.91134083
113944,0.37041318
131166,0.06748389
55610,0.7674247
36657,0.072826155
20597,0.7330697
106737,0.07393002
37392,0.08776294
107560,0.2031642
103681,0.5185683
71162,0.20416127
15059,0.121026136
56230,0.77367175
25368,0.2526669
108297,0.09189735
11734,0.25415632
123069,0.49624014
36724,0.32588804
50486,0.0938394
63635,0.19456904
71093,0.32705316
68607,0.9499383
54038,0.1335846
77363,0.4702824
34222,0.06821322
48382,0.47966853
15432,0.13985169
142000,0.10718435
58518,0.72394556
10196,0.085393876
1942,0.44850022
64679,0.1990202
83444,0.23027068
12288,0.060575362
147332,0.64288473
39915,0.5535732
95857,0.072997004
32817,0.8498969
21928,0.051943734
116696,0.7132651
108608,0.17669508
131861,0.106534906
26143,0.06419486
58773,0.48517668
119339,0.15351403
51639,0.16274706
47833,0.11948654
114457,0.06708438
23812,0.48421553
85465,0.28574234
149852,0.16479845
125247,0.08212512
132450,0.2064669
107351,0.4048207
89030,0.08682947
125457,0.3349596
9628,0.055476315
141127,0.061434444
56759,0.09794478
62903,0.049613953
132967,0.15467091
41182,0.08721324
22029,0.14361922
73217,0.64909995
53793,0.32887736
23217,0.9455651
123647,0.5496369
3420,0.16350122
8075,0.33105254
143844,0.15880331
72200,0.44711834
88401,0.103881516
128851,0.7170952
96635,0.24891539
38918,0.05139168
16781,0.10363686
137691,0.7017706
121140,0.39831194
44987,0.9094834
34836,0.89627284
130603,0.091090664
4286,0.5698223
34900,0.9071892
130701,0.124074124
116667,0.22800595
144748,0.052832462
116744,0.098036006
35732,0.26636806
51203,0.56476104
2991,0.05743154
24434,0.1650936
48536,0.07086106
92615,0.27459696
133393,0.038390674
37614,0.191051
98586,0.360463
19755,0.05276332
86577,0.45273152
21221,0.108545385
84961,0.8460465
120618,0.5930053
95975,0.18046968
144515,0.8218701
11748,0.08143814
8386,0.08213249
149737,0.6433126
24705,0.56633973
88426,0.8848304
139101,0.6515434
127833,0.12485402
71695,0.7325283
68624,0.2668873
32593,0.49572107
18102,0.66212624
118338,0.952146
42856,0.17302898
100626,0.22485591
42479,0.77440524
147037,0.102217905
82342,0.20676258
86025,0.1798366
12006,0.7575077
23039,0.756806
99450,0.20304655
102427,0.06692978
90194,0.10439945
104660,0.07453622
11901,0.29225954
23634,0.0984689
108159,0.08400467
141345,0.06659924
116059,0.80789655
97225,0.2868585
9211,0.9753076
21215,0.083179094
82744,0.66241693
129849,0.056985393
108819,0.13211927
109217,0.22767866
6090,0.8501973
5012,0.10102226
58216,0.17360425
144792,0.22656411
50768,0.06929078
19405,0.108572885
122705,0.16642743
138001,0.87882924
77401,0.39467475
49889,0.09028356
148143,0.07245202
119001,0.4135441
71922,0.13671468
32493,0.08447573
123288,0.08092126
2629,0.077499144
116594,0.07427136
139930,0.2185709
41622,0.1275617
31384,0.25368533
143062,0.6582047
81843,0.08724602
67418,0.640288
11133,0.19110928
33167,0.43053412
34096,0.06013893
46786,0.4422101
143922,0.40522352
44655,0.7230472
64349,0.20197107
79327,0.9223471
101909,0.086420484
101481,0.09304249
20523,0.5114287
13205,0.6771239
138548,0.19016472
104321,0.239621
122706,0.78605336
1225,0.15704757
78300,0.5139341
28462,0.6468823
124202,0.07857634
37645,0.17737272
133259,0.2393614
107629,0.12177263
48968,0.597721
124448,0.15209214
97045,0.19380032
91440,0.33128577
124527,0.43231156
125797,0.10564909
39157,0.08934191
34611,0.12767337
54256,0.7088736
124367,0.27188352
24407,0.23318774
31709,0.17222612
109332,0.75441283
38201,0.15685007
83325,0.087523066
73464,0.25997755
105589,0.4218162
110811,0.40896037
43833,0.077070594
90876,0.29902464
25015,0.1956765
114699,0.30557823
62521,0.16404459
36381,0.23424715
29587,0.30410424
107813,0.3621497
78960,0.6167956
8894,0.19455923
68911,0.17085539
51080,0.4213906
29879,0.39111355
38672,0.2859569
15111,0.13810325
45639,0.33093566
120161,0.37096664
94799,0.40811113
35177,0.06856159
57061,0.64524233
83462,0.7096795
135166,0.86706483
31039,0.27366248
28425,0.4627252
87479,0.08736837
100052,0.2037207
43066,0.09505538
148514,0.22977397
112198,0.037393384
33802,0.6267687
71794,0.34167174
9669,0.07674321
57640,0.33322424
87425,0.3113961
37940,0.2519138
17222,0.536229
129552,0.13985312
35904,0.1741373
149869,0.19938397
135206,0.23651393
95769,0.1188686
40442,0.054542582
23149,0.101453766
79629,0.0963938
119603,0.6411116
61019,0.45579273
132671,0.2005778
94037,0.34662697
125282,0.18049526
138553,0.26718777
84307,0.105972774
124326,0.07120875
28342,0.3249835
109617,0.49214432
86971,0.0758285
45957,0.07812548
107576,0.110301994
34182,0.22627246
37250,0.4625304
148101,0.3785583
15172,0.2665243
82245,0.09098949
105615,0.51096123
22757,0.40672725
147927,0.24555561
810,0.2217412
91179,0.13996194
51297,0.15916458
79192,0.39569893
40070,0.13154417
10144,0.33906385
108649,0.09750951
139799,0.105889335
134067,0.17073321
148262,0.4564264
59761,0.11738015
148774,0.39381886
55658,0.39903295
145210,0.0707475
4624,0.09624146
15689,0.76198214
126118,0.17921448
118187,0.373291
70378,0.22737548
147906,0.39169693
59682,0.18408126
8614,0.08179468
124863,0.68142486
12712,0.7498057
108432,0.41747552
143843,0.6360344
29718,0.32076976
8153,0.08772705
44009,0.29700154
141470,0.90565884
139271,0.7840158
65382,0.096025586
30322,0.2906961
143271,0.09867195
111925,0.066995576
74114,0.29761797
86979,0.06810257
104993,0.2346562
20846,0.08079222
99591,0.37962806
39415,0.25837633
64888,0.3014874
123849,0.102927685
38701,0.08703863
144239,0.66996133
118786,0.38677305
141126,0.0987953
301,0.25032613
38018,0.31409788
22530,0.470788
72616,0.4926774
48629,0.16161726
143333,0.8438243
145956,0.2827107
36254,0.15073246
95888,0.12171487
8408,0.20650971
34819,0.25209767
107279,0.32931462
98878,0.35684907
65203,0.101896964
71618,0.67844445
43705,0.9764044
70179,0.14623907
6117,0.56716925
20608,0.10254406
108663,0.20645131
120076,0.46981284
124733,0.08938984
53000,0.37901875
106189,0.22568873
19243,0.72397405
145749,0.107718416
52168,0.07523951
128659,0.56699795
135584,0.3208337
139774,0.6479242
89972,0.2568455
149983,0.18729562
110679,0.096991144
36065,0.523575
75135,0.507864
100426,0.42704314
66600,0.3992238
17791,0.35631812
14928,0.056176532
64423,0.106755465
11417,0.48474622
126811,0.41667336
34248,0.08534577
140715,0.18412071
79179,0.14011538
28282,0.26837122
117502,0.24013507
111368,0.9058161
33482,0.91808796
88244,0.1564049
77079,0.111198165
77512,0.07358023
115375,0.56479245
63485,0.34993535
80836,0.09590531
105575,0.086191386
126369,0.096655235
40402,0.4732962
77480,0.21394078
98148,0.4234828
129007,0.43610397
55691,0.09070589
31628,0.5356052
120413,0.0863824
63115,0.23881713
122434,0.12160289
127856,0.062326994
34745,0.35240832
22719,0.16019554
27268,0.09172756
147072,0.1325138
31332,0.20074488
121906,0.07779357
104534,0.05676925
62434,0.7359197
83191,0.44165286
120256,0.6208212
82111,0.24315296
59374,0.062469132
94834,0.28494868
98189,0.16325235
89651,0.0714738
44787,0.22476304
136456,0.11107826
53132,0.10773034
12228,0.11569181
121519,0.15277344
118748,0.0615101
68892,0.05300677
11551,0.12478347
148159,0.20509507
11108,0.78481114
31523,0.06780756
144057,0.72435606
2894,0.91433257
18218,0.19487618
9852,0.8359575
8378,0.6199341
149380,0.11352631
90440,0.13228461
62565,0.84215486
83390,0.05524627
59692,0.41587037
149606,0.06858839
103575,0.12137878
149596,0.48900723
96281,0.541461
62909,0.103762634
2711,0.70863503
143892,0.09195141
93199,0.2510578
132371,0.178422
127960,0.08839151
89010,0.7021642
40098,0.08124632
55710,0.26789293
106864,0.20753093
29163,0.780994
97525,0.10863892
95343,0.5285295
107944,0.68601996
68358,0.15003826
35985,0.07081054
68080,0.31730467
127024,0.11604311
72689,0.30501035
71179,0.20249206
96450,0.55303246
148184,0.14646493
106953,0.30286172
55151,0.15505819
51406,0.252584
108459,0.10338242
14703,0.83658653
97565,0.08672436
107499,0.5791107
41706,0.9580709
37916,0.49277803
46001,0.20644897
114434,0.14912982
68364,0.26671427
118797,0.30951095
9383,0.11694708
14888,0.07373365
95978,0.12668106
81821,0.48031697
70497,0.118441425
129274,0.17763661
73269,0.073632106
32170,0.12078578
23206,0.62560666
42046,0.17114463
43680,0.12275079
99688,0.28343678
101131,0.5103545
46591,0.11354998
86505,0.15842652
54913,0.46542624
86472,0.19485648
89878,0.4714805
85031,0.8793945
37256,0.08381456
136899,0.42421803
31512,0.09583639
146061,0.10997371
90688,0.22714075
8069,0.08589552
121287,0.20394778
1159,0.1489096
111239,0.73089945
115113,0.13106616
32543,0.7073604
128680,0.30851373
133538,0.6879533
66069,0.15064526
136639,0.73788327
128696,0.28738254
128705,0.61471605
17465,0.05544902
91957,0.41693363
92513,0.08928339
3301,0.16722044
50728,0.25775713
82912,0.46670496
8048,0.033343315
60369,0.36420316
42645,0.14793277
29389,0.58855915
21135,0.84515977
28334,0.070154846
69061,0.45177993
120233,0.802393
61929,0.20985577
60223,0.06517883
3672,0.24872468
101918,0.06284576
108468,0.15845187
136527,0.09987653
91062,0.18993203
131567,0.82266855
15728,0.55290776
10942,0.293205
25740,0.6169398
20971,0.7399852
145722,0.6513912
70635,0.21080182
33994,0.23368947
75959,0.17224912
20653,0.7174336
4775,0.042314164
119141,0.12808158
128791,0.42503232
86630,0.12254978
105574,0.08071893
72862,0.3562537
72173,0.4414517
119011,0.069624774
40581,0.17990106
96291,0.2640121
64680,0.72554266
56873,0.3171433
9960,0.9165528
119749,0.09705462
122828,0.08347513
67783,0.08753938
83516,0.25313032
95175,0.36622548
138105,0.1396372
107154,0.4147472
106734,0.32981274
52183,0.9058554
44438,0.17088142
63016,0.77076083
103982,0.7577514
32275,0.11310655
27845,0.5791465
73477,0.4692077
43430,0.90193665
137854,0.13443317
31168,0.9176964
116072,0.065125264
131310,0.56418645
60442,0.09236255
104236,0.1369454
80897,0.23115166
135829,0.15681855
148041,0.16364914
104322,0.122674815
108677,0.91527224
131700,0.27889937
79284,0.4147797
122361,0.26154363
109780,0.057512466
93946,0.2568761
108364,0.16309136
66440,0.95417637
83262,0.123627
48376,0.6534744
112097,0.12566708
129844,0.6307926
50621,0.22869606
97199,0.17913811
119572,0.0797125
129130,0.13262984
30168,0.06524245
15113,0.3151318
57960,0.20306946
103409,0.7664865
21849,0.116914056
126717,0.20615898
14002,0.13947167
128910,0.14495243
98815,0.13033493
27863,0.10693673
8385,0.36357257
133214,0.09172159
21960,0.20952648
29505,0.16432367
83317,0.11835761
74325,0.8063155
8306,0.09617112
138746,0.86036867
142640,0.142121
19286,0.26650923
41908,0.23369098
77980,0.45167673
5204,0.76313907
103892,0.1979291
30824,0.20680247
99148,0.069088265
117410,0.04651728
132323,0.052514594
9112,0.3695532
32265,0.5450701
58606,0.1703311
59641,0.56045055
142329,0.52679133
59922,0.3277158
146210,0.14898215
20651,0.06984251
112752,0.59236187
144972,0.14688535
83077,0.08433447
63382,0.73435885
144490,0.32947594
62364,0.5411789
47692,0.4630233
12410,0.07540246
16372,0.49907416
56504,0.0895638
33335,0.08266284
26204,0.3646777
114262,0.20864315
105364,0.41929245
75188,0.15325254
71850,0.09722541
48537,0.433449
106665,0.5460513
127043,0.09278433
80132,0.4627933
32748,0.6590802
116549,0.08896747
41367,0.94793737
121727,0.2768412
107819,0.644574
62448,0.25802886
77794,0.16273306
21770,0.062446877
93709,0.8342247
96630,0.1350836
5105,0.18959273
101298,0.051627498
134816,0.28419095
1338,0.035795216
123351,0.7006663
47182,0.13944195
116187,0.22180805
85848,0.093506
83223,0.15358254
143364,0.29288
40856,0.06685616
3014,0.4507141
60076,0.914497
9794,0.8986164
120506,0.049666263
133533,0.10999693
89663,0.33521754
2767,0.9171277
35617,0.16007608
54430,0.109741986
111526,0.50480616
99505,0.509262
23050,0.06661182
2816,0.105519235
52610,0.05758029
75065,0.15973093
25606,0.12804356
53961,0.09296766
140027,0.5155241
4849,0.21380636
83445,0.09412902
45398,0.07263835
72024,0.07160353
73498,0.0833925
33671,0.4297794
87234,0.21415287
61166,0.20670258
48676,0.2709471
76980,0.19162916
99940,0.3928338
5245,0.5116718
73025,0.072467536
30004,0.6288651
84830,0.30028647
122934,0.24006526
36482,0.3390158
141465,0.4148306
112792,0.11557018
126851,0.094959766
18452,0.6916367
55873,0.12684278
23316,0.09613689
36366,0.9180798
112276,0.11080579
60636,0.58224434
7276,0.7985443
114047,0.22264513
116895,0.08309108
54385,0.7642663
136217,0.14818725
64573,0.6142197
83719,0.46769878
61909,0.19604607
70782,0.32947662
24565,0.079165675
115330,0.09948501
55407,0.104014315
5119,0.087205224
104671,0.15848793
30132,0.107520774
114183,0.23796637
5916,0.6305154
45645,0.3281739
70641,0.061841965
97304,0.11243963
54503,0.5823569
108542,0.8788916
95960,0.20064738
44172,0.081814304
114373,0.5365897
94216,0.7989207
61239,0.06525387
136525,0.13948125
82116,0.17420174
78370,0.5213533
128214,0.076814175
124738,0.20260236
8364,0.2813668
126274,0.25448853
147363,0.08462728
103662,0.3698157
14850,0.44180566
79782,0.34883684
118192,0.05147054
101347,0.18168433
16269,0.89765024
87778,0.108751036
18926,0.26107046
8413,0.05832017
86029,0.11865649
9896,0.20666128
60829,0.09763673
22548,0.72775406
300,0.36934096
132522,0.26949516
9130,0.10740802
120168,0.20691177
122560,0.1786294
6126,0.14349034
51037,0.19988863
21014,0.120572545
71489,0.19300947
89496,0.26346675
14316,0.5871609
76467,0.09050431
75532,0.8641028
129875,0.04538858
64327,0.106621765
30969,0.070898674
8114,0.23325336
149992,0.13177489
28239,0.13111912
40685,0.21003063
111656,0.27570215
143796,0.074027956
14848,0.36780834
82423,0.05916187
127590,0.1268237
18638,0.15600859
75886,0.73527765
58276,0.20638518
14044,0.16965762
125397,0.13552114
121405,0.112093695
85126,0.31956398
9798,0.05875638
130509,0.6545606
55435,0.23442924
36459,0.7524827
19776,0.23064043
12235,0.12440531
113231,0.07195912
29196,0.40387076
44847,0.31731898
101348,0.096890844
46902,0.49339882
2562,0.48802087
96618,0.16486832
123996,0.8073325
12904,0.505108
39328,0.113189586
70974,0.11224819
6059,0.48196757
109600,0.28431946
13514,0.40164092
84191,0.21167095
4546,0.36858097
148652,0.56521237
85070,0.7246849
36103,0.31985334
57653,0.6848187
50321,0.052057154
84938,0.5412408
134624,0.102106586
113472,0.45398626
1614,0.12798993
124097,0.081563145
107286,0.22036517
90347,0.3273463
149623,0.85806483
26060,0.4420079
132243,0.8455825
5004,0.15714206
23576,0.14503776
90167,0.31412584
82163,0.16125293
64754,0.08755041
62059,0.11684777
69076,0.16444556
21165,0.07328421
70274,0.0837587
14228,0.18134083
126565,0.22544912
139822,0.83792937
14773,0.732794
58436,0.65007067
46616,0.08470163
30836,0.16456033
119830,0.09119552
18319,0.21911465
104344,0.2763652
54929,0.7200874
142760,0.16435866
134282,0.08470049
87897,0.10083884
42171,0.07998775
88820,0.75810844
117268,0.18021263
5691,0.24107629
17449,0.17603809
73936,0.12607732
110728,0.09572483
144843,0.17728491
21822,0.5219872
45634,0.10329181
122475,0.13037197
98411,0.10667994
102014,0.11167586
127349,0.07772542
113197,0.16451563
52187,0.19218922
83553,0.08027324
76683,0.4409219
112471,0.316038
32521,0.0877647
43346,0.076585814
106293,0.173015
112637,0.7370972
52123,0.5461562
108189,0.22859257
131046,0.5997959
25868,0.25465983
31171,0.07314578
7727,0.4766703
69588,0.23998125
50372,0.27527586
123697,0.19528842
11751,0.2665839
149191,0.101850495
138461,0.7670467
105267,0.26769093
105966,0.574658
31908,0.35037562
4690,0.08898052
80028,0.06406299
51005,0.8569563
107988,0.09378946
99734,0.25554013
39286,0.8532931
100638,0.10265643
123112,0.14352065
130661,0.23842937
99521,0.10140817
50959,0.24958447
37244,0.58112323
116564,0.107142694
33040,0.9473439
47207,0.863256
11408,0.16636685
17810,0.68057007
121014,0.12039671
141142,0.4162945
94016,0.106994666
84059,0.40930313
55734,0.11188983
143526,0.18996698
29525,0.45027572
3015,0.5874552
136814,0.32808593
105297,0.04722405
29889,0.21465492
143847,0.73962003
147681,0.241039
112323,0.116650835
22619,0.120944895
127050,0.6183606
118270,0.16468199
126725,0.08982305
5078,0.10445798
146696,0.37348607
119291,0.23226854
23335,0.3522344
70946,0.43625137
105749,0.87139374
111205,0.67633426
139982,0.13067412
80921,0.0745381
25819,0.08422412
10483,0.06294023
15040,0.121023946
87529,0.06645234
67631,0.5814868
4478,0.100322664
3484,0.6093135
106658,0.10187589
100126,0.5791777
125650,0.105624646
120540,0.25409904
81762,0.27250767
61768,0.45430484
111659,0.12139407
108590,0.16520047
38074,0.031951416
90466,0.91411537
14808,0.102727525
83982,0.49730203
145493,0.60966706
123594,0.4183847
13044,0.34112653
146083,0.05259225
52831,0.6960219
25955,0.3357983
11005,0.08114593
7723,0.6495047
109779,0.075881615
11673,0.2580703
19700,0.051782228
145329,0.26487285
102943,0.0785844
56522,0.10547366
22307,0.13411254
21277,0.44920456
146062,0.25005537
109756,0.46061304
65396,0.13614966
51382,0.7561309
147111,0.16140896
70419,0.27074918
101149,0.5731672
62337,0.0915039
93282,0.76152056
40490,0.16917789
135900,0.23328511
17346,0.47966358
132988,0.2831013
4071,0.10521042
145757,0.47082806
138682,0.19279939
71776,0.68439174
77994,0.5106826
58384,0.48128706
109473,0.22266948
68145,0.21765228
104636,0.12247185
16062,0.26485425
137397,0.14639005
91377,0.1277544
16129,0.7079298
31359,0.23104097
102436,0.61270136
102185,0.309297
106572,0.42252752
27573,0.08324023
57165,0.85686386
102821,0.23452911
96551,0.32449198
75073,0.045079213
14313,0.58886194
134345,0.14949572
77913,0.116276875
16539,0.27411103
126955,0.2209455
50103,0.115753986
148187,0.06097035
68423,0.18852113
108826,0.09929111
26352,0.670485
83513,0.0743104
119492,0.51728773
56003,0.538667
24021,0.06947431
97629,0.19455251
60722,0.18503855
52789,0.97664076
38635,0.20956863
83505,0.13510737
142060,0.1649401
66029,0.88549316
69164,0.15071896
3492,0.38895145
11048,0.21297793
48287,0.24517937
85833,0.27900708
17381,0.11498915
858,0.13794613
33026,0.07890169
27055,0.09500955
24036,0.09684196
46871,0.681827
126359,0.34404266
14885,0.098520994
83141,0.087506734
252,0.9364979
120467,0.7410322
116663,0.116562985
132717,0.09620215
135662,0.9429265
109927,0.2057883
53747,0.6226303
102280,0.9359812
141043,0.13314152
29464,0.12555131
142247,0.1894545
38082,0.063081786
43484,0.16700028
120860,0.63140583
23135,0.16754928
66878,0.08761726
14300,0.24124007
25555,0.10432874
112298,0.41433185
29963,0.056224808
61069,0.071777925
138631,0.14299254
108641,0.116875276
110501,0.21443574
62624,0.063958235
118094,0.2503745
111460,0.20789294
32880,0.06583932
102410,0.08072717
123856,0.15020856
107649,0.6245396
100404,0.41775033
114355,0.049283475
60623,0.40244478
88171,0.2731276
56551,0.4613225
91370,0.92481697
140182,0.47993767
38860,0.11255354
77785,0.05541026
2992,0.75035065
59639,0.10292198
26928,0.10918796
65049,0.07225588
145165,0.12334316
120990,0.14160617
50053,0.10112928
100624,0.12723224
45394,0.28751135
66234,0.53203464
56477,0.35752958
79098,0.12429353
32751,0.35930595
102253,0.5137463
114265,0.21263003
95970,0.4516464
2687,0.91565365
94586,0.10419201
37373,0.5701598
78529,0.0720124
24037,0.06279609
45161,0.41734082
70800,0.18007588
30796,0.08908287
41999,0.47517973
129809,0.15219371
37774,0.5625979
132005,0.13650982
13164,0.12581098
80905,0.088457555
67614,0.19968124
11790,0.13611874
145429,0.14819275
50330,0.25415683
102005,0.7585932
428,0.13011172
126010,0.06950377
68553,0.3803413
87213,0.21077639
44482,0.1056328
113036,0.068490006
65841,0.08842722
142615,0.23406273
58274,0.09932583
4765,0.6083607
96830,0.26300988
3642,0.05382822
133462,0.147594
77503,0.3190309
106308,0.3287451
57072,0.17817579
97682,0.5993424
21136,0.08566979
27909,0.23796909
87419,0.09740857
101698,0.25613293
131095,0.16779079
105283,0.6546665
5166,0.36764657
31503,0.07152273
73182,0.07224027
34710,0.5776302
5389,0.21207055
92189,0.33292595
14384,0.103018485
16631,0.43516633
57989,0.16825528
11090,0.42450488
66971,0.15432979
46325,0.07648279
117466,0.37014797
47875,0.10176906
52866,0.6487717
112464,0.1445242
145416,0.42600882
63360,0.54799545
85761,0.13647522
81682,0.5147367
96402,0.066999555
12166,0.7158169
15374,0.7549558
136986,0.36410317
104147,0.70747787
66062,0.8130792
28028,0.33224127
5939,0.28682137
61186,0.091377534
77210,0.10583966
72871,0.21605632
39830,0.13692234
84326,0.06677235
136725,0.10681854
2261,0.37437683
39442,0.61071175
122393,0.13288024
18636,0.88601655
44984,0.2471869
69300,0.77062565
54024,0.13363072
105995,0.32255292
67208,0.14513782
10824,0.16063191
41170,0.10138043
30816,0.912213
134240,0.643436
142440,0.53674847
7508,0.05848432
126623,0.15631185
8108,0.18438002
17264,0.52720666
113839,0.11057646
69505,0.5864444
539,0.17452022
75679,0.06546404
116122,0.4401492
16606,0.14040288
5121,0.57283926
104691,0.12894775
74679,0.09747647
95246,0.49698702
98873,0.13425285
115728,0.10200879
36034,0.5927345
90085,0.41570085
90463,0.20376523
105121,0.6687954
110746,0.69397444
109279,0.29569262
26771,0.38206413
54393,0.42663205
110645,0.1747324
136474,0.094579205
23632,0.5148246
131880,0.065975614
7662,0.18271464
19423,0.17241731
77165,0.26988447
130135,0.9063711
93572,0.39702204
108330,0.7947652
147970,0.23296797
14933,0.9476142
125967,0.108726375
66265,0.7754021
73901,0.12594032
18694,0.09172543
17186,0.7162362
147645,0.8129328
84909,0.6501728
32633,0.23038462
27493,0.61673194
139973,0.06353304
61652,0.39879993
139697,0.3099962
62693,0.09813449
20142,0.31673568
53910,0.7074502
109002,0.18344937
55483,0.5631088
76724,0.34200323
14809,0.91309327
26412,0.28874144
138751,0.25395173
114759,0.07378505
16557,0.13183421
73930,0.09058542
123169,0.52045625
110224,0.12439419
16862,0.10569635
20014,0.8910845
40284,0.108910166
69372,0.23990214
144454,0.23041321
70044,0.676226
136866,0.92786855
36345,0.14574936
139136,0.08890191
79605,0.17638798
80868,0.52823776
59719,0.317098
39333,0.109160155
71109,0.13366684
79556,0.5451066
4658,0.45885834
112100,0.61168116
3122,0.09894629
109071,0.27021042
83662,0.7127801
8877,0.20380078
62249,0.13035323
136490,0.15544498
406,0.16511245
17406,0.2129336
23044,0.35915732
128801,0.046365913
2238,0.12571214
10301,0.17749567
26116,0.4388387
55833,0.47757822
44391,0.85514456
80736,0.13710232
30729,0.04237278
53147,0.49865597
61237,0.2480098
24884,0.26697513
44260,0.64146876
122413,0.12421294
135130,0.78406465
77310,0.09654451
138506,0.13091077
58363,0.7419303
147579,0.2627519
79835,0.1791868
12633,0.91736376
87629,0.07722355
114189,0.3469761
36063,0.08548676
24094,0.10288982
55633,0.12894833
146803,0.11500603
21609,0.18735169
127535,0.16817005
23782,0.16339672
117149,0.44670585
26640,0.8420086
54845,0.6398301
117710,0.087395675
106662,0.051155295
15431,0.0993994
13626,0.09235324
29283,0.1245795
107763,0.894345
45349,0.07554069
28526,0.56102014
117787,0.09543407
6769,0.09676518
68878,0.1364
73096,0.16669087
100666,0.4112983
133280,0.09057634
131411,0.110066116
106492,0.13505653
102654,0.15508741
2833,0.13826343
63362,0.37047836
132609,0.14872423
59083,0.05910334
94771,0.48805004
148348,0.41206467
41117,0.5638452
48467,0.29649577
32834,0.514397
44679,0.8031736
94865,0.53080356
12145,0.94855714
139712,0.15081692
55131,0.25616872
84720,0.55915
24339,0.431479
111477,0.4026117
92573,0.13317461
92911,0.10660012
4842,0.7754952
76303,0.20429555
124269,0.08396985
130850,0.41157064
71292,0.73504186
81468,0.7491958
23795,0.5815276
99174,0.37344512
15699,0.5754083
31467,0.07541456
83512,0.19699366
95498,0.23010406
79572,0.490153
129033,0.26589906
66433,0.2938651
138452,0.5110539
114153,0.3306346
134859,0.81667185
28897,0.29804978
18807,0.1184538
148286,0.1046592
70254,0.929914
8335,0.34380025
47561,0.637253
38076,0.5279979
142595,0.88273937
67136,0.34049076
43335,0.18605806
76406,0.10999848
135716,0.47362456
114130,0.44480926
81382,0.05393688
22593,0.7871539
127608,0.23860252
41446,0.23842959
37917,0.286789
51366,0.19073592
98378,0.39804375
32163,0.06295166
89585,0.052535698
127681,0.09619728
63769,0.35515094
124050,0.26221856
94344,0.31777012
13178,0.5632512
47380,0.41075003
31949,0.106225915
97665,0.7768002
93010,0.09092619
11230,0.14599724
48043,0.39292556
38978,0.16709512
19844,0.33870056
121220,0.9306778
71002,0.7872464
131932,0.10636425
140408,0.27804375
147373,0.11856427
54612,0.24145177
21390,0.21983628
39404,0.7063471
881,0.67532045
9082,0.115790136
43271,0.13685372
121488,0.92905885
146199,0.2173657
77768,0.09270976
94981,0.06440888
75166,0.82468677
2025,0.8500044
139819,0.31727248
25531,0.34046263
62395,0.9088563
31870,0.14297782
94517,0.36310524
112073,0.6855461
73542,0.58113366
75547,0.14613229
94960,0.25889066
29578,0.25026083
68475,0.17128353
147768,0.80273163
109980,0.11110054
147001,0.112711616
124881,0.105625115
38507,0.1589322
120222,0.6036844
82946,0.21347979
47317,0.086424775
13707,0.32070595
78648,0.09075925
131913,0.118657045
27671,0.56219953
125462,0.414681
103481,0.11069343
68331,0.22328407
27343,0.37956506
58204,0.081855364
53133,0.20881529
103255,0.253403
141694,0.106830806
107895,0.05389627
140712,0.122981235
29671,0.38011068
82078,0.3055593
23419,0.2866627
102236,0.19762954
89401,0.43068895
12845,0.091545194
27296,0.08209357
97583,0.06732878
76404,0.47465166
65647,0.62387013
142637,0.47973776
38786,0.17536634
11432,0.24841139
117551,0.58677983
143123,0.17335884
72190,0.7441468
146276,0.42944628
30944,0.15348373
144007,0.24591681
149995,0.30615053
115938,0.32546788
120978,0.11597191
147691,0.4243524
50833,0.06148965
21335,0.38235784
109286,0.17049971
146172,0.120040074
40657,0.52548134
17820,0.114932746
27958,0.14298914
8175,0.09445005
61271,0.4450991
34596,0.68874127
35952,0.22459339
46801,0.0847208
74551,0.59820837
52259,0.10516487
143076,0.31404737
97279,0.0815013
81669,0.06302488
47369,0.6307844
121376,0.1888309
132889,0.12864017
83127,0.06573786
145754,0.22206151
128497,0.16463187
82749,0.362528
23943,0.07814114
37283,0.050475556
110476,0.5001126
82613,0.37429515
107033,0.6862552
51885,0.49312672
108630,0.69515747
11733,0.7578281
107541,0.5882842
99207,0.06240711
115752,0.06630693
46688,0.0941873
75708,0.061545152
13867,0.13155876
54982,0.116542116
132801,0.08658332
45362,0.36322474
58834,0.27958244
18154,0.09190182
51168,0.09851382
103979,0.47483233
59509,0.77405685
24232,0.5950825
135845,0.40870357
124003,0.152542
132544,0.3634395
60308,0.06943982
131575,0.72480434
125873,0.84534913
24870,0.122118
113466,0.43463534
56321,0.46100524
133460,0.76544046
112452,0.24217819
28433,0.21084265
16678,0.5050553
81164,0.92112046
27230,0.14260738
68569,0.12088195
68556,0.84648854
6836,0.4404933
109118,0.20970577
144551,0.6214879
110990,0.10296082
103636,0.105321445
54835,0.06339158
108158,0.54882854
110602,0.09838084
2884,0.08079082
143649,0.13985796
67109,0.26009464
44881,0.060384605
140040,0.32888353
148052,0.24623185
34537,0.31671193
3275,0.050218277
40392,0.1545064
64906,0.6419035
141845,0.1870246
113181,0.9211959
43986,0.19822733
43334,0.14162509
70001,0.21338972
135489,0.06622858
27066,0.70138
70325,0.16485561
112425,0.09237065
85348,0.18187113
69724,0.6042253
67728,0.034013398
12312,0.67624354
15355,0.18023266
11192,0.45203125
25362,0.07429675
11561,0.90635234
28259,0.9334102
141954,0.17046174
106393,0.5961919
123583,0.3697808
126055,0.23853576
84207,0.27789035
73637,0.33845693
21745,0.15158969
134171,0.10419548
26733,0.6792264
9225,0.69028634
112379,0.2524939
11740,0.39829892
66851,0.35809007
73835,0.078658774
20007,0.17416637
51378,0.25675806
7049,0.076579645
146071,0.077572316
70083,0.16192906
33851,0.065587796
56694,0.3387583
126181,0.6254814
15079,0.34534818
112183,0.6137888
148010,0.61284804
99836,0.8143538
143279,0.05743693
127691,0.17330885
114910,0.08568862
78565,0.15241735
114367,0.24095814
129959,0.7458214
68248,0.23182133
112144,0.14931476
5543,0.27169466
75864,0.11904887
61933,0.83582526
20126,0.506485
109503,0.1501145
123957,0.09628611
25457,0.095604
61076,0.916468
34589,0.03128044
32060,0.94330347
142735,0.13063876
18794,0.10298771
20696,0.033425834
107302,0.024957342
52564,0.69012064
83190,0.5457581
10261,0.16410583
122794,0.41425958
41906,0.36148256
141579,0.105140656
88514,0.77573913
88898,0.44467047
40484,0.1246176
66683,0.048388433
47160,0.08358762
146834,0.124501616
9728,0.15319175
16321,0.0870886
83383,0.49620467
51524,0.059794094
85059,0.5173997
143617,0.30366468
9520,0.8679469
36003,0.28086978
73275,0.18553182
56276,0.35502526
87222,0.2661829
53005,0.1273709
68612,0.06351637
45468,0.09526845
82606,0.09770653
143231,0.11424426
133991,0.18561248
52742,0.14248419
62150,0.088202044
55480,0.12288008
37286,0.5564047
28386,0.25642923
20503,0.22601353
28246,0.54075783
35250,0.062357426
43793,0.12963337
83850,0.22397344
116950,0.56594455
127273,0.22079277
55502,0.16453238
48309,0.12844804
118276,0.16363804
133273,0.47126386
63613,0.23136367
37049,0.38609403
103633,0.17353463
104513,0.32687944
94721,0.11605518
47037,0.1356535
109828,0.08894989
104096,0.20572644
93313,0.3389744
11596,0.18092623
17356,0.6292639
146102,0.49743095
147358,0.32136098
4703,0.066143714
130483,0.26410958
9658,0.0838981
9492,0.1548149
55060,0.084783986
20308,0.13332433
99863,0.09478083
63514,0.42961398
119982,0.9100118
103644,0.35376638
31515,0.07007302
12640,0.2361361
54591,0.3427934
148763,0.18242964
66442,0.77933544
79318,0.5574832
92838,0.8292539
15437,0.51860225
15336,0.1993996
53127,0.6913875
109653,0.09515649
148109,0.1596263
17769,0.35128075
88669,0.16134298
123421,0.12760307
3862,0.12448169
85634,0.72232515
136070,0.10291529
148043,0.82076055
56580,0.05937173
36382,0.22977391
92194,0.089269064
119640,0.38151354
38106,0.20333458
79056,0.13723266
56700,0.4143237
12709,0.16098598
72278,0.7024573
98730,0.2694787
30167,0.18672699
28298,0.12016259
11524,0.32416114
71806,0.7436041
51911,0.5838914
131142,0.14257717
21070,0.19890215
107583,0.24675623
129195,0.2080859
40790,0.091728576
91267,0.110135816
52592,0.0654615
43481,0.06941514
86409,0.09530026
63398,0.35293517
132644,0.36037505
56734,0.050068926
54586,0.27841341
28020,0.92260265
32130,0.5136521
130272,0.2829754
85602,0.83876747
144463,0.27094874
124877,0.6205101
133879,0.09105025
47290,0.122969106
125835,0.075889036
148776,0.63674766
66315,0.06137552
32539,0.09185526
22067,0.19198593
34848,0.078464806
51537,0.4550134
19057,0.9000662
136110,0.1763364
51992,0.6449384
148780,0.10783358
105069,0.17176382
23799,0.033991046
141680,0.099887505
116670,0.16796643
131839,0.30305514
132240,0.11797595
94412,0.40452418
95004,0.74673766
44384,0.13234147
16231,0.686962
2798,0.16926013
127992,0.38437498
149594,0.65919685
119126,0.7411981
126153,0.38766986
81137,0.5835279
22964,0.117150426
7782,0.13090122
147876,0.16206072
14127,0.81773144
114495,0.035746515
135139,0.21491899
86603,0.1131591
42732,0.16415556
130355,0.80586135
140719,0.09729836
140550,0.089728385
51829,0.64024025
143013,0.95468444
27742,0.87145203
139723,0.30581555
52872,0.064505026
60333,0.194392
70865,0.22507763
25465,0.21924038
48642,0.9472597
91983,0.16002834
62810,0.092117146
137111,0.24734865
75620,0.0839292
138798,0.6971442
79451,0.4010433
12452,0.12207818
68981,0.5850334
140163,0.32988405
54770,0.8386651
15827,0.09609161
140956,0.23671314
30596,0.06781552
68805,0.107291125
65813,0.17875837
84713,0.05102668
56334,0.096244425
31297,0.643436
107697,0.8333159
52611,0.08975844
20710,0.5958138
128636,0.49125847
39869,0.104342885
115779,0.13641238
83270,0.2919843
108866,0.31649274
65231,0.08616223
10080,0.6780755
118659,0.14164314
37680,0.04317236
30603,0.18114263
68255,0.12828083
72621,0.17861436
99614,0.9307228
92086,0.23771094
147594,0.99115795
68687,0.1879002
95615,0.6818091
110997,0.4088104
117705,0.16836135
54651,0.3160132
124841,0.4856921
66222,0.20839714
6717,0.33780122
3790,0.48842275
20965,0.6613632
128926,0.3618242
21987,0.62300235
46425,0.5732734
28077,0.34298658
136765,0.23275116
48289,0.4424314
28310,0.57194567
1965,0.10245348
35276,0.32425848
51361,0.08993352
61495,0.2580176
96900,0.08037641
9579,0.09640564
103247,0.047044657
70442,0.19890888
4621,0.36799583
90383,0.6128335
22157,0.14926243
62248,0.2860275
50362,0.123265184
3402,0.8230791
70945,0.25392538
120834,0.06412809
131273,0.10107114
24880,0.23409244
45103,0.09920302
124583,0.054693785
86978,0.065398745
79373,0.09288889
2511,0.04673184
30136,0.6923995
97845,0.5050502
32178,0.116767354
103530,0.15425715
15211,0.09422028
45138,0.847328
41954,0.14756264
26200,0.2979869
132892,0.6919925
132074,0.28824812
10293,0.053357683
115916,0.08894757
145132,0.69366294
123088,0.091496564
135474,0.23282929
98251,0.47217527
655,0.3253369
47282,0.13913347
138696,0.06547036
58612,0.19021386
117034,0.075253755
94991,0.3421353
19024,0.37463024
34334,0.11198105
20658,0.16298807
70355,0.2790865
62380,0.52917343
26354,0.09874621
1703,0.08200791
103312,0.26656106
143108,0.33920607
4153,0.10673944
141583,0.28674883
73204,0.77106124
136362,0.1364004
131078,0.45903602
5091,0.12303198
32347,0.17848876
73423,0.1527311
99552,0.63733137
10846,0.125476
54918,0.07908389
74881,0.12310117
123025,0.08582062
128545,0.22888853
117260,0.10661693
54840,0.36732122
28650,0.4353962
112762,0.34598178
148340,0.1555743
45763,0.06070478
37440,0.29216415
62592,0.10252892
46144,0.4591024
38120,0.07689625
24704,0.7531432
77898,0.4569797
87499,0.09950116
64124,0.23298235
74280,0.057891596
125742,0.27042437
134412,0.3370223
127329,0.62331486
43073,0.49885798
87148,0.10596791
26269,0.067740306
43783,0.29690608
116876,0.1356393
128721,0.24374264
100070,0.068678446
25820,0.11474267
64639,0.0554598
11181,0.33911875
118592,0.5641632
103236,0.1362689
61355,0.11177625
29152,0.244596
70181,0.55159706
137801,0.4752421
58293,0.13132451
44113,0.6769694
131327,0.90091395
97440,0.17763412
103287,0.3334142
47027,0.90721637
68845,0.047662627
21937,0.24606898
9348,0.065643825
65475,0.63214165
3942,0.5040987
18956,0.38596436
66451,0.28238916
39902,0.32173473
39600,0.8946961
138054,0.22409205
18403,0.32499436
29309,0.44419977
101095,0.3417319
51295,0.54068226
117537,0.09614199
3540,0.088648014
112606,0.40444732
89539,0.19086133
119579,0.15338619
119709,0.07618466
11411,0.0991169
36275,0.42700747
19140,0.05832225
35243,0.31582025
51077,0.10432803
71725,0.055870537
83232,0.152274
41586,0.6655528
138935,0.48201478
40556,0.29647982
31689,0.18026131
90157,0.12489644
49199,0.6447624
35199,0.110115215
136843,0.5567112
67464,0.06800922
64042,0.1099058
10178,0.6440782
25438,0.11562598
119511,0.0970742
21657,0.5019808
123257,0.06506353
105797,0.24459241
32257,0.1930294
42931,0.8957555
115420,0.06770452
137416,0.59217346
34305,0.7582333
48666,0.24737649
35161,0.10031066
22090,0.09937665
47817,0.07901982
141818,0.41067952
33765,0.14861701
86950,0.22535865
129199,0.055896413
17610,0.26783755
64224,0.2338568
97262,0.1063742
4199,0.16261925
70619,0.19283383
134185,0.48618338
75009,0.64027226
141800,0.2405903
146157,0.58199275
101884,0.05374183
96209,0.08041076
120503,0.07002554
36815,0.0859246
54806,0.11571943
73615,0.13566694
132744,0.14403139
2313,0.30227706
127100,0.6429096
54877,0.27294353
77097,0.8778734
13509,0.06477446
89299,0.17026035
66595,0.061001997
115546,0.07794493
111004,0.2009043
27379,0.66061616
49171,0.9111549
90766,0.16029567
148251,0.12022096
3033,0.14494614
78440,0.49407732
82397,0.52685183
36054,0.5397869
8105,0.42892745
76825,0.15712492
115665,0.08267329
48160,0.25170407
2405,0.6939055
4712,0.7772836
2850,0.07094439
111797,0.37564835
109452,0.08068676
124393,0.17267296
72693,0.5796161
31121,0.51213604
32172,0.21160239
71378,0.24521506
11519,0.05118973
126585,0.92235506
122409,0.9603216
55337,0.4148293
27549,0.12086916
79571,0.3157222
136757,0.11415879
99689,0.10188448
17708,0.3585482
50541,0.3713674
74829,0.42889047
50115,0.90877485
25628,0.12806918
126161,0.7825716
148283,0.097266726
61898,0.85338223
145001,0.57207865
38241,0.13541117
50217,0.4232926
20236,0.13695331
104706,0.15064111
54590,0.94383574
123841,0.6688784
49263,0.2529519
78563,0.49559116
45171,0.59779733
37981,0.24789067
143407,0.0756558
12664,0.11277835
59695,0.11843194
27460,0.12300512
26846,0.07884337
64303,0.075226165
140088,0.93151504
116121,0.38325405
130940,0.12233173
54495,0.2074615
122107,0.6323334
110829,0.12659381
11655,0.10400832
52791,0.9414148
133466,0.52855235
95987,0.09923904
86104,0.10750446
45673,0.31192
95868,0.5453456
72703,0.08348181
62561,0.8068105
32102,0.41675094
6359,0.05552244
25768,0.14329395
31893,0.9175319
111697,0.47112358
99497,0.0709679
36689,0.17218137
107727,0.17819403
78629,0.39693475
71259,0.6898061
101479,0.7095099
146704,0.10319368
146780,0.22665444
142694,0.08109874
15903,0.12641336
123974,0.106654786
27621,0.25731215
135723,0.1612956
87655,0.14293317
38945,0.19866826
93770,0.099451296
53497,0.14068712
82430,0.26707375
25833,0.15243647
26779,0.41236526
6996,0.8657057
32932,0.5355363
99221,0.21778668
108654,0.12659328
47664,0.21668509
29632,0.24754968
84049,0.041590057
80366,0.43021974
79092,0.09146623
46373,0.15808217
1212,0.1137701
2359,0.042278577
82639,0.05491217
46040,0.3226118
71802,0.58333516
109924,0.13358194
31684,0.27210718
107922,0.45794943
50159,0.8388505
92161,0.17311084
30446,0.53190917
149644,0.5953582
60877,0.31900463
3546,0.13054055
85645,0.8313234
80272,0.06661934
88814,0.9591405
132109,0.43063882
58899,0.094605505
117974,0.9048879
29287,0.84476036
47954,0.084456414
147953,0.119013734
76252,0.83182985
3687,0.13106327
90310,0.11019855
5807,0.054422222
31108,0.26216328
32387,0.46664405
148225,0.078661546
105878,0.23853216
61175,0.86689156
117044,0.5141866
19916,0.43854925
32273,0.5237414
133113,0.13678679
52533,0.090363875
10205,0.51103693
83723,0.34687692
141896,0.835387
87216,0.81470054
118417,0.06613993
74117,0.13948718
54063,0.06750224
99653,0.6377476
77589,0.3253437
93842,0.19529854
10181,0.23402439
132369,0.07354641
2903,0.11685541
137787,0.4150373
14954,0.083179414
134509,0.22795291
111135,0.657033
56076,0.20951949
97627,0.38037664
9273,0.09796865
17604,0.80519706
66892,0.12952515
132123,0.08295534
119874,0.3049599
48703,0.21737169
42993,0.099486195
55118,0.12463284
9444,0.54705673
67763,0.17125854
73599,0.122020856
89739,0.107099086
39781,0.07904822
12957,0.112160094
141619,0.45518342
59880,0.88306165
62937,0.5393036
22927,0.23145488
89922,0.1011418
62828,0.2365923
86341,0.11528689
107426,0.4445182
102999,0.16282678
4082,0.9777058
72891,0.132668
57564,0.95469403
79044,0.14473659
111070,0.2268234
44566,0.06863648
117482,0.08824071
54900,0.30487645
66551,0.09343134
149895,0.37330118
57117,0.520799
75117,0.35780063
44578,0.084672466
36472,0.24936904
106708,0.16207099
111670,0.13803038
84771,0.4032495
94519,0.110804655
126046,0.41316822
5708,0.09333243
54979,0.20500639
57767,0.905923
118842,0.092042126
128248,0.19328198
145871,0.17514026
97004,0.86951524
125515,0.69580406
31756,0.3015273
81702,0.4594958
78393,0.42012697
78301,0.12543975
104501,0.6525071
64298,0.9187568
111448,0.24798346
112556,0.07066449
24510,0.08858756
85363,0.056772828
46535,0.07571578
64541,0.19174913
102628,0.77214247
44167,0.14498001
36722,0.103814244
124890,0.43181214
99340,0.07126828
89987,0.22624952
57046,0.10616943
31393,0.37852803
50688,0.10047927
88389,0.07785669
124132,0.365559
138346,0.103932984
33795,0.1878919
125508,0.5357035
146405,0.5396976
90637,0.1008244
96455,0.21777299
142567,0.7926744
738,0.12363443
27146,0.074855395
49834,0.20156914
144396,0.29805833
76356,0.081859484
3559,0.20198247
106066,0.10199897
117258,0.23513235
70878,0.7859652
83301,0.5798879
62614,0.12087504
14131,0.14451145
63132,0.40090454
23758,0.10584768
54713,0.25617734
22963,0.07526708
107062,0.24709703
142665,0.7258169
44123,0.12712148
125471,0.2728628
129008,0.15787822
142042,0.29846218
116124,0.0636526
31399,0.14286193
32936,0.32380447
53908,0.3046283
99403,0.069839895
123519,0.06565867
6834,0.035744734
104383,0.109240286
115014,0.6451533
20674,0.057961408
100906,0.36482677
26487,0.9416561
127084,0.24181458
48856,0.3258837
33891,0.7604879
147280,0.040584255
61479,0.39379543
128796,0.43873766
124904,0.07340277
37871,0.85608906
38150,0.13276201
35801,0.12902214
65591,0.31179932
69336,0.8150745
30204,0.0794864
21897,0.40997192
102009,0.61947274
94843,0.109095834
3061,0.27528214
90522,0.063829325
38440,0.11238138
101203,0.85017955
90568,0.9164088
91288,0.12248658
28900,0.24024087
21208,0.12904896
7517,0.55536216
612,0.7784332
111961,0.18881638
10334,0.49119118
131712,0.108016714
79671,0.1460371
58663,0.2523531
22510,0.90834844
136766,0.1295042
59681,0.23336942
433,0.20773791
92839,0.66151136
51159,0.14577505
19403,0.15661852
120372,0.15494111
31410,0.14724839
79768,0.4606552
116542,0.11940588
46138,0.12100975
12853,0.045226194
37366,0.13471285
47952,0.5108789
32272,0.5493255
26163,0.50623363
117218,0.06063565
80914,0.65095556
50162,0.047702264
79877,0.26929364
43945,0.518812
93308,0.19456533
106821,0.5986182
63809,0.064496376
94425,0.46552357
107029,0.1056628
33041,0.15784717
60553,0.49057162
11363,0.93918335
67680,0.056520537
8701,0.14006476
137553,0.053378146
28141,0.56649107
19886,0.20256008
110980,0.2715992
24187,0.06266484
42938,0.38767722
48552,0.1519688
106571,0.5608343
17141,0.065935284
138562,0.5231586
72499,0.082733974
59006,0.36201212
141788,0.21891592
10340,0.12987456
98820,0.10705013
101945,0.08613832
137633,0.9027888
33471,0.5176164
50489,0.114174716
139142,0.0858273
80807,0.88713324
145062,0.2681841
124038,0.12512022
58926,0.10157038
12414,0.48250523
19254,0.16569358
126384,0.65184045
15836,0.12592116
60343,0.059752222
9419,0.06720878
69741,0.31516558
86982,0.057926066
3620,0.08971071
142038,0.09692411
56427,0.46511254
59584,0.095580816
104297,0.65068555
42918,0.51857054
9116,0.13513827
101313,0.4237222
72043,0.08320202
143495,0.5828154
49520,0.09523929
119064,0.3136336
58702,0.07605279
83842,0.27124867
141289,0.21268246
75351,0.25341672
148991,0.14751658
98513,0.29618838
1904,0.08834573
123626,0.06831357
135617,0.064455815
131998,0.9618516
149325,0.09447334
42887,0.11600274
136848,0.666539
54618,0.075530134
84883,0.056362018
93150,0.07950363
102723,0.2395064
12597,0.2634376
90482,0.22502075
88752,0.9394969
39776,0.087865524
97086,0.81713
90988,0.064139664
121028,0.8600267
77087,0.17949903
4683,0.16202478
40923,0.4446554
32990,0.080995806
22706,0.77964693
81642,0.051128775
131954,0.5859326
14222,0.108015075
127332,0.09385695
134070,0.11545577
20368,0.08857165
75071,0.119906254
85536,0.9554262
75087,0.078935176
25139,0.9435598
81121,0.19210756
5498,0.8395661
68914,0.098495886
18371,0.09948286
117348,0.110351816
19627,0.13367698
36920,0.24134782
142509,0.15981863
15442,0.19134822
21043,0.673826
7088,0.14982669
137934,0.6803688
11956,0.036789957
67652,0.63746804
125768,0.9092357
40491,0.07329137
102209,0.11157155
114159,0.5381735
11125,0.09138402
91230,0.1954635
85869,0.49636522
118366,0.082606904
62851,0.6125561
33093,0.8135888
111037,0.1595633
9039,0.10340544
44976,0.14954582
66567,0.098527394
113325,0.103453346
73120,0.26156712
75387,0.7229592
34663,0.41041854
144578,0.06540381
81452,0.09451079
54199,0.14951146
35140,0.8154494
33065,0.21878155
83543,0.076186076
124061,0.08511096
88047,0.104899496
91527,0.21797916
73414,0.28133944
46366,0.0793735
59225,0.20760301
19424,0.65756005
117362,0.6391764
128962,0.12728617
51484,0.59170085
36575,0.8953401
68761,0.19806296
119736,0.11183682
82611,0.17353657
83868,0.1654815
66455,0.44310737
17726,0.9096002
94138,0.15676683
85334,0.112596236
67999,0.16932133
121750,0.32920504
43222,0.09410164
101190,0.10963073
79268,0.9671277
25280,0.81932884
2696,0.6894891
75305,0.39599404
133008,0.10461749
88858,0.07608354
76441,0.88613504
16900,0.6600092
42493,0.7475447
56597,0.34312296
82477,0.77234894
91420,0.13633202
60905,0.31648126
131323,0.12884186
71845,0.25249326
64866,0.10903032
137729,0.31271097
53108,0.62528574
134378,0.10169342
19013,0.36431333
15085,0.61982745
23540,0.11123565
77993,0.35016695
19002,0.15362982
75152,0.48231208
67910,0.11226699
104037,0.09364704
79635,0.21984039
16400,0.18368962
145483,0.22342813
32251,0.8755955
89880,0.13879678
96037,0.09029004
121960,0.15995385
39418,0.22040989
114652,0.22916408
92721,0.58648837
1302,0.12765305
147819,0.44209865
96244,0.7336532
81395,0.38229558
147458,0.121904165
89039,0.74527484
34612,0.09622564
9239,0.07801783
84872,0.7420025
148520,0.6598526
127337,0.120789684
75963,0.22028483
35127,0.124257825
12818,0.50227064
97902,0.63921744
25700,0.31750733
10167,0.05384599
126939,0.69006085
36485,0.94231933
144355,0.55218273
28378,0.49356475
15633,0.25311464
103900,0.9001849
32036,0.20087636
25352,0.39715108
31272,0.085898094
103023,0.10875559
52410,0.2396476
12500,0.35749882
147604,0.18434258
146632,0.5293988
141706,0.09046299
13698,0.13200681
89590,0.13367085
52932,0.0995013
128539,0.23094037
83737,0.15227789
40283,0.5293146
48265,0.16227502
139253,0.116987444
9454,0.2171614
94823,0.15023068
137101,0.3846352
127888,0.082621284
55733,0.09209879
41071,0.3272886
140667,0.16263852
116139,0.12323334
132538,0.29239368
60199,0.41690928
14265,0.22307745
108436,0.33168492
118333,0.68479526
20018,0.09072292
62513,0.42987233
148816,0.46201527
51871,0.8353337
50929,0.8921434
86310,0.0964551
19235,0.692838
114920,0.2529483
59140,0.12984493
141304,0.08792935
46780,0.09289565
54052,0.07444944
68529,0.5035852
15987,0.24230926
16583,0.28293434
7071,0.3869528
34943,0.14746433
78262,0.10879454
61402,0.1603968
65193,0.36472672
60644,0.3530623
116356,0.13265567
103308,0.4029022
9833,0.1873467
116650,0.26672104
83189,0.10029261
63883,0.60250014
21804,0.8624978
121132,0.09692177
34675,0.14724725
131402,0.26606244
95961,0.15254068
8415,0.18825561
88893,0.15247518
6122,0.8177295
43072,0.45383668
129520,0.8402825
6230,0.11513255
149945,0.38991
60603,0.22648391
54705,0.09469121
78277,0.5896587
58464,0.14804183
147624,0.09434919
22443,0.08503714
54180,0.24793069
122579,0.0813251
55488,0.16950893
118304,0.16051137
143765,0.1537427
104089,0.15800387
119017,0.16114876
60559,0.46981227
133978,0.06593338
71507,0.28015918
62921,0.83852464
49843,0.27385506
21880,0.98589087
30028,0.057123344
97121,0.34721613
90291,0.12462755
121407,0.08739565
75771,0.2800991
39274,0.48716167
42701,0.7245618
15411,0.45865744
77935,0.12036712
134203,0.1193292
142029,0.5303277
141344,0.23411776
24420,0.07219423
41403,0.15619694
67972,0.4259148
18548,0.051813588
23291,0.78776866
105424,0.22978549
149864,0.15053017
35445,0.09454101
75752,0.07466748
40410,0.7348998
124764,0.31221792
143069,0.12604326
2867,0.4349706
133436,0.28648034
76546,0.17099874
115208,0.24854358
15906,0.9436519
8133,0.20882156
33451,0.060565315
111005,0.26804423
50285,0.07056525
86282,0.74152416
70622,0.16383173
54750,0.07155058
120312,0.06771135
27580,0.17971802
106237,0.26159632
61170,0.08773194
38930,0.6436706
39048,0.18560688
100833,0.56950855
55963,0.9621936
28158,0.057747297
11079,0.07057311
35882,0.23112272
141278,0.4615711
64949,0.48664752
61455,0.13599041
94861,0.22189464
143809,0.19808453
126523,0.09027718
100537,0.2538972
129153,0.21138996
62430,0.13995533
19575,0.052521415
4804,0.12991855
53307,0.26905245
111077,0.052805457
121528,0.077119514
113085,0.06971294
75035,0.12589182
110914,0.2723465
139158,0.5588298
115079,0.16510193
24379,0.46124205
45690,0.53362304
49165,0.065292604
41968,0.108665936
29189,0.46735886
105882,0.9086328
118714,0.149158
1835,0.065982275
22478,0.08341051
79438,0.56820667
32119,0.6733155
82801,0.38028458
23069,0.0939795
96080,0.49057603
86419,0.20056471
21312,0.09780778
134959,0.2581018
46572,0.19424987
142499,0.11890573
76570,0.64353955
101990,0.5089136
137250,0.405005
50041,0.10073662
6989,0.16489008
73840,0.0887603
49869,0.40933612
92067,0.13211465
77352,0.3919647
113595,0.36972198
17676,0.9412865
146412,0.06741534
65004,0.09778054
1476,0.11963978
146411,0.13642026
130664,0.48619032
59528,0.15128858
82759,0.21082854
83381,0.2978637
55244,0.10964869
144575,0.28896052
5254,0.23224285
137223,0.15176623
132948,0.5151592
107247,0.44208887
94290,0.061506312
69780,0.08288953
141104,0.9255986
140135,0.2817655
77826,0.14737985
12983,0.33896783
2288,0.65926427
108891,0.89107287
16927,0.90196383
5788,0.7439749
55145,0.07964122
79911,0.45879462
76459,0.21376663
106967,0.47492403
136856,0.06641459
123156,0.91934395
140866,0.13760643
136589,0.17615898
48218,0.3068596
26881,0.7417828
86301,0.16302092
79279,0.15098146
61691,0.1667306
5509,0.38399598
38034,0.08317816
60531,0.11453183
34077,0.0873452
115497,0.08735543
142692,0.09890769
141519,0.20459935
100407,0.49684677
3649,0.13691074
60872,0.4272651
101118,0.12227775
50364,0.4459989
24083,0.12637794
148516,0.26592162
148719,0.12768121
85213,0.078292236
147582,0.07477524
3980,0.3505951
104183,0.075208
15256,0.7798663
27053,0.09406027
80937,0.5215423
124979,0.1160086
126207,0.2864665
144339,0.46160462
46090,0.3219144
102050,0.11096307
109885,0.95335567
74691,0.8843295
74500,0.2776152
128815,0.70102096
39929,0.18988621
99260,0.61294144
17442,0.1165702
2079,0.8961665
125055,0.26670432
46733,0.88389665
44430,0.64945376
116884,0.34850177
103634,0.14378595
50077,0.15110983
73683,0.097793
127978,0.16370906
148456,0.109763674
121891,0.85141665
90304,0.22372046
54774,0.33360457
83617,0.44868147
98038,0.14023839
69617,0.12617356
139696,0.10201967
5380,0.25145692
46384,0.088499986
68273,0.28913498
103587,0.10395712
128281,0.06749753
107289,0.086434655
103412,0.2547752
47382,0.21040802
18470,0.105977744
104495,0.6202988
52190,0.2316824
34619,0.3633101
50069,0.21924178
139079,0.503572
73913,0.07780463
35785,0.25100043
70118,0.41782203
115164,0.114125356
14252,0.275582
33409,0.16584802
662,0.11286443
88424,0.079587795
131901,0.0720146
85741,0.42915136
55243,0.29553393
97898,0.9160531
47802,0.05654286
58596,0.21289815
5754,0.8979
38593,0.104048654
80796,0.3120543
105355,0.24256498
145672,0.13179025
108222,0.12366657
27588,0.2288416
115918,0.292306
120046,0.2245723
118163,0.2524317
89788,0.2602859
126696,0.70111126
12716,0.30449787
123232,0.0787676
91224,0.1571166
84844,0.20733391
22778,0.8427919
111158,0.13231826
27262,0.9551827
102466,0.116066955
138125,0.05759785
99353,0.45386013
110635,0.77097064
101654,0.058565773
145727,0.1326296
91290,0.13473216
33947,0.8730796
135912,0.2720412
13467,0.20110705
135608,0.40553468
80138,0.07121801
119196,0.11713603
5774,0.4102922
118317,0.29620382
12247,0.13521254
3586,0.21257308
27978,0.067145534
16768,0.17388463
62384,0.2228514
14541,0.17084856
67269,0.111447014
14281,0.04513438
16421,0.58867216
146468,0.1111129
140232,0.20195472
37647,0.13207558
72705,0.055259075
58239,0.31776085
114653,0.10969977
10450,0.13404356
42379,0.7589367
77426,0.12945049
46369,0.580546
187,0.9560332
149151,0.53999484
138484,0.14430289
135692,0.52542335
115275,0.16143033
81665,0.10901756
22405,0.19475412
41137,0.8548311
124363,0.056610443
35646,0.23227842
126612,0.24783684
43582,0.11744311
53142,0.12010704
91622,0.9199662
143490,0.091457
115082,0.30348185
96230,0.36402422
12455,0.06494623
145911,0.34560668
22730,0.3044854
125566,0.9371804
115231,0.075795256
101676,0.34453368
131721,0.1212392
74349,0.15591425
29955,0.9422335
74132,0.11078338
147351,0.09580939
46410,0.81116134
119387,0.23035729
74861,0.65560573
51531,0.682133
46521,0.094231226
81619,0.7285323
138582,0.8571837
24811,0.15072346
41340,0.12126121
20644,0.101581596
121165,0.19997501
112211,0.60265726
63816,0.35039175
130189,0.29223838
65482,0.23972909
96405,0.824717
136580,0.8538896
141252,0.27053866
132937,0.38880667
26308,0.09782596
29604,0.33028463
50586,0.23134749
42108,0.065007135
53507,0.6365205
50513,0.43281522
86893,0.29598257
2271,0.65431494
122957,0.9721621
22882,0.23048145
135580,0.11931194
5007,0.11756923
40899,0.10167401
148745,0.12378012
53821,0.56475276
72193,0.10896558
20085,0.054207332
130642,0.15276194
38909,0.11297634
142170,0.08100301
105939,0.1035213
149058,0.07382639
124830,0.0745412
104447,0.21307206
10359,0.06159018
123482,0.55071837
48105,0.5845375
115589,0.17139192
101476,0.11734093
4730,0.16015626
137877,0.77690184
42570,0.14819399
88780,0.44108257
106558,0.5800634
1799,0.5926399
135721,0.77164054
24730,0.11429588
118890,0.05634963
4148,0.0930976
83848,0.06641046
144584,0.09217592
138525,0.11874537
106768,0.7623352
34666,0.068350375
53542,0.092294924
65558,0.7676346
44537,0.11494043
26558,0.82019514
143515,0.4018772
148264,0.06969215
111200,0.06896845
82773,0.4366957
7168,0.52878886
74591,0.29154295
147039,0.252018
72086,0.08479167
113040,0.19111705
6601,0.13444835
12349,0.2583206
22323,0.06776492
31917,0.9616348
44359,0.93993324
82289,0.7024711
91077,0.24674653
139283,0.4579748
139190,0.15643089
142837,0.11765084
59074,0.05821341
114273,0.18092078
49651,0.8141117
6269,0.19187906
96595,0.42776868
13338,0.2084783
149944,0.6345595
88305,0.7543829
62777,0.3812233
46830,0.15393612
137451,0.3060647
145269,0.11969067
13538,0.058916193
85860,0.18940057
127091,0.56147987
128374,0.13533708
63924,0.12332075
15489,0.35063463
108195,0.45814323
25394,0.42378813
38484,0.17506523
80828,0.0997321
49740,0.10848151
128166,0.53244627
15601,0.2620007
76944,0.056741647
19368,0.23834409
55133,0.21887808
134391,0.08556814
117870,0.46543884
99065,0.86923957
45680,0.20374714
1152,0.40556267
34359,0.1400344
45708,0.31149468
144970,0.09495493
98980,0.52724224
143842,0.110192426
578,0.1697429
66918,0.526993
146959,0.13061585
98335,0.78701466
135751,0.40445185
115529,0.4665257
148375,0.7881504
135651,0.17243715
21011,0.4724688
37272,0.4185301
88528,0.24822156
52227,0.17044058
27721,0.6571636
67542,0.067461506
86196,0.3046865
94674,0.056204014
81873,0.114883006
75554,0.1857057
5914,0.6205475
100038,0.22796766
115553,0.5492974
105730,0.28008202
33242,0.06931537
69006,0.59340477
18814,0.19049597
52726,0.60779846
88879,0.6480717
135908,0.69528407
143010,0.2241756
88966,0.0617296
133445,0.20227104
67862,0.114813186
95755,0.12353035
39818,0.10434716
84060,0.05872601
84981,0.17062835
6536,0.10498292
17022,0.061515782
78581,0.110956475
149308,0.3489464
142946,0.16210876
63462,0.07367438
58807,0.2828013
46951,0.31618696
96691,0.11033822
65243,0.69118106
139590,0.5971981
124060,0.24507576
56009,0.7252285
73107,0.63097876
44878,0.053644974
85999,0.7142524
20393,0.11129788
102667,0.10379041
15069,0.07618503
146756,0.19601665
52753,0.5999659
27795,0.07587202
13271,0.16963822
111385,0.33825976
67144,0.124805875
32951,0.83043635
145802,0.5808394
101667,0.9132407
61543,0.23577875
87785,0.7514816
39389,0.6153923
15287,0.06540183
131592,0.07994656
80353,0.18579921
37698,0.21812984
78921,0.16893874
48811,0.340799
30957,0.570197
123586,0.56815803
31622,0.29612353
121964,0.13225082
137158,0.53253305
28203,0.18959138
133325,0.786026
87225,0.85113037
89392,0.41797218
21653,0.41875026
51393,0.56465435
81002,0.48973185
103379,0.14132786
75687,0.60782856
13389,0.19924052
21721,0.10179814
55016,0.27480948
28294,0.86650795
129380,0.40922832
103551,0.9576259
132759,0.8257115
66788,0.09707704
16490,0.095547
32917,0.118446864
104625,0.091673285
74131,0.15633431
147638,0.077099696
30387,0.17372657
80776,0.11327754
91284,0.16113558
55268,0.681046
28883,0.08901585
64868,0.109998025
148814,0.20930739
118483,0.05672738
122027,0.35453314
85201,0.10639849
21387,0.10692074
55398,0.46065694
108813,0.14314772
52586,0.10381199
128856,0.065828845
146356,0.08920921
124165,0.2581587
76719,0.074379206
142342,0.19562443
71531,0.08197431
134992,0.18198766
94084,0.0761337
58344,0.28718883
104670,0.034784965
27753,0.9120203
80805,0.31945038
140437,0.06197319
147629,0.17397448
112110,0.6220661
44130,0.23832321
127966,0.104476675
148482,0.43753153
112224,0.20468163
111285,0.3279091
73925,0.2432724
1321,0.14360811
77951,0.08663488
14730,0.05028412
53623,0.083818674
39566,0.2182952
119103,0.16186146
96905,0.099760406
39466,0.18610168
94426,0.163945
62874,0.2278986
104854,0.26758388
11098,0.3374504
114613,0.25440118
37783,0.5708228
59029,0.08802215
26837,0.15790895
305,0.70618004
4040,0.5210321
131659,0.08355878
29017,0.11870623
57473,0.08238739
13863,0.14187069
115941,0.087650746
105899,0.17751415
52449,0.24047911
9175,0.10858458
97394,0.5203204
88202,0.3133088
241,0.855234
120428,0.18994723
82049,0.05914943
133680,0.06511
89961,0.10842833
119192,0.53671384
141455,0.21512139
145207,0.17897497
118891,0.6763034
74155,0.12856029
47295,0.28950036
36165,0.5916949
39680,0.31526685
111541,0.14017878
5506,0.46958894
47349,0.6731388
66999,0.2513309
99414,0.5488085
97053,0.21297519
123816,0.71556306
85863,0.34395087
19048,0.16418369
15830,0.2566085
16356,0.17112125
63844,0.22941482
136729,0.67666537
99079,0.21651141
27779,0.46092945
135699,0.043146085
143014,0.1510013
42468,0.30916178
19267,0.066792764
26184,0.90411496
85774,0.09524697
141985,0.13881157
113106,0.3432522
76111,0.27062508
34135,0.6609429
86656,0.2127591
115755,0.06430611
116568,0.2851352
16818,0.11515067
85744,0.30236092
89316,0.48930663
23090,0.30801517
76732,0.69362044
135785,0.8128437
40464,0.12533323
14970,0.9182813
30718,0.31257382
4576,0.3347548
75564,0.11321588
29817,0.50642455
13294,0.114302285
115585,0.6904471
49572,0.7200412
136534,0.45072228
109176,0.5192904
100591,0.46600634
119321,0.10033128
50171,0.77596015
37079,0.055830818
3361,0.07442622
49279,0.13130471
66998,0.10617488
109184,0.5892246
10296,0.22151977
23639,0.8889837
52117,0.1551129
131378,0.13027598
129375,0.33219722
54556,0.90749127
59077,0.11899896
131400,0.28428596
21192,0.1291781
21428,0.5996597
138590,0.92977285
86822,0.5854012
119473,0.4308406
8467,0.5490074
553,0.57893425
134703,0.2211513
74165,0.37732506
110510,0.059759878
86026,0.08934516
57504,0.107736915
67811,0.8127499
63624,0.328881
34056,0.19048826
126448,0.7882391
50584,0.87634414
107540,0.064902775
40604,0.1780806
72567,0.36247638
114545,0.13178517
71779,0.13572356
40095,0.059635215
106831,0.15673193
92581,0.49651894
52313,0.9619303
11435,0.2549947
146592,0.19073276
143861,0.14693871
8818,0.22793
122884,0.4893154
83890,0.5538797
81570,0.12406704
120557,0.39911315
141102,0.20800722
146761,0.24740614
25655,0.15704234
39184,0.26514176
62033,0.22943862
48976,0.6434936
113344,0.4368551
10739,0.18050511
7558,0.121605806
123889,0.3421232
34435,0.12730141
53245,0.20841224
32005,0.17091085
58353,0.4247086
146623,0.08176627
30112,0.06555664
18220,0.61584306
2342,0.12781215
127575,0.7199983
134699,0.9279166
116459,0.4460382
35533,0.10670811
102865,0.68813986
60532,0.9654376
110307,0.10826054
42850,0.099798374
27841,0.49721307
125276,0.07704423
145231,0.23707241
60083,0.4093488
117536,0.19873364
125534,0.083963595
3291,0.18712422
62138,0.062384453
123507,0.5450146
139100,0.1396312
84730,0.46566424
93373,0.8401443
67105,0.18166094
127099,0.43921506
48796,0.07411769
1943,0.4454716
135370,0.11694217
37465,0.050914522
575,0.04572341
39742,0.20105688
83367,0.12046375
57089,0.51415056
40631,0.8138045
77924,0.6353691
12018,0.16754122
1032,0.40163177
7934,0.13259183
50062,0.11578934
22829,0.09015309
65144,0.96480066
131244,0.5501607
71018,0.2325719
133596,0.16187637
71625,0.19364169
64992,0.2242674
19855,0.81680614
141796,0.35104808
78678,0.6332127
110660,0.38124353
86489,0.106329046
111295,0.10132931
114193,0.360164
120045,0.13579528
55301,0.14748035
13846,0.30298334
65565,0.13041802
115214,0.07835678
113180,0.4190525
29535,0.06833474
143855,0.17916709
33179,0.8192224
1452,0.29049486
101883,0.70631313
122694,0.07522099
144650,0.32861716
62637,0.1160575
134873,0.396328
12271,0.91121274
78876,0.94154274
67761,0.91140795
104903,0.68674994
83679,0.28325024
93342,0.21367878
133609,0.44165054
71497,0.31359583
136438,0.63514
113328,0.91696215
83332,0.2799655
36199,0.10272825
114059,0.10216875
136928,0.6364091
21450,0.46683466
141762,0.58320165
12284,0.123929374
52758,0.8550863
79585,0.1800735
108304,0.30014107
133961,0.08152676
114607,0.06917583
62349,0.05006262
83972,0.3411649
118813,0.7988987
76872,0.48717353
81071,0.19593614
25094,0.2193282
18978,0.21584468
9155,0.05901231
25351,0.42681888
60950,0.6321705
134785,0.06692605
47191,0.70132375
137792,0.34341714
16994,0.40129888
33896,0.3362556
2581,0.05856636
112841,0.32457125
145288,0.32609448
56556,0.2784593
67591,0.06199802
120074,0.18362848
52340,0.30883682
97340,0.0796648
11228,0.08632612
93053,0.22474936
13885,0.14376637
95374,0.15326215
80155,0.67668515
60252,0.7236182
129358,0.9357826
129208,0.3843753
72651,0.49203822
30923,0.47573125
96360,0.11154557
133174,0.31427628
12939,0.16218507
137853,0.59071153
80664,0.16617008
5970,0.481334
8947,0.11445878
16851,0.17578228
122749,0.17881468
94538,0.61860365
1442,0.3693022
54254,0.20805365
128751,0.7563316
96385,0.340666
122941,0.66429573
146370,0.22845869
106122,0.052214492
60711,0.8264991
25109,0.7497681
4520,0.70910656
68789,0.13939135
51356,0.4031697
57522,0.6517693
131917,0.6812657
137638,0.063609935
78194,0.9614261
51026,0.11320556
38414,0.09031296
128536,0.41722697
59661,0.83123606
107900,0.13041073
125760,0.1644843
88640,0.45206362
52963,0.5601754
98549,0.092929445
15106,0.18109292
141388,0.47212896
107653,0.42959976
62495,0.058928117
30566,0.08106774
10352,0.8860231
83133,0.18412307
76047,0.13447443
23971,0.1919204
120678,0.435301
49645,0.08698792
10809,0.65430033
109034,0.20838326
81222,0.2526637
56983,0.068412885
59049,0.06588726
127733,0.14995126
45648,0.12419507
11331,0.11574195
28963,0.20977397
122696,0.17522994
115403,0.0816625
67509,0.47337338
24687,0.17576486
60587,0.1017391
83169,0.06067007
73961,0.046459828
47908,0.48355496
132846,0.4635632
46866,0.2178372
114807,0.09623138
125699,0.21549112
69654,0.7415834
5865,0.09710984
17220,0.65015966
126507,0.19483444
50938,0.09232387
112654,0.55767834
119765,0.3239705
88600,0.13151534
148628,0.25110573
138028,0.073315136
110182,0.17906891
142950,0.099586
118472,0.5533214
39764,0.18229261
33943,0.09969237
73340,0.052465893
49915,0.10951163
29715,0.38520578
45347,0.31402826
101860,0.10947952
142788,0.11036802
104849,0.48911056
120221,0.24125868
71282,0.47746852
125924,0.6311974
10277,0.67408717
100657,0.7526904
55615,0.85733795
71892,0.051473115
47496,0.36118937
122472,0.4612918
135180,0.6755026
141408,0.14032352
63030,0.4003285
36444,0.16545163
34437,0.6815587
81972,0.26970863
37517,0.13134149
140204,0.5303526
26252,0.09156316
386,0.09279308
88582,0.12888671
64284,0.06403879
80445,0.50799024
10749,0.9418923
70347,0.48651722
107412,0.4477766
32375,0.6062795
66170,0.14008294
96178,0.58508635
135214,0.64377624
64200,0.34674802
3798,0.26049802
29051,0.09437691
23824,0.22189508
11887,0.32234687
142481,0.09794127
21414,0.18734129
95239,0.54483443
60760,0.11101355
74231,0.17524388
84360,0.12368747
70936,0.07383271
49277,0.9382907
66785,0.110885166
57883,0.39853308
97555,0.579708
122663,0.19773912
148148,0.06441657
92101,0.8652507
62701,0.05611062
101092,0.41731513
139133,0.28232464
49334,0.15921155
53069,0.5263537
135073,0.33319592
149351,0.9446123
137070,0.09307155
119698,0.25303528
61982,0.061819445
107171,0.13510449
94964,0.16314313
40350,0.9113215
108470,0.12885031
131349,0.4903302
47206,0.69238156
136972,0.31248218
104553,0.061992537
29149,0.18493398
42842,0.7381754
96821,0.23026112
146539,0.42366287
149447,0.4410428
33705,0.0967275
134640,0.6272399
139942,0.6315168
21006,0.44171622
135761,0.36268476
44529,0.4907622
107831,0.10054401
85299,0.29616973
23545,0.889639
91759,0.08649705
44571,0.10614165
48517,0.45369267
137746,0.1295203
72853,0.14441694
37603,0.09306821
28168,0.084475234
57147,0.17977582
105600,0.3171594
13515,0.118096106
97562,0.1673775
4034,0.34536117
126907,0.45420063
39765,0.13472298
16280,0.9504826
106930,0.08349027
12928,0.11567326
58457,0.1344005
59000,0.3631423
113937,0.71652275
29434,0.5163405
31298,0.48830676
31102,0.053660687
87458,0.5095731
96097,0.48379502
105712,0.08809927
52299,0.17701042
17921,0.122020856
122149,0.05808672
28781,0.4802365
15213,0.2880678
52584,0.089669675
97883,0.21461134
149231,0.08787235
54947,0.47053337
136442,0.2351271
25992,0.8689287
107823,0.71424615
130933,0.7852917
58543,0.100094706
103290,0.3095482
2475,0.05563918
32996,0.14231744
121613,0.17676927
120723,0.23736365
117768,0.14588147
89998,0.6201576
106842,0.21410102
105506,0.5524665
79966,0.1472604
114511,0.15408961
84992,0.097435474
146441,0.14736208
116788,0.0935809
101192,0.08897922
123528,0.1111374
37785,0.0920006
116616,0.05418631
110347,0.24127115
41628,0.15714297
127178,0.12489205
127580,0.1320075
82314,0.30964464
55557,0.2877819
136,0.09616422
106614,0.37446803
119194,0.114495225
29008,0.8320224
120360,0.119306825
7590,0.9853461
64454,0.15353298
4457,0.9694499
44251,0.18960775
143162,0.05532645
31146,0.64958256
139699,0.36038753
91437,0.17598793
80963,0.07065287
4596,0.12598035
8651,0.43772152
3245,0.4182253
74071,0.5164004
116505,0.07111741
34604,0.07694976
74718,0.8496505
140639,0.1175561
85623,0.11927742
137227,0.114705324
123238,0.17505296
92785,0.20419973
106992,0.16528901
147282,0.32849976
78110,0.9464118
52686,0.44561464
122922,0.06498019
81526,0.08375515
149781,0.06946825
4931,0.615411
59804,0.05657394
108260,0.89193493
21004,0.5505649
91731,0.2933504
138977,0.12934546
124787,0.091264606
141912,0.9250764
139386,0.14182055
29802,0.47772804
29159,0.47226164
20252,0.36091322
59938,0.53869665
42097,0.52853304
76322,0.17972322
145629,0.10435055
87715,0.16648754
93998,0.06534336
112760,0.1315819
54077,0.556958
58727,0.116361715
60051,0.6020099
55105,0.39443165
58245,0.14074183
61128,0.16998063
148981,0.18069497
53193,0.09637069
4002,0.49344543
135626,0.13473284
8903,0.106316105
45531,0.35229066
25754,0.13495901
97560,0.120083824
52850,0.075176865
82235,0.24335945
17116,0.8545213
124924,0.5910562
138603,0.35877386
130482,0.55713075
39137,0.023025962
143944,0.9061089
49896,0.7433377
117346,0.71041316
46086,0.112058595
46831,0.4762514
113128,0.10322935
93923,0.3175608
146074,0.5484166
74087,0.62738377
23375,0.60558146
127612,0.4702126
112194,0.252369
27324,0.12428827
101620,0.19344361
31956,0.63850135
68385,0.40812588
50169,0.2503848
71693,0.1642147
149998,0.1427525
128183,0.5211911
59642,0.80002594
101930,0.2843225
42176,0.8598028
10802,0.52108216
42095,0.8225499
22798,0.5222811
98156,0.3951746
46606,0.07759194
50571,0.19693236
50973,0.108894855
70066,0.0984653
70921,0.12857744
33966,0.085331045
122306,0.1348543
44700,0.12823434
34543,0.3893774
85594,0.11520436
60010,0.17919508
87550,0.5916285
145116,0.11171744
45442,0.1394793
99826,0.19782288
119783,0.060286243
142777,0.10451969
1342,0.082736075
58094,0.20025973
27555,0.6147171
142461,0.08516138
102497,0.94065964
5317,0.3001221
98717,0.57083046
79640,0.46262357
4503,0.14570211
136105,0.33723485
61660,0.23686765
133832,0.62722033
148965,0.80487835
18805,0.2769766
90216,0.15016492
7686,0.1328891
58784,0.5801679
43820,0.107785076
136239,0.13239938
117340,0.07036838
94736,0.5148115
51611,0.22870448
126674,0.38940224
148079,0.11637583
98122,0.4470947
24756,0.106980726
18738,0.16380093
112359,0.17525706
16664,0.941468
137179,0.16144761
79354,0.489594
7953,0.07088633
40144,0.16426809
39944,0.9437391
24682,0.67142856
53363,0.06997192
24177,0.07966516
12132,0.9531768
25198,0.11322876
119457,0.21010579
85346,0.38628137
77331,0.09617448
90352,0.20736419
71079,0.33800298
58143,0.89112985
33311,0.29275587
85184,0.81535345
13890,0.14427753
62104,0.17659746
133176,0.078587756
122284,0.13129142
37574,0.3093628
138015,0.13831376
58421,0.20906313
146106,0.41489658
53619,0.09180468
136461,0.064789355
22657,0.44599986
6568,0.31117514
28319,0.20087005
138008,0.12685847
13218,0.09007581
70458,0.13017417
72203,0.6503303
89041,0.23504588
91185,0.6262879
70481,0.16590062
132867,0.08601035
15332,0.65054464
105104,0.25894308
20450,0.5792896
38869,0.5740274
24344,0.104180865
113210,0.0923055
98498,0.21605588
107194,0.2748566
1651,0.54216367
26035,0.36432925
63303,0.08467856
119415,0.8755173
117789,0.8810556
77181,0.12000598
127353,0.34122148
100645,0.72330517
80054,0.90429145
19865,0.41439477
70931,0.42045665
118194,0.210584
132125,0.786138
24965,0.54532903
111234,0.8970047
89523,0.14973384
39841,0.12153071
89548,0.13669911
41624,0.5878484
144759,0.5350122
54884,0.22055832
75173,0.21444263
12438,0.08894534
108254,0.41419375
148833,0.1448641
104592,0.3883143
130908,0.36317754
119252,0.2931081
123721,0.11466511
62574,0.5414804
34229,0.069442675
131171,0.4105028
118724,0.91499215
77440,0.28697568
137283,0.0814715
37700,0.15683629
8505,0.07296874
106621,0.11428239
88846,0.22590363
81057,0.36084324
6666,0.087928034
77601,0.09822595
39616,0.35221368
94766,0.2405954
94842,0.118547946
32482,0.8049666
18380,0.25092107
62872,0.21450639
32353,0.086739846
113702,0.090948306
1655,0.15154411
606,0.26847795
61791,0.6442701
136524,0.11260427
148463,0.06986672
83810,0.20470299
67305,0.5122633
82976,0.36577955
4401,0.7548334
4236,0.39680535
4923,0.7559732
15138,0.1089731
146040,0.6727578
110078,0.111044794
7193,0.13454197
119164,0.9557125
5683,0.09140648
132087,0.08941026
71517,0.7718275
82936,0.13488208
2222,0.23150922
128022,0.090438925
140938,0.58115876
67871,0.053292375
131888,0.43748656
28276,0.42585537
51780,0.14284305
37558,0.37195167
128943,0.39033613
55510,0.05557499
41193,0.18525016
113382,0.19734871
146671,0.3111707
24128,0.12811764
53557,0.28455582
26470,0.05541146
125311,0.24936059
101685,0.5993185
121942,0.46803886
34536,0.08375961
132741,0.53738004
114589,0.45140043
48573,0.5542682
21155,0.07623697
87574,0.110845804
140374,0.37274224
40624,0.34632233
63852,0.08713382
134752,0.7308786
141017,0.16249965
20792,0.1301003
124063,0.20993103
3802,0.6369737
98169,0.5116816
132274,0.9097402
47111,0.14358118
51683,0.45044944
91383,0.32255918
114017,0.27528474
84818,0.9073624
65903,0.12980141
97528,0.14086008
102633,0.25014794
24910,0.0693152
41106,0.0889378
27211,0.26568848
140915,0.40508762
4285,0.1355676
106559,0.36308524
121170,0.7462475
27940,0.22441661
89427,0.07522185
6809,0.086074606
60516,0.10001104
137424,0.92899525
108251,0.082653314
30032,0.11427791
113772,0.14793508
55330,0.12778525
143313,0.09421499
144091,0.10026176
38456,0.357286
31564,0.21884438
12390,0.30203137
148254,0.2758825
62399,0.04413719
133983,0.27265617
91312,0.055039648
94895,0.15307622
69269,0.051336836
13407,0.53879
114802,0.09404733
50308,0.37740386
25437,0.04460235
121834,0.4024828
14777,0.30001068
816,0.243508
33009,0.5318157
90984,0.6360707
98194,0.8838519
100940,0.64175195
116419,0.4323805
116883,0.61262053
38684,0.076602004
63590,0.8598338
101875,0.45541155
141423,0.6056656
90416,0.08706099
96311,0.070407145
30422,0.28586307
76516,0.59576994
107998,0.34911844
44415,0.096916415
146503,0.39122248
136955,0.3726636
141522,0.046632845
135920,0.07430043
89845,0.46741146
80276,0.20374025
110287,0.7063281
137263,0.07998823
3865,0.44298905
2162,0.8975866
109508,0.1163625
5369,0.18930449
105113,0.12225785
122301,0.38688305
124249,0.28500828
148099,0.32905754
128267,0.17962609
88239,0.099331565
30630,0.73949003
48192,0.9680066
8775,0.12079882
64550,0.11799319
84490,0.95098877
19536,0.24113804
42683,0.6235265
100727,0.2274824
95285,0.25465822
76202,0.8792857
133900,0.1312775
92363,0.21866974
8443,0.661115
127072,0.91462445
96329,0.52154785
125141,0.115713745
90788,0.069531254
47146,0.07537029
76484,0.0996083
120361,0.16586718
110523,0.73277855
40230,0.28884336
88472,0.09465236
149898,0.80054206
55076,0.8653525
10932,0.095210865
47053,0.11530958
98789,0.15366
78046,0.2668142
126610,0.16405486
111582,0.10546527
80472,0.6288966
87850,0.14382093
136459,0.52926433
48433,0.20375709
126770,0.626061
41916,0.17402144
95497,0.5833121
122568,0.5735789
122751,0.41255802
26883,0.1958144
40759,0.5103458
137905,0.27316502
61043,0.89119905
70306,0.37463853
105590,0.34827885
21631,0.24420461
30437,0.50292516
74518,0.826862
99514,0.47827175
126728,0.16102654
18971,0.10736929
37724,0.10870091
88443,0.23379959
118118,0.31720138
81039,0.30277485
71510,0.13478911
69969,0.6415105
95850,0.41971916
25225,0.1407724
9086,0.11314281
125636,0.3127634
149818,0.3574691
124333,0.13553928
24394,0.18075141
74835,0.28167826
86679,0.07448288
25005,0.048877716
131966,0.7658444
48227,0.13199325
19629,0.85759646
22729,0.94565964
115250,0.08101291
138145,0.2403185
32552,0.23452762
117734,0.08983698
42363,0.19706592
110268,0.35588923
24759,0.10045485
4917,0.25333253
45099,0.3388302
83268,0.56136674
23354,0.2661313
127118,0.13949916
99401,0.44004253
37178,0.3762218
31136,0.1607118
107320,0.36610922
88207,0.72644883
96280,0.11720743
82226,0.9596807
30001,0.1703772
145106,0.25193006
96741,0.13585351
102531,0.8512967
125271,0.084970996
88365,0.40851113
137653,0.18699975
106381,0.9544143
117637,0.13712831
120291,0.46452838
118777,0.122444615
2779,0.14157988
31229,0.1993043
84947,0.6918519
98979,0.105724104
24136,0.58428925
298,0.3574184
62598,0.059364606
142617,0.6666172
41283,0.29049993
19270,0.43562075
25398,0.451104
70290,0.2655383
115135,0.3161301
8363,0.92949843
17975,0.13835795
52797,0.17996886
101323,0.8309026
387,0.13124469
133496,0.72613055
132474,0.15374434
120684,0.1971587
33206,0.21940562
54825,0.75415117
54284,0.17822206
81101,0.13848774
105540,0.09309164
99204,0.1519133
90288,0.32988405
53794,0.15971445
36128,0.620381
9120,0.18428417
46968,0.6455558
56496,0.21600176
64174,0.113001406
61656,0.5521122
144201,0.08288654
28523,0.4189005
980,0.11928348
136988,0.5667732
25494,0.45960796
41781,0.12543403
115639,0.20748778
27358,0.513936
147588,0.085377455
35775,0.43539634
93819,0.14566407
123177,0.30611047
2089,0.058471065
114471,0.07939615
59420,0.13116002
31789,0.10886437
36395,0.06200632
139204,0.35938013
123092,0.05630621
16593,0.090819076
144291,0.65143895
98800,0.41077605
110874,0.76752245
124561,0.35784823
148257,0.10398297
93739,0.07622595
10009,0.64536464
80661,0.03506759
8225,0.06594219
93499,0.101652764
87926,0.081238024
81179,0.6171323
41065,0.22769545
120120,0.18366998
128043,0.08424362
32388,0.13861221
104334,0.10990834
103484,0.21999155
116700,0.06718446
65058,0.16139086
25893,0.3503446
41521,0.10020474
104650,0.062239382
39599,0.3524382
148864,0.071971536
9481,0.13867518
71954,0.083614014
23702,0.28274778
74864,0.41091412
120447,0.81230503
133238,0.21411519
145188,0.12077128
139773,0.03322901
76817,0.21387842
149360,0.18793157
120921,0.4765799
115773,0.8029438
2986,0.06955264
117305,0.5553529
40117,0.17993033
50811,0.68829256
4815,0.052779388
100996,0.15973093
115053,0.07115751
109050,0.05974259
15710,0.44185913
38133,0.1491952
128799,0.07364822
6201,0.14454503
78811,0.09477786
78074,0.07606165
66355,0.7631331
47437,0.2804227
21080,0.20569852
3228,0.35293669
64855,0.085221715
82115,0.3311275
75548,0.37562078
18064,0.26399654
24627,0.08813669
104763,0.09325146
110100,0.6158878
140750,0.65355337
39097,0.76282805
14550,0.5160692
96103,0.18780059
3081,0.40560925
147616,0.19985728
100148,0.42252788
64013,0.17489634
2473,0.7443296
17675,0.43578598
116981,0.13694805
111494,0.26713747
45486,0.05793867
64034,0.08234924
115808,0.06749307
91669,0.3174006
58414,0.13129187
124625,0.5486294
8933,0.3652812
75378,0.27941877
52221,0.48204273
89802,0.15479237
118833,0.13934128
98332,0.96392405
21319,0.24403973
38382,0.09796014
82746,0.12863511
137655,0.07027098
18892,0.2002298
97697,0.6314007
127448,0.1257121
62326,0.033991046
41805,0.17053302
62411,0.8903143
11847,0.71514046
6639,0.9134527
27008,0.17431526
122988,0.18719532
123249,0.04838281
25086,0.5157735
10502,0.4254488
124201,0.69497544
76332,0.77856123
46000,0.3009458
110440,0.1302271
77403,0.18296166
94857,0.11390802
132071,0.882635
30980,0.43851638
5972,0.20519423
15731,0.074735045
31036,0.8474317
102032,0.120398246
142213,0.06392463
129462,0.18971077
82962,0.07606331
52702,0.53729016
8275,0.43931502
30626,0.31856146
78981,0.09101369
55276,0.38759777
124352,0.3487637
91910,0.1054159
28545,0.13144243
89822,0.18507956
38990,0.95943636
81564,0.8105082
2068,0.16292278
52924,0.24469413
111405,0.30815142
114694,0.9523125
100719,0.17101057
25548,0.84017986
67969,0.1491443
25075,0.14866447
87718,0.07660644
3867,0.15620078
50223,0.100288734
92835,0.13730846
34452,0.18025045
5940,0.24891646
83950,0.5065217
136661,0.23380306
139521,0.90123063
64953,0.24848497
45981,0.6213102
12547,0.32853174
24320,0.116038464
64486,0.30453032
145270,0.09090178
101532,0.7993214
75899,0.20385529
67559,0.102217704
11247,0.53858835
42564,0.6617965
112074,0.087728046
141351,0.112731464
147091,0.63885134
63316,0.18538754
62164,0.6394156
128345,0.21858902
133577,0.07784149
52766,0.103093006
73094,0.257226
2982,0.17009062
23967,0.83024895
12397,0.32384115
107555,0.12707502
38801,0.7287057
59516,0.08255911
23486,0.88204205
58575,0.6617169
120787,0.71068585
40830,0.08505927
59266,0.24017689
88375,0.6993907
88050,0.63474077
32513,0.9142869
11300,0.28027704
138599,0.9444937
148907,0.07180166
126913,0.9258178
100047,0.42040178
120759,0.12565902
48190,0.24647164
76368,0.53538895
3680,0.045451958
14557,0.7712247
141146,0.09897073
142687,0.3554515
23983,0.22492181
37008,0.07671297
149665,0.63219035
77102,0.31216747
112411,0.0663306
93147,0.087453514
63749,0.29164276
24473,0.1570142
67740,0.86285055
36214,0.07754153
113814,0.737149
107487,0.95420283
57436,0.21417274
118067,0.45503202
45992,0.760099
94118,0.08689253
109251,0.06549122
122899,0.111626
879,0.28457883
124386,0.88373816
95985,0.27711165
82300,0.4473219
149822,0.11041224
52837,0.13867131
145018,0.68194336
84353,0.14408399
15097,0.25340012
50322,0.42178863
17332,0.08866846
64205,0.21073298
135664,0.08364275
77991,0.7748427
50925,0.5836033
67602,0.120330706
137798,0.09559126
55505,0.41093877
91948,0.30205834
146934,0.31935814
103808,0.82887626
124010,0.046397146
67666,0.092353016
64286,0.71905047
18195,0.13100559
121507,0.15499768
101368,0.123004705
68268,0.20483689
94961,0.08909397
124163,0.23135433
130441,0.4566181
88693,0.5445462
65539,0.6431392
13508,0.15360564
19600,0.06746325
7314,0.17221077
137350,0.50714326
34252,0.28228515
53805,0.1197162
4665,0.86149466
90469,0.06916315
139218,0.87324846
120942,0.19255178
54571,0.24398792
96235,0.131023
103260,0.27676237
66093,0.29843354
78362,0.11585016
113333,0.23161119
111381,0.1767551
128379,0.5152742
47126,0.14011934
40592,0.09241455
40582,0.042806637
85716,0.6385255
49451,0.09303046
149342,0.1634817
23689,0.13764852
120685,0.7604621
115859,0.28715557
73164,0.7947494
65327,0.12666991
73598,0.5834152
127032,0.1812477
109808,0.48182213
116675,0.06968779
73046,0.32869333
130144,0.090997614
40937,0.08551116
85106,0.20300955
10336,0.101194225
70133,0.12609659
1234,0.30956432
35312,0.19750412
113041,0.15528898
99184,0.15750654
109754,0.18697403
101453,0.49783137
23528,0.121045195
82337,0.8588024
125074,0.5804793
143050,0.11243515
1853,0.08968234
36888,0.23616616
137092,0.4434904
8243,0.32230628
79289,0.6489851
106434,0.8723136
117547,0.06770852
35800,0.22708955
121375,0.41529897
141836,0.10874192
10500,0.8140955
76934,0.26233518
2425,0.14938721
43309,0.10572485
106722,0.14261943
110947,0.11203544
45732,0.64541197
149740,0.16805115
129220,0.21372037
144648,0.059317984
117908,0.93292785
9091,0.21975276
135485,0.25890413
71495,0.21803491
73032,0.07287092
84444,0.28968406
78035,0.12354479
87179,0.0769938
99217,0.06704322
9019,0.8771168
99309,0.17283681
116413,0.32454395
20618,0.9345611
149333,0.077869855
45553,0.054918353
135402,0.13148049
9075,0.10414293
17148,0.19438966
31600,0.22982462
138405,0.113888204
80287,0.10975091
62316,0.2779802
104035,0.14542083
67575,0.9038187
1215,0.11536189
76648,0.6572648
122820,0.39201793
60947,0.07624103
35769,0.4711673
149328,0.1695222
8976,0.38784206
17517,0.1783819
515,0.08122795
35356,0.14763291
40241,0.20552723
140782,0.5744047
27900,0.06794196
16209,0.2514455
88242,0.111753866
114304,0.8582906
81627,0.14392135
38755,0.053490862
77090,0.18324417
93160,0.06657958
3271,0.16482289
142978,0.24314553
143220,0.08957222
47230,0.9800638
23455,0.81662214
11605,0.053780954
26480,0.09305164
103266,0.9009599
61565,0.45126858
122053,0.0967126
20071,0.8523513
109533,0.17398995
54318,0.9157785
12509,0.13279586
103419,0.48888183
11015,0.11032673
71070,0.29880103
87344,0.349077
95220,0.6551437
106440,0.13536052
79237,0.100823104
71886,0.8288036
146722,0.6151129
45779,0.20947184
38239,0.84087116
23309,0.22001766
99729,0.7815775
36587,0.53990126
68030,0.1479217
131347,0.5442029
29232,0.63656896
46915,0.39556217
30778,0.06621441
137964,0.529132
147211,0.19475348
18804,0.8504861
79992,0.42206576
77299,0.2946702
46834,0.07324712
19008,0.5151053
147253,0.37234458
49396,0.35794047
11590,0.25893208
46996,0.90314525
71004,0.14542282
29926,0.10082803
96898,0.06643479
144712,0.10320996
105077,0.13012733
127732,0.06371334
135266,0.051239595
85085,0.2329215
79407,0.6863933
53317,0.1934863
76132,0.8202511
148229,0.18453412
135650,0.14186937
79349,0.080012
79285,0.06942481
139427,0.10080637
37865,0.23315896
142524,0.34963664
72735,0.34991777
7592,0.21406186
1545,0.12360979
23290,0.60540617
125693,0.15002091
4597,0.123342626
15822,0.31829754
75765,0.5206677
43289,0.12986954
133492,0.34312692
6745,0.11392399
39250,0.14146033
103873,0.7272069
97810,0.6516079
119536,0.11876253
91336,0.07524003
72682,0.3008424
104177,0.9619791
54826,0.4954309
102077,0.5027429
56415,0.1547195
136237,0.7957225
66339,0.11111601
123400,0.07888262
111076,0.5276558
53265,0.21834834
148365,0.608305
78512,0.5450515
123089,0.7605681
54085,0.27849662
31352,0.964405
26215,0.19358587
90244,0.20207436
42800,0.06647975
56604,0.11775793
25462,0.29681265
4940,0.07276433
65142,0.26614392
129717,0.4841346
8037,0.11698778
31997,0.9444918
28242,0.1406133
69022,0.43068036
115963,0.49499306
94549,0.07548089
62844,0.38897812
31591,0.20128569
27626,0.15186994
75122,0.164435
136869,0.08545773
40708,0.07749446
105805,0.8698343
113935,0.62890625
25160,0.21185336
83054,0.49262664
68180,0.08192226
115225,0.778873
5870,0.395913
130733,0.2247073
96745,0.3585869
47765,0.11650213
110779,0.15884288
17150,0.6155864
144581,0.70648575
105500,0.09885771
9276,0.08040156
44184,0.76031893
42838,0.19101037
114062,0.09161537
59773,0.26172113
43519,0.7229224
36201,0.05306155
140246,0.0884921
51398,0.32134047
127971,0.22732995
43195,0.12954296
40588,0.58691376
20516,0.9117143
125572,0.26119217
26379,0.13926086
81296,0.56740075
58909,0.08778057
69039,0.3015818
118259,0.3392628
147162,0.5277538
141652,0.09939446
66970,0.0714477
137498,0.12924281
64456,0.09988815
99601,0.08499029
113640,0.1483799
44612,0.13083798
149261,0.20166934
57506,0.21476497
77243,0.08515761
39020,0.17611991
51969,0.18549176
7798,0.067984365
123973,0.38949767
56843,0.09753114
83571,0.11891216
99694,0.08087046
8970,0.7863277
105952,0.04532254
100155,0.09398971
98825,0.083888754
135104,0.71558833
16317,0.67093676
84836,0.9446916
5050,0.48726267
65272,0.11296515
131209,0.91927
5137,0.08502057
103430,0.09622338
18259,0.33865672
143608,0.57381433
19578,0.6389211
26330,0.77156824
128424,0.102326915
117333,0.09179645
67801,0.31142154
139724,0.14142032
94891,0.12982461
123567,0.21508884
104565,0.1320334
43817,0.30868694
111970,0.097155504
18127,0.46188492
137086,0.35880914
48284,0.41303992
101608,0.10912861
147958,0.46799582
119731,0.07312606
113386,0.51690626
79623,0.13689008
127432,0.16592218
73159,0.06533408
90761,0.31821555
59529,0.12737714
140608,0.8085329
122447,0.20244804
64791,0.10077245
128193,0.42328006
49473,0.15909348
5138,0.058314648
10632,0.25840795
38977,0.36500388
130807,0.6665064
22894,0.64233077
147954,0.540117
68399,0.34116936
41806,0.23610005
89658,0.34248343
121622,0.35280913
112512,0.058852684
59777,0.5578233
69004,0.090915725
44752,0.24482222
33203,0.5098728
41761,0.22741725
28564,0.101075426
135175,0.17253494
135627,0.097594075
141644,0.10052187
92645,0.2685524
143416,0.08805404
37606,0.36976162
20664,0.24932662
106197,0.31517136
34296,0.8661349
57668,0.1701844
80992,0.6317955
45975,0.07556774
146142,0.8295414
142167,0.85154206
83129,0.17440216
57770,0.20151661
129351,0.08152824
73685,0.6134759
20169,0.16144903
59965,0.08377731
91937,0.17622508
52311,0.1854251
90724,0.14905359
130131,0.08664969
29586,0.56502646
7779,0.9298203
139110,0.28618997
78668,0.17057288
66292,0.7767592
81667,0.5440564
16710,0.4344872
68195,0.10268863
1968,0.47456276
64717,0.1005681
100282,0.29860476
108818,0.8336729
12367,0.2413759
107234,0.27511826
149692,0.15686081
43249,0.9499182
108566,0.05172126
39558,0.12302451
127074,0.91628796
48515,0.2157827
47271,0.19498323
123037,0.16109389
123497,0.15841292
40414,0.19714765
116352,0.15226915
23308,0.38755888
142401,0.24101159
108326,0.086875625
3982,0.31768036
73393,0.29217452
29261,0.8212416
28060,0.2574273
89011,0.63458127
37518,0.5977896
61216,0.0959846
67009,0.09181253
139296,0.5588371
100584,0.44763705
37962,0.058474764
36618,0.76379263
106258,0.10634652
71975,0.262401
3310,0.7203315
648,0.066669434
147244,0.3056066
3639,0.6587185
55264,0.69249743
13836,0.110939324
137815,0.11556309
65360,0.13305412
9264,0.6104258
129521,0.39523342
125437,0.12180383
32433,0.18050706
85440,0.3582964
29371,0.3494907
15585,0.63838565
107910,0.5955522
45060,0.104092665
62721,0.4390941
40851,0.958135
128074,0.16135967
144861,0.0587245
4541,0.94304883
148504,0.07684454
60418,0.18742095
29184,0.1685932
105642,0.11635684
107090,0.09781525
30687,0.55288476
107091,0.12332245
29862,0.07859313
144994,0.49009168
148291,0.14291196
122970,0.2800999
105216,0.6314237
114208,0.39397407
97270,0.3716203
82985,0.16457252
97750,0.20439552
90264,0.09625467
111691,0.06268504
39787,0.42180482
141601,0.11806403
104421,0.30022582
128885,0.27115366
117764,0.51415664
63218,0.6354324
65240,0.09729137
99561,0.53918487
100317,0.7370887
42985,0.32989526
51384,0.10028782
68393,0.773087
81118,0.2645089
82712,0.14205998
37935,0.12075963
37497,0.38166738
122196,0.28261808
9446,0.30820236
26751,0.10714983
89095,0.115060374
68060,0.24459463
147454,0.123729214
18383,0.34803036
136230,0.066788755
51119,0.106537394
37805,0.66203016
25147,0.47323975
145194,0.18434595
3398,0.117581114
71648,0.30615106
120438,0.123344176
118167,0.63809425
142070,0.9336801
146848,0.8619356
60019,0.19681892
127748,0.9787235
19655,0.6024986
93408,0.0459653
125478,0.5874385
47620,0.18205398
13832,0.31591454
135326,0.07640247
59564,0.2989442
97076,0.4313571
66197,0.10136893
46238,0.97217226
33922,0.1318417
78131,0.6341516
139459,0.15939502
113149,0.05204767
110200,0.11936756
125347,0.36013725
81220,0.1280912
37797,0.04836738
55789,0.3041748
114863,0.36855492
75979,0.21809931
149339,0.08393694
90473,0.28892738
48452,0.40143502
76818,0.26594087
108454,0.17879266
101170,0.28809544
12086,0.06736991
27681,0.07385727
124659,0.14673457
58535,0.38461953
30421,0.052591622
116209,0.4553001
81764,0.15988669
103157,0.36162445
10436,0.88005126
17827,0.15382841
16732,0.7717756
53188,0.75844055
70588,0.6633699
97672,0.10696623
47231,0.5634403
26447,0.2602615
118316,0.29021993
17105,0.3382887
71571,0.6177931
65930,0.16122843
59511,0.1385744
123324,0.1046133
148289,0.21600549
137970,0.5352659
9428,0.26946145
140916,0.34738642
76961,0.38224527
114530,0.16162416
122256,0.06891376
108967,0.5763343
111817,0.52006733
13978,0.8787231
71936,0.18684912
68688,0.79690224
108584,0.13597496
70170,0.8941961
148759,0.1173917
33389,0.14347993
25843,0.11152171
57787,0.7727971
46394,0.22965333
50870,0.1235805
37314,0.88738966
101663,0.3658421
14069,0.14987376
130814,0.38911095
32770,0.54385674
130979,0.18102816
42174,0.3294273
43208,0.1946156
6821,0.07908389
72645,0.13781302
1381,0.13703692
139975,0.16773142
5165,0.15534188
15293,0.08341847
23672,0.6074222
50363,0.24697219
13043,0.13147658
135037,0.17294501
39379,0.5488587
143575,0.09238449
99912,0.3898837
90683,0.14570972
126738,0.069454774
130372,0.21712412
20030,0.23787029
81640,0.30500975
105791,0.18772674
144443,0.8524349
13224,0.8838651
122219,0.9346917
32962,0.10972678
98702,0.8526354
67126,0.061343517
125373,0.28604656
73451,0.21014406
65844,0.13447852
94790,0.46406728
40646,0.14447574
62640,0.24221596
131845,0.08580826
66572,0.058529563
2285,0.2930906
56933,0.15606654
12650,0.39587945
72071,0.09948901
24089,0.22325687
80263,0.26680177
4317,0.26467907
149899,0.883998
90213,0.5268601
111461,0.7229449
95672,0.97486305
138677,0.4163953
62244,0.116075404
18061,0.5863614
94035,0.78802615
33937,0.35642415
45905,0.42572215
78461,0.15630656
103950,0.23691086
31379,0.11683394
108137,0.6401644
108438,0.41137493
108507,0.13983743
18808,0.20453905
94650,0.7974714
63691,0.177241
92951,0.10647509
36064,0.10857263
54786,0.1748666
94206,0.08273036
67661,0.52911127
84959,0.111021854
88292,0.5215192
115346,0.44611618
49940,0.12655075
23790,0.15749894
23020,0.5032345
3599,0.12994161
26257,0.68907356
98842,0.1531783
119042,0.07940677
46864,0.34225595
28536,0.06795782
26927,0.59191334
76502,0.60432917
1238,0.21778049
99482,0.55485153
50469,0.18285455
29416,0.118641436
14126,0.09474574
113603,0.22668737
93022,0.1421992
47889,0.8179262
22117,0.93531984
20959,0.10863874
115031,0.15770674
13896,0.08667279
87798,0.049272962
18752,0.14429288
44815,0.43929595
147505,0.32110697
124668,0.18862535
70070,0.56737417
54704,0.034833297
142022,0.14804293
47501,0.06763794
2928,0.19636631
133074,0.86349696
87496,0.3854329
12419,0.6204197
138248,0.09592338
86059,0.84678364
101187,0.07174473
8668,0.27751708
103885,0.5210527
73765,0.54625654
71569,0.06463681
105963,0.19038294
85607,0.25806037
100895,0.30111048
92942,0.050380524
131329,0.47554693
121373,0.10396904
86185,0.33517808
131619,0.05705807
148649,0.20513356
71291,0.28797153
43467,0.11008883
138454,0.14612283
65966,0.27995315
98071,0.41162634
28951,0.67282313
31433,0.12080831
59749,0.22264759
89080,0.21564627
78715,0.41083995
24792,0.1551942
49907,0.7349477
133354,0.06902952
138507,0.0625709
53485,0.05871784
20036,0.1091184
81559,0.20034356
145299,0.075777136
149474,0.22506678
134871,0.33117104
23847,0.5964614
31257,0.31440455
29790,0.26693526
121625,0.12006625
111587,0.13226607
21412,0.13848768
115119,0.67716455
109420,0.2796224
139291,0.14519389
23409,0.05848868
51795,0.13405176
117003,0.15870827
83368,0.11404359
71083,0.118015766
60744,0.055959456
13990,0.105818294
77524,0.6687636
22599,0.692773
146919,0.099652745
82971,0.08329291
36752,0.053676225
123524,0.43009588
148164,0.62059534
67970,0.51030374
133168,0.2779338
27274,0.17454453
118908,0.92376316
68160,0.33843407
133764,0.21089968
126731,0.13943057
117805,0.4774222
107419,0.08762581
127339,0.3296954
37160,0.53828937
110721,0.1348065
96803,0.1640359
20863,0.13486838
44677,0.06715583
91652,0.09428103
96480,0.9595628
4634,0.47056195
69444,0.13002254
81607,0.08534205
3028,0.15991893
132190,0.5591841
140130,0.60391116
49100,0.5775796
96744,0.4648722
74056,0.096625246
83697,0.64783865
137901,0.15663354
79932,0.09276775
121249,0.25034094
104012,0.2681196
56784,0.100652434
108683,0.70686024
64523,0.13025638
36704,0.13414851
39173,0.2854533
35504,0.6632433
140362,0.08773885
6331,0.0751437
69,0.7156843
68453,0.093003474
137419,0.050883207
52103,0.5648116
97122,0.34563878
105552,0.16051665
137342,0.22613207
106996,0.09569212
130197,0.42236984
52443,0.6039741
75199,0.07728002
140580,0.3991663
27907,0.94195485
126093,0.24434556
78990,0.48068127
47383,0.43047643
62724,0.39285314
103373,0.2064583
110881,0.12411754
119119,0.45837975
140566,0.16793826
121349,0.6958261
2152,0.8356674
137454,0.57119596
126769,0.4689475
87801,0.33383954
44894,0.2601181
63068,0.11481681
135087,0.27820647
75245,0.39331445
41086,0.5126472
100405,0.16697887
126047,0.8776425
59720,0.5237162
81945,0.64164555
73688,0.107463636
109625,0.1889915
116943,0.3596588
53104,0.18377885
116882,0.83733636
22,0.16128975
14934,0.26891947
103558,0.46139207
24611,0.09891851
34352,0.542467
99584,0.1135476
112750,0.2565687
55336,0.085269295
143461,0.04195344
145192,0.19069678
87504,0.30959103
73067,0.089518376
13609,0.52691513
54111,0.22626299
68252,0.09934072
48154,0.40996906
77740,0.15789936
146963,0.3474046
87571,0.12782755
67394,0.09656273
144022,0.46889916
122925,0.3456944
149549,0.14345466
54724,0.12355366
100535,0.14254017
19148,0.4197747
81195,0.07518522
98168,0.11187802
130339,0.805579
34763,0.52635837
78103,0.09558439
64635,0.45587343
124792,0.13055384
61152,0.45865834
22682,0.78357035
27253,0.54097795
149815,0.10890605
103552,0.6708214
38991,0.044342346
117435,0.103806816
61420,0.1790686
4592,0.6596376
65667,0.21426405
131986,0.55617917
97996,0.6064323
54401,0.066093385
29276,0.43450472
116613,0.34330684
137479,0.35468462
490,0.50891584
25864,0.09580814
123049,0.62479967
91679,0.1640756
35740,0.088794366
99050,0.11313579
18665,0.938624
10155,0.5087576
90867,0.60168105
51317,0.39052746
57958,0.089591645
116293,0.044554718
122991,0.10830399
48063,0.12853332
8317,0.21715456
128707,0.11865649
49972,0.14237729
92531,0.069134146
536,0.24087265
68745,0.3743334
110677,0.1258651
6039,0.07623565
56181,0.5833522
117470,0.11720574
71729,0.07157754
128890,0.3505762
66730,0.41946808
105047,0.9283898
144777,0.073196486
30700,0.46956933
64276,0.095892355
120141,0.10970135
4175,0.74447507
140015,0.3561386
90380,0.3916845
53668,0.6202775
79392,0.406873
41979,0.16391413
38611,0.19170406
74298,0.08803042
53721,0.04496476
111025,0.23243487
11510,0.25636303
59033,0.53423417
87041,0.19628502
122726,0.13266078
50252,0.053850982
131724,0.4514166
119827,0.11655687
44097,0.3503861
54260,0.17827287
120775,0.9174681
137411,0.4188637
71999,0.12207305
124350,0.05969676
93232,0.8861064
65999,0.69348377
110611,0.7609797
939,0.11739567
138333,0.91591597
19240,0.28217104
3772,0.5598012
71900,0.17279734
79828,0.14545251
139267,0.11849633
142441,0.23121378
117017,0.556064
59378,0.17344135
118069,0.42385244
59947,0.17266387
50931,0.19189072
117511,0.6328125
17856,0.6267516
50543,0.43381143
113187,0.467704
83094,0.17125867
146581,0.9343343
148253,0.15440449
34120,0.11505984
50676,0.51817334
74993,0.087079786
54698,0.092022955
149482,0.82143825
72649,0.6185016
30323,0.11718861
141713,0.3180571
81587,0.136085
86856,0.7681891
113874,0.2938302
6550,0.13308956
15118,0.105982326
39862,0.86191434
17699,0.07887489
44718,0.38023
495,0.121312946
134924,0.53212297
74374,0.2972625
103717,0.15577157
48520,0.1713815
133372,0.47747064
113441,0.09956371
133215,0.12612234
80832,0.3303769
42352,0.7743736
35094,0.06518805
53278,0.8451846
87563,0.11771376
135253,0.7404296
79247,0.07529097
33193,0.47813833
135880,0.14831153
52658,0.52405363
32995,0.9406357
1915,0.49225685
47080,0.22525829
126174,0.9643426
108770,0.19808607
16171,0.2093738
26383,0.56456524
138592,0.14400508
96756,0.11048803
135512,0.55667865
76535,0.12277141
43860,0.73009145
101922,0.038106933
137144,0.2092016
17209,0.064600654
49331,0.54077756
60687,0.047350835
143056,0.3643733
128925,0.6073693
132678,0.18400156
47328,0.45679337
45194,0.11909054
76883,0.08860662
47329,0.12334549
14969,0.91931957
53215,0.5014976
38640,0.12340766
15546,0.97313976
125686,0.08987306
36933,0.5968458
121619,0.1935746
100441,0.11403579
6575,0.5078901
114205,0.24776086
38789,0.86454177
85597,0.41694832
47088,0.13511974
4514,0.20546219
77736,0.96232575
119078,0.36852753
87268,0.7274323
117279,0.41873044
36497,0.125991
56941,0.08267421
78741,0.24529769
127088,0.15736663
84482,0.14070095
67683,0.19946615
74594,0.22074978
147215,0.12256529
62193,0.38331127
109005,0.9448154
117137,0.079885066
88742,0.12694316
93656,0.092408456
33270,0.13327162
23427,0.22559583
60762,0.07377103
100445,0.81596595
132903,0.9318253
85504,0.38491175
31899,0.60704696
136260,0.13899218
90458,0.19477333
138409,0.20380764
110978,0.25741765
12105,0.5725503
74573,0.071836494
13265,0.9635894
18829,0.71147627
135187,0.8791024
54504,0.54325783
73017,0.43778178
65483,0.06375947
13874,0.12695715
61546,0.11086013
72761,0.8063398
5435,0.13486838
62480,0.05073282
25467,0.23860794
58157,0.67793965
9129,0.20128235
50414,0.35532537
54999,0.47825953
84449,0.07098281
136348,0.43403104
76763,0.12496639
101658,0.080834985
130130,0.38196617
29271,0.97979295
21519,0.06265615
137138,0.550184
79308,0.59930587
76871,0.85331917
7231,0.23344482
135973,0.31273258
12393,0.11631835
114547,0.46321198
87421,0.4984353
58269,0.089394964
133549,0.11814584
121453,0.14016715
110753,0.085363224
15867,0.09500555
73809,0.12671769
123381,0.8728118
42426,0.15173514
55211,0.5250876
28235,0.1914902
62120,0.07414694
69871,0.480997
42694,0.17339063
136318,0.14448097
66046,0.07474404
15335,0.08938928
22612,0.055343628
55552,0.13024175
77025,0.56608796
74227,0.46406275
138151,0.073554404
131195,0.12449771
71121,0.81822705
97563,0.10735477
61221,0.06580822
131087,0.16002399
70989,0.0988302
85161,0.16920213
115896,0.5168588
20559,0.4884652
94900,0.6703702
60564,0.27317867
23357,0.050961975
49422,0.72868025
149178,0.33735678
99143,0.2975162
134459,0.7014306
22230,0.4667076
29845,0.31460026
128959,0.67322594
39057,0.1140548
26368,0.1326139
144127,0.09971129
96125,0.45299765
105285,0.305926
136299,0.17022425
122305,0.45078292
59961,0.1597797
95047,0.6344079
23930,0.57741356
140860,0.20271963
84753,0.20996563
60479,0.1236172
1592,0.12833412
26109,0.050751254
149892,0.85657924
23063,0.113433465
20928,0.4571172
135910,0.65114135
78108,0.1714246
43438,0.21044597
120708,0.46383417
121887,0.16223136
36623,0.13254724
17539,0.5233703
133094,0.0830342
121939,0.94493634
65377,0.5707276
69789,0.88489217
114967,0.20672333
45348,0.8315751
80199,0.77364266
149646,0.63442045
75017,0.12680659
2604,0.5000136
93177,0.15395865
84394,0.8407852
50097,0.15816955
1254,0.12898724
146950,0.287178
62558,0.2984896
20152,0.6920101
41653,0.08236211
142881,0.7172635
139974,0.13345776
125771,0.8847914
108385,0.656306
82465,0.57511896
24767,0.62970614
98525,0.10042541
35524,0.082578525
32548,0.17038864
24005,0.042012684
131183,0.10965341
28631,0.60732335
39011,0.0730106
129541,0.11475609
97839,0.15396634
117356,0.1787668
127296,0.08473028
33775,0.46113884
104492,0.4826186
111632,0.6905201
136285,0.75487596
111940,0.4322882
127103,0.36312345
62551,0.21915704
119513,0.39409956
4047,0.31841317
105605,0.15956725
79802,0.20998381
1899,0.26593754
32757,0.48992378
19801,0.31685764
73405,0.3974085
32955,0.19074327
12007,0.066374384
118013,0.30873185
18252,0.29973176
18341,0.42290807
136914,0.13443406
12612,0.40545353
97285,0.89889705
8222,0.2626769
64431,0.27760524
5886,0.79767203
18114,0.21801554
148243,0.67541224
104519,0.084123954
129993,0.25023323
13957,0.2493155
99615,0.9191602
94840,0.7798385
75301,0.12446649
69669,0.068813115
128404,0.23128049
53950,0.06860288
78504,0.09110669
15945,0.94795775
12039,0.071026444
11441,0.22333206
78831,0.071188696
49743,0.11657698
144737,0.72804624
115076,0.14305298
112482,0.59696394
60692,0.67640823
109006,0.16042711
7518,0.070699915
58471,0.12743619
135847,0.19596143
122526,0.41184795
17679,0.29633346
56605,0.24174139
111645,0.15122311
30052,0.17707974
92834,0.30092987
35032,0.112410314
34076,0.10609388
113656,0.26229626
84683,0.90097094
100089,0.17999995
70608,0.15474068
118672,0.16262996
104679,0.07665729
118487,0.099227615
30946,0.8206631
71190,0.094039224
116113,0.9188987
86460,0.24163789
118601,0.09390362
65170,0.07374979
133793,0.19093727
131001,0.15080065
43301,0.29889736
65650,0.68798363
22967,0.12502223
3667,0.18022908
128934,0.56578434
67900,0.055935152
24176,0.4493258
135257,0.87444496
38434,0.11186677
31520,0.15907235
59227,0.4887851
62739,0.48459998
72934,0.46152332
141681,0.44829226
68072,0.06965358
63731,0.102840625
82832,0.07594616
122209,0.07942629
71873,0.7463656
97633,0.09847616
101693,0.7790942
127883,0.07425141
102747,0.60901886
145499,0.11878217
93149,0.10019951
27516,0.09896
39571,0.09756117
27861,0.248851
40729,0.2602456
118573,0.20465977
35282,0.60848993
132461,0.36820146
4353,0.116363995
147718,0.15885313
35871,0.3894755
77436,0.09218018
3648,0.23005657
139744,0.53818655
10563,0.09377485
134901,0.45936793
34731,0.3725749
97432,0.2541836
40855,0.11113983
69500,0.19494179
34779,0.11807605
1937,0.12386893
83721,0.34590396
1443,0.7158059
59992,0.194324
136797,0.13613023
146416,0.13794255
78877,0.115230486
34866,0.16210322
46881,0.22981203
74616,0.09767498
87593,0.71752393
138384,0.10359854
60512,0.4280244
91045,0.075751245
8599,0.5279969
131952,0.09855598
39807,0.11057606
15018,0.7443315
142355,0.1640552
45659,0.6158161
125827,0.2049649
32331,0.08858725
9004,0.12868588
7155,0.7618451
4543,0.78575456
71923,0.09955671
98389,0.062458303
10882,0.09358046
26680,0.19053045
79747,0.9565557
100909,0.5616873
57838,0.12406564
22507,0.91064423
33107,0.27035046
132968,0.05047079
111758,0.38490292
120936,0.56839925
86684,0.16834016
131319,0.065057166
39576,0.25896433
50944,0.083489634
78641,0.6168525
142484,0.22038691
128642,0.22264925
102442,0.11113488
62100,0.18789504
80215,0.113218956
80087,0.06405234
24825,0.90603155
129414,0.15961064
46514,0.1925163
96651,0.10742291
16397,0.08487667
106756,0.4443678
73376,0.2002049
56668,0.14061394
26406,0.10140754
34683,0.33340582
136887,0.15901387
142007,0.54226184
111986,0.1048552
18378,0.09445923
83453,0.16478623
50459,0.09618895
81306,0.24495994
120843,0.329244
124513,0.13196856
121023,0.1767116
108166,0.59343725
23630,0.22830904
18737,0.20097187
92093,0.27358156
93622,0.213506
1303,0.15376687
95377,0.2962048
37683,0.11558249
47953,0.20253421
40570,0.07817034
12850,0.32111856
32980,0.3475716
49269,0.13837141
3558,0.18921383
148432,0.79813653
27331,0.5494989
46959,0.9170341
120517,0.5330479
101151,0.5494815
37836,0.65290976
17512,0.26693046
101191,0.2808742
12905,0.5322435
21047,0.20360458
30897,0.6743126
72995,0.62839854
80223,0.055102877
17418,0.20411792
131519,0.1922233
12281,0.077805795
38180,0.11985504
10172,0.12177665
54812,0.37194565
127518,0.31009522
65756,0.13093506
21604,0.042918313
127048,0.44319445
46241,0.05622864
125297,0.109466925
60277,0.15153374
60791,0.2274848
149847,0.07635155
37752,0.61940885
18232,0.23443061
124219,0.59707
138702,0.38067302
78128,0.13997115
84113,0.10381307
91322,0.25130758
139867,0.23767596
101229,0.14021485
143521,0.71680886
136691,0.4834207
122511,0.0750149
109670,0.105745405
142462,0.10124183
136058,0.6168205
52053,0.048529316
77561,0.73611647
23214,0.46765247
94286,0.058355916
13089,0.07669025
25579,0.6643059
138122,0.63999826
6143,0.07645837
52301,0.15634912
61494,0.48977667
127229,0.11974811
116284,0.14257538
81196,0.25209868
50397,0.154718
76976,0.7600898
18082,0.41524404
13215,0.27388132
141645,0.061313093
121723,0.14048417
19161,0.15448028
28169,0.2691677
115419,0.25131574
13853,0.1963378
98463,0.07370589
69048,0.17131656
41200,0.21693744
63394,0.9472474
121269,0.3372614
72648,0.03281761
49493,0.20109394
110930,0.092706144
114891,0.62808377
83095,0.09448076
29665,0.52233344
108953,0.3158935
62281,0.39946213
94957,0.361868
4610,0.459918
83197,0.1634929
93130,0.53113586
18015,0.43473527
52889,0.0732384
68212,0.34867585
126862,0.5845303
19180,0.88104254
44792,0.32789353
6689,0.5222346
78341,0.84736735
88781,0.17799412
11147,0.15126874
11001,0.1665241
88925,0.14480557
38156,0.45072448
102474,0.0889706
105317,0.54494727
125232,0.081248224
107505,0.06626274
122604,0.25269133
24714,0.5193514
131433,0.13947767
74234,0.109043874
65946,0.4672475
26440,0.090837605
144880,0.17219602
33600,0.5019843
16039,0.1026335
119621,0.41331264
53314,0.36077532
35357,0.15360865
6645,0.33267054
87658,0.30421147
7106,0.105725035
76590,0.47482383
77516,0.8075715
101559,0.28656805
35417,0.17126952
1783,0.46388978
56222,0.085893735
20004,0.1907419
60555,0.12364395
122102,0.05023223
15164,0.30825216
8450,0.08713941
53294,0.08158348
91162,0.10718473
32601,0.27836227
98161,0.31118104
66941,0.10639467
147901,0.28984427
88617,0.8613455
80642,0.86942047
114073,0.13723348
20744,0.44925943
121839,0.5415084
97248,0.20316224
41756,0.13470875
83521,0.14019172
8285,0.30114472
21072,0.49065542
45973,0.2232268
71856,0.40132895
111653,0.21191998
3852,0.61970097
43418,0.21547028
110400,0.13064983
64557,0.12048583
132616,0.39575177
1626,0.1391836
69883,0.11705905
54419,0.1789418
1768,0.5069013
52023,0.14085454
117244,0.5642473
401,0.1275002
145285,0.15448464
120623,0.51851684
98151,0.37726617
40179,0.16112791
106508,0.1570915
70537,0.94584537
40678,0.19310063
142076,0.10288584
105101,0.43876553
116397,0.12382838
37563,0.5250015
21829,0.09595021
69733,0.2976257
96827,0.14030524
46648,0.37205666
106370,0.089544445
5057,0.18902452
38740,0.16183777
44572,0.06554383
132406,0.13990073
117781,0.06900933
15375,0.08596089
108334,0.24212714
40514,0.36300215
99889,0.1481928
130359,0.4502614
123309,0.13446508
63464,0.058923118
136889,0.26411662
74353,0.15876196
62791,0.70594335
144118,0.20730884
17733,0.892817
86267,0.42856237
111771,0.06532091
45911,0.6142163
104918,0.08144827
139012,0.34558457
94809,0.48042122
100291,0.082189105
17066,0.10585885
107259,0.09690529
3190,0.10097522
19505,0.07121102
127977,0.17164065
116233,0.1897629
44315,0.9633408
121739,0.15664081
142123,0.3882501
661,0.8051616
68836,0.32639918
86485,0.44987738
6595,0.69156104
99243,0.58831203
14744,0.63770133
138180,0.080461144
57609,0.054592974
109099,0.24834795
101745,0.24890378
112369,0.5235847
35723,0.30950585
38482,0.93422914
110600,0.41798958
6361,0.23731987
47663,0.966252
96990,0.6619615
135386,0.3744328
134196,0.07907651
65700,0.15440263
5731,0.090283714
109898,0.07521054
122518,0.081082955
113799,0.5256212
5749,0.109441355
85872,0.42413306
22172,0.13973854
60652,0.44060612
25247,0.20565657
39339,0.6312161
28407,0.11335252
20992,0.3794451
96108,0.35840735
61536,0.38423178
89032,0.6612997
8740,0.12090932
77380,0.13707384
35528,0.087567195
67469,0.47450507
47584,0.056787897
138657,0.35494182
68599,0.9480655
35227,0.8991784
123303,0.1523586
31100,0.2152206
65259,0.06294023
27564,0.9839537
18483,0.44554082
100037,0.10964871
40040,0.097573705
148092,0.66645753
106603,0.056781854
82675,0.3946295
73460,0.7286449
146871,0.89161897
128419,0.2795903
55385,0.09709188
78753,0.3153376
49399,0.15289141
50111,0.43061736
85939,0.71824276
20739,0.40159374
118685,0.06352999
47797,0.14365122
86126,0.19543323
114467,0.09167059
62583,0.09101738
108308,0.13820966
58078,0.18317819
136462,0.9118311
68541,0.17504175
25670,0.12344449
103018,0.6559676
61227,0.2993055
69686,0.41641092
64597,0.56465983
24973,0.83908904
75599,0.0987523
25382,0.2743978
131313,0.19921595
123050,0.10839842
30053,0.15510498
114067,0.27872843
69312,0.16117133
140423,0.13033594
84655,0.16110575
84020,0.23002382
137527,0.64034504
88002,0.1500414
38861,0.78000116
106133,0.3330369
17756,0.17387493
141915,0.08575671
80927,0.530365
62541,0.9522709
60963,0.55610573
1649,0.60049
10536,0.8639972
111338,0.47413003
4054,0.13069713
33474,0.24335364
78122,0.58380723
23914,0.17160185
88788,0.32540542
13894,0.91533864
27610,0.42356327
19454,0.087533176
134331,0.36110222
90937,0.31565088
117568,0.7381702
19398,0.24302363
3986,0.16987519
77215,0.96244204
39322,0.7523288
72059,0.25759286
8439,0.13149135
120207,0.4384562
86193,0.06496576
149515,0.5382525
93832,0.07973578
55799,0.246488
89758,0.534371
137369,0.8326937
118141,0.84195
142607,0.2595416
37890,0.15080474
129946,0.55602086
112349,0.1535686
81285,0.49257192
97660,0.4467737
37920,0.7143477
79536,0.4670095
108974,0.21036977
2357,0.2811421
3938,0.25197607
105042,0.11561036
80482,0.91910714
101426,0.41728863
14914,0.12149547
101868,0.15600888
697,0.11292658
107028,0.23210287
105375,0.96083474
108017,0.107741594
92970,0.17429215
148080,0.20211495
42676,0.09487957
127400,0.06611119
118219,0.5803447
139558,0.7236722
46404,0.87279725
89471,0.3403936
59155,0.61621433
39641,0.45577022
8581,0.082654655
61817,0.2635082
21232,0.903335
149237,0.098826125
47946,0.16285451
64122,0.09981034
110444,0.4949877
130028,0.6504456
73239,0.65943766
135645,0.63095826
122798,0.7407887
119416,0.63538915
97992,0.08840518
102348,0.5652023
133535,0.4970471
105436,0.14440376
130341,0.09126155
8974,0.35321623
101912,0.08723252
130448,0.45297208
33491,0.08378986
10437,0.5042286
69910,0.37352014
49047,0.38306728
13782,0.36297238
93691,0.20299725
74620,0.42867416
44906,0.2434099
139424,0.10374391
144147,0.08098177
145469,0.31456038
129294,0.46553308
2443,0.5133456
149349,0.10579445
135083,0.14453031
101646,0.1842422
142528,0.70847756
104822,0.06627022
41945,0.937664
73938,0.86658734
18929,0.15726575
100239,0.15086867
85846,0.099028006
112238,0.10323889
112053,0.1022032
111516,0.68176144
77775,0.75064677
4106,0.2996194
109190,0.8634537
14179,0.06411753
134096,0.40150437
20223,0.07841373
116112,0.13286214
88948,0.1417394
78873,0.121145576
111902,0.062177293
48875,0.9145709
108941,0.30242568
50697,0.3892414
124084,0.39562985
87558,0.08031255
21467,0.9415297
16406,0.06906407
30178,0.6412271
21002,0.1777779
93956,0.3316137
89489,0.13276042
95934,0.4307019
132279,0.104719244
65022,0.0815623
108945,0.97719187
116066,0.5408992
20607,0.23304631
128475,0.18298739
127433,0.22738445
92479,0.37666228
54271,0.43317997
30979,0.20542152
56128,0.20008232
81880,0.10196647
98890,0.5253514
49808,0.32033417
11018,0.112094425
116540,0.31485346
86105,0.14067768
1494,0.23953582
103736,0.608396
115448,0.26302618
79174,0.2364831
62776,0.11428574
139999,0.6103679
5182,0.14407593
87261,0.54779774
116492,0.8230414
98043,0.266106
61173,0.08693793
22901,0.13123028
88525,0.11931541
61476,0.41314727
24125,0.07639273
90119,0.09665018
146786,0.513334
125715,0.6352047
17401,0.2329839
44747,0.1874012
80933,0.12666251
91375,0.19259411
109658,0.55196357
123042,0.11201109
81046,0.24244094
148805,0.11181662
80255,0.20129913
119417,0.103472814
33194,0.101818696
72045,0.9104694
34030,0.14828005
14877,0.06697658
97585,0.09807597
562,0.16989262
122425,0.09384256
9126,0.104457535
65629,0.21673068
69301,0.51787806
90961,0.13384171
41448,0.43756083
36274,0.12394199
124380,0.52346826
126590,0.0690397
132399,0.11642865
9118,0.06834345
253,0.07911993
11327,0.3274276
69833,0.6230276
49541,0.41848528
90281,0.37866008
42835,0.23313464
100878,0.9777616
132099,0.97415835
101941,0.6338874
6452,0.085735835
107340,0.3836398
5693,0.9528049
21589,0.3149077
86132,0.12611008
130861,0.5648905
110042,0.28373724
52482,0.22667414
15503,0.11710872
109433,0.11781189
5126,0.46131855
75711,0.14257416
52687,0.20212173
124515,0.35794845
128477,0.7715466
113115,0.13129136
75375,0.28991422
39075,0.24476355
6369,0.07375096
108656,0.41787523
45860,0.8410557
73692,0.07665206
94773,0.13366726
48475,0.4810967
101082,0.6398943
101983,0.31207356
27706,0.2506662
93747,0.12423383
23813,0.21642177
42820,0.12680358
80210,0.5928647
149200,0.20387393
114312,0.0619675
44543,0.3539461
12580,0.82957643
139484,0.7172373
95482,0.14148395
97097,0.27866593
11092,0.74585867
68837,0.6963487
145271,0.12930833
120918,0.13273652
120528,0.71643
121698,0.14191243
65653,0.072677754
29107,0.361912
23489,0.119325645
68334,0.2722751
26080,0.20627317
114890,0.7436045
26526,0.1844815
25839,0.24122341
42134,0.7714659
19044,0.07016826
32244,0.7101081
87759,0.55152947
140439,0.59660035
72279,0.64505583
65315,0.28048363
101193,0.22401921
64504,0.50972193
74561,0.24017887
146983,0.037958995
27093,0.048503146
117055,0.14013727
48688,0.29757702
46883,0.104078904
22024,0.05211284
7860,0.35139912
120578,0.9281738
26982,0.5902657
60472,0.65118146
132608,0.38317257
129052,0.14731607
116414,0.8713619
99382,0.32716012
39043,0.080977276
132752,0.078882776
12043,0.77017844
83356,0.13160233
67250,0.6614232
144243,0.36034364
21918,0.3216115
89159,0.13613617
137764,0.187733
33770,0.94130033
142226,0.20037366
40061,0.3961527
137731,0.22789626
42637,0.87909424
13592,0.3122856
78910,0.6093474
55495,0.096378125
20527,0.27351522
10037,0.9100601
134324,0.18500905
69961,0.22097889
133894,0.23924148
13527,0.93472666
47869,0.91113454
77842,0.09306181
149150,0.12957585
25143,0.90363
23022,0.45927963
15405,0.42981443
58934,0.053153425
64443,0.15409768
144943,0.24679606
66782,0.07274295
15218,0.18052028
37554,0.14756604
112055,0.33075386
40270,0.11519036
110281,0.21342732
45357,0.2596558
144572,0.22000962
26965,0.6149665
34840,0.29773527
108896,0.8900357
3137,0.1399809
106887,0.98464614
132639,0.048681926
131625,0.25190565
54730,0.13710019
114731,0.3614386
77845,0.18202488
42249,0.24177645
95386,0.2131251
9099,0.25339195
15475,0.11536114
28630,0.5925388
127326,0.09471214
47083,0.3569695
74802,0.16848654
123250,0.6772047
72053,0.10844933
40649,0.105727375
39950,0.9704081
99244,0.55947775
121071,0.18803032
2003,0.29780373
16720,0.11398948
66254,0.07324804
113695,0.70057666
122597,0.74680877
47332,0.12734807
55328,0.09166404
72854,0.18828757
125524,0.2986321
97859,0.058744326
146838,0.14404531
31318,0.48740005
42376,0.08264966
136942,0.09791145
27319,0.1394724
61429,0.5737489
50666,0.05986748
63735,0.20484793
29262,0.33046535
104947,0.14142269
68197,0.7507025
61322,0.08294804
19193,0.112714425
51900,0.05724942
102375,0.42739594
116130,0.34988758
25507,0.07694092
37876,0.11712405
124290,0.482984
103640,0.25396705
120040,0.23607479
82921,0.3558676
144311,0.6610482
33986,0.30266467
1576,0.17438513
5061,0.10962423
101471,0.11685426
93225,0.1161864
74737,0.121667184
104260,0.8204807
48127,0.07881585
135339,0.15229179
99314,0.46582696
122326,0.7993356
96653,0.05023652
47119,0.27946723
148651,0.15144962
143228,0.5262079
15233,0.25321224
111770,0.28253946
60216,0.81774205
77157,0.46237332
133732,0.7307631
69888,0.48894447
13160,0.36984023
28488,0.112831615
113819,0.27591082
133443,0.356583
120062,0.2945976
85033,0.75352186
77476,0.18492338
92458,0.85685
26272,0.12039812
41790,0.3094488
43088,0.42353544
26594,0.08660778
97524,0.09315313
39457,0.07625433
54530,0.6148307
32793,0.20605145
82165,0.09972471
119941,0.9344951
138398,0.23966888
142298,0.61060876
65222,0.02838841
7721,0.43785664
3453,0.36108324
63127,0.19590975
96261,0.088416174
59138,0.8795812
149049,0.18244706
28915,0.11913987
72105,0.58788127
450,0.25864705
18331,0.5769544
25541,0.23427108
122178,0.3983262
31609,0.34509012
34239,0.15143211
40710,0.37100708
26394,0.8845407
80520,0.2819813
49403,0.12699124
46967,0.17000663
69489,0.072998226
106402,0.07236221
66716,0.33641025
116804,0.09535541
148662,0.33041978
114678,0.20373522
27078,0.22853263
90461,0.26275992
32864,0.1322184
38214,0.08711114
107269,0.15090771
98249,0.2903852
72527,0.9371738
66883,0.16710725
6030,0.05914943
29351,0.23127635
130364,0.7783466
138234,0.06381531
11497,0.1622288
3370,0.06404036
56261,0.0877674
72114,0.3128217
79194,0.08012148
21077,0.2840255
26260,0.12018523
61213,0.17469355
55089,0.17575765
76996,0.5303913
28067,0.21769823
120520,0.12029198
72874,0.064871676
48944,0.06782548
51445,0.6985918
10241,0.09762843
94040,0.5126829
5217,0.11138713
64887,0.113222405
94784,0.13428715
149181,0.3582285
90539,0.39912337
44096,0.9072789
40976,0.37933555
15812,0.09510737
120783,0.1028086
83713,0.10621964
96139,0.07528529
79693,0.09470339
57484,0.107187524
7143,0.93448985
118856,0.2896924
70607,0.39616692
124356,0.110848285
146854,0.14820568
135440,0.14546229
12839,0.13618323
43240,0.16942917
70141,0.18525264
39439,0.26353052
98883,0.07061435
140831,0.21737975
26532,0.42009524
50442,0.08198476
56900,0.07644831
2594,0.38802496
86345,0.827646
44944,0.22265396
3001,0.5685381
34942,0.54750043
6474,0.165149
74832,0.09641031
82266,0.10127275
35393,0.18779974
102843,0.26506218
25369,0.1936454
21233,0.4618752
107621,0.8019678
112610,0.04893179
871,0.23420487
56284,0.12509926
58911,0.5706062
97392,0.15170224
972,0.28023466
89089,0.8979171
34172,0.0730186
105282,0.13688211
33330,0.1240122
68099,0.093192995
138412,0.46641427
30519,0.93095
58765,0.70034635
25987,0.09870291
21463,0.12628515
86388,0.95995194
144945,0.17498483
113782,0.130606
55275,0.6683814
76746,0.9479855
81812,0.23137464
32979,0.71697736
1088,0.124798946
146977,0.2987028
120705,0.50387025
126872,0.1429882
39786,0.22849064
117386,0.13394994
98563,0.16032073
29089,0.14914158
28744,0.19486046
24757,0.12483562
89325,0.20921166
129385,0.12643625
108151,0.5296955
23386,0.124367386
74470,0.103631526
41108,0.7971354
122159,0.9281336
77146,0.17897637
137921,0.60297626
54676,0.33051416
64605,0.22735034
125460,0.12061661
53396,0.511032
26429,0.110640794
132655,0.08810185
140762,0.06797247
85047,0.52482295
121327,0.07329119
111922,0.12698206
5153,0.6245351
17971,0.3987169
117754,0.15505573
31138,0.08957379
45651,0.065011844
133220,0.11672264
6686,0.29314864
134795,0.2625577
81030,0.07247839
9622,0.3096894
147971,0.45179695
37039,0.27156073
104906,0.08495074
31618,0.252613
68877,0.09793783
137652,0.04605406
90610,0.115061834
43632,0.4540763
32428,0.16976215
69640,0.5523557
103003,0.6434547
71376,0.06418194
77608,0.2529556
47582,0.19254561
71771,0.51258665
141483,0.13278115
31357,0.9568587
11545,0.49895322
24220,0.10379362
125465,0.09126542
75569,0.7026707
46921,0.29995155
107460,0.08828762
80321,0.44949052
7220,0.12163669
134962,0.14728452
6931,0.37495363
54731,0.43734446
114107,0.42767522
90554,0.91427624
138587,0.4037158
99322,0.13570744
7025,0.2987406
15533,0.32036725
20981,0.18804803
90336,0.5672269
50721,0.35678107
78302,0.12112538
103588,0.19785522
78228,0.7221299
38315,0.8280864
66997,0.13301878
106688,0.5606225
15711,0.24730118
112939,0.753649
132725,0.3279119
24879,0.22822309
23457,0.6549782
139275,0.08064939
105969,0.13771424
76663,0.5641283
10533,0.8751556
23857,0.41340795
33450,0.4137968
117736,0.08075635
137050,0.19984634
62977,0.214113
144116,0.5694569
112473,0.14358327
1506,0.1770629
148176,0.40694472
62245,0.74096584
126887,0.29291803
101891,0.65488756
113468,0.06136489
64893,0.11434364
10066,0.2843256
143587,0.6066183
97323,0.297968
86120,0.07314144
53900,0.06322421
95658,0.40823695
145454,0.6237047
148724,0.14400178
48473,0.8925425
132926,0.4423608
142164,0.1244247
115160,0.9628968
18360,0.09936527
54436,0.871257
109831,0.07613824
103263,0.6937215
53421,0.6024732
19236,0.6410976
46569,0.22843629
144089,0.8340344
140740,0.34619576
30952,0.06707938
40684,0.6050883
46027,0.06525103
6810,0.30490077
5411,0.540171
60614,0.74100465
118713,0.054187708
32809,0.083289646
129461,0.85290986
66830,0.7895015
11054,0.13571496
60865,0.4089661
58984,0.33267114
117136,0.07152919
82999,0.41311938
82433,0.056246582
13495,0.057785187
79996,0.635206
109954,0.07960704
73199,0.13860542
29786,0.11957763
25119,0.17071396
11634,0.65051895
114624,0.08185232
72268,0.8570727
65724,0.56700236
40323,0.50131744
63714,0.1029796
108876,0.07994174
135091,0.23156257
63130,0.6144598
145771,0.16567549
108828,0.0780655
15813,0.2090051
62747,0.1056628
26742,0.6623847
10515,0.20946603
76904,0.16846883
54396,0.33131313
108981,0.11521403
127581,0.35895333
102908,0.8645297
103714,0.13941923
88313,0.073442265
124806,0.118736066
130206,0.18921931
41987,0.13383478
143382,0.14116171
86394,0.21155697
59660,0.68112797
86544,0.16584584
5758,0.06978185
84735,0.36448437
57088,0.2093663
46690,0.17717327
125267,0.6466262
12803,0.61837775
81502,0.77668935
143221,0.65055907
94731,0.48620912
36129,0.08991707
103972,0.7840313
116111,0.11201268
129525,0.27613646
4770,0.48269963
82287,0.09716364
5802,0.134145
117090,0.24304464
126774,0.11990059
148222,0.31410262
132676,0.21522598
29725,0.28674334
42239,0.34908804
78842,0.08909235
127766,0.10248782
143238,0.100969635
11663,0.38219553
130972,0.09552039
107729,0.10345353
79112,0.26623768
46954,0.17274484
109807,0.27769023
104667,0.34326637
8151,0.16331966
112948,0.50584537
94776,0.4308918
58188,0.15265055
88300,0.46242598
44648,0.09372415
121267,0.25486848
5545,0.6800501
145625,0.0922153
139891,0.18778597
59157,0.47883177
19179,0.109796606
135020,0.3606765
52232,0.10493507
11583,0.049018927
84051,0.5783354
97700,0.8007263
79718,0.16958775
71582,0.16945623
41166,0.12503943
60580,0.24347876
97157,0.9767246
52582,0.17284583
120919,0.48707628
126757,0.091208324
24686,0.23509692
22632,0.8398023
10440,0.096261404
100790,0.0662114
85098,0.0977376
4922,0.6174673
70094,0.15363312
144615,0.14607425
124186,0.41852805
41727,0.9554424
143198,0.15203196
4267,0.40249565
97293,0.079471886
122051,0.06821108
46278,0.42357633
83704,0.08784018
2691,0.15657684
83167,0.31735218
40721,0.93206173
129371,0.13552988
37878,0.26157996
21401,0.06730776
85818,0.13465558
113781,0.08978934
119177,0.13180949
21684,0.11347267
29224,0.1868122
37271,0.21566203
91024,0.120151654
37662,0.06851928
119930,0.3624012
45534,0.5379872
73270,0.06044074
130571,0.5596213
68223,0.089680985
19659,0.17587593
4438,0.19612624
106982,0.14063323
116841,0.78276086
30656,0.32339835
121944,0.0896703
40162,0.82109153
120179,0.46105886
76115,0.09054125
28811,0.09367057
66773,0.27555212
68269,0.56636536
120187,0.21263205
76288,0.4030301
101038,0.1993075
133015,0.075545214
45242,0.13445884
82940,0.054782875
98141,0.31463468
68044,0.79094255
132011,0.43081635
119514,0.08692248
137624,0.7108323
18791,0.1887613
36863,0.33143365
24028,0.34703848
103779,0.0746016
73650,0.07323395
5000,0.29930484
72458,0.1311961
129684,0.9375118
50876,0.8977592
122270,0.15489538
128996,0.66217107
16887,0.33749586
25824,0.29050982
58254,0.2430288
101325,0.41731843
141973,0.14094092
125916,0.39260775
39460,0.5581586
92631,0.20310639
135636,0.35053423
88611,0.32896635
134448,0.095740676
97085,0.50885105
85927,0.072574645
108928,0.37393814
42968,0.064830504
91220,0.46406728
138939,0.13137092
1108,0.064916365
102773,0.17624362
89615,0.29504544
18419,0.06736892
114338,0.28408828
114075,0.8068342
60288,0.28997922
78337,0.50158954
148385,0.35454234
39416,0.16673933
45700,0.2047646
13026,0.9788134
24218,0.14023483
99575,0.87179077
15557,0.0445824
115598,0.19042523
77183,0.2617052
126072,0.6049869
94698,0.3847569
46340,0.2798617
23989,0.06254439
38083,0.2386873
86212,0.6280245
85141,0.16469868
109751,0.14122947
86857,0.25311092
105665,0.19534051
146376,0.13999976
144416,0.12549132
77322,0.31671953
29491,0.42751148
117540,0.13511746
108782,0.07171969
67743,0.39975935
94820,0.20965868
12299,0.2992873
132340,0.30513752
127705,0.8619307
149666,0.44594225
85654,0.275095
109014,0.3910914
22762,0.90592146
83357,0.79598194
85907,0.07662688
141450,0.17188899
25228,0.24115434
22529,0.16416587
81168,0.09095608
28705,0.45939672
29319,0.18895394
9426,0.05142743
20090,0.5652224
113801,0.3000809
122989,0.07054798
44711,0.6874078
76102,0.14738965
108825,0.18895584
21860,0.13176586
74257,0.40041688
6412,0.106950395
78027,0.10726343
29533,0.20860098
130111,0.11485021
141341,0.3638198
30943,0.64336383
98589,0.48091307
330,0.51172847
55315,0.06838533
87367,0.089338034
112315,0.96659094
420,0.10343177
15713,0.1899563
120324,0.14531614
104043,0.045259986
118189,0.14579082
11788,0.34588313
11719,0.1574983
31156,0.253297
72460,0.3309268
129313,0.9309601
73833,0.09352361
100053,0.11702526
40388,0.16910312
123480,0.12791975
100042,0.15529966
122261,0.16005935
106850,0.28840873
25681,0.12599641
108387,0.66254026
145080,0.12631574
36864,0.30691287
39095,0.75657207
39366,0.14586037
100333,0.2298142
130956,0.38499188
148426,0.09521329
81926,0.3541154
63930,0.32055908
117092,0.031951416
97886,0.13546708
114490,0.047922235
37417,0.155437
37595,0.10758633
94105,0.4505313
141137,0.25702056
87622,0.19202015
110084,0.79833984
34975,0.46353635
100322,0.136599
1646,0.10201379
116633,0.115982614
123866,0.15908764
125733,0.8690318
84827,0.07914752
63507,0.75150234
69764,0.4466451
117021,0.34866574
21276,0.6484864
122473,0.1759452
89267,0.2785315
139241,0.039408922
12230,0.13062967
133059,0.582624
42682,0.5769745
137305,0.5837562
56601,0.16094221
34748,0.6722186
57027,0.9697496
116574,0.14871596
109297,0.21763934
30955,0.085195616
142373,0.4728453
132453,0.4922837
33454,0.12376089
47665,0.061587706
86625,0.2393596
8666,0.34743398
98323,0.03662945
19293,0.21948817
143017,0.12960264
103655,0.7550994
53490,0.19357283
91192,0.62624747
137487,0.07849701
13949,0.1782999
85374,0.5123969
949,0.21402681
92016,0.34127975
120395,0.08999081
69528,0.06867833
119324,0.2024351
93442,0.10360214
35191,0.06377876
89870,0.5575811
103605,0.28192157
144570,0.1595929
145458,0.27452698
12046,0.17769176
70575,0.14238158
36177,0.41132814
111683,0.20016444
107634,0.09112836
142882,0.97981423
40834,0.1412567
13023,0.12270172
68304,0.21432222
83897,0.14466566
22350,0.8814274
111747,0.37684852
118677,0.15838142
91473,0.49266252
72381,0.09473435
8099,0.0878958
12789,0.8318268
118239,0.6673431
76553,0.59337753
12974,0.86714286
113523,0.14752474
48904,0.24080268
149672,0.10682935
25597,0.13773969
113482,0.12010423
68470,0.47611046
50635,0.17540966
6859,0.19531849
74818,0.23779084
102388,0.87208337
33526,0.26423174
114219,0.65944767
90505,0.15241797
84656,0.88207126
35758,0.30987757
22417,0.07946299
93772,0.36582223
93625,0.33509105
99951,0.1584608
72912,0.19314864
80157,0.0861535
45789,0.23009777
50939,0.11116952
129402,0.7871451
27149,0.45390838
97657,0.08736093
89137,0.1148854
45604,0.17148778
66356,0.74414986
82924,0.13390352
45263,0.111709006
126285,0.10095491
72974,0.35582715
16819,0.63912374
77245,0.12195893
35987,0.4668469
76668,0.114448674
119521,0.59892625
65227,0.0912785
121610,0.19204435
93035,0.6153575
41553,0.89262486
126730,0.38931197
39019,0.2453197
42665,0.20916547
84346,0.3139521
69067,0.10749314
22622,0.16009869
43458,0.519542
2459,0.34558496
44557,0.09402169
133288,0.14199321
118077,0.13101935
140000,0.13557911
149060,0.65193796
149042,0.25218165
81497,0.68015915
10951,0.2445179
30820,0.08736983
114614,0.0402035
75607,0.13984747
90735,0.34377855
149445,0.1267916
125592,0.5994408
27119,0.10967113
149475,0.109015755
48571,0.9768488
116415,0.83314085
13208,0.09414071
52322,0.24658348
72182,0.17354617
61899,0.59613574
75206,0.09275088
17815,0.28946784
133898,0.35931
22565,0.08252319
137566,0.3940355
124033,0.14568904
633,0.16555282
61179,0.23944263
140483,0.4618024
21187,0.8544377
55081,0.3089255
87002,0.75919914
47629,0.18415953
132057,0.94168276
102258,0.6772859
146631,0.06628965
7100,0.73284215
50155,0.09603683
141891,0.20873748
68696,0.09242293
94557,0.4891069
101806,0.9414531
44702,0.056176092
122349,0.28492916
131492,0.226197
142477,0.387839
125908,0.96373826
13140,0.55823594
146047,0.80496967
55079,0.07701469
124258,0.61807066
110912,0.3847753
62736,0.10431717
147317,0.5579425
137459,0.5737786
10607,0.14562246
20892,0.13571976
2456,0.20937522
1220,0.28606075
137353,0.5534241
27215,0.12378242
16982,0.84102046
50822,0.14616928
71523,0.052940287
83284,0.15879473
143114,0.1864159
146597,0.34754202
23209,0.19955873
84494,0.31894043
48816,0.29250807
62836,0.06911746
68411,0.08475353
73644,0.40005112
50337,0.11681322
143288,0.6906288
82265,0.20591713
107188,0.6884884
51548,0.8572762
53907,0.4458001
15632,0.31105176
83574,0.18476927
126133,0.23634706
94177,0.8598789
36424,0.6070479
86562,0.86122197
141155,0.11860539
4626,0.4042242
50765,0.114317775
66885,0.37257355
94756,0.06735931
31980,0.40613583
104184,0.18455811
149388,0.04649579
113562,0.08611218
73555,0.20790559
107878,0.4518316
13118,0.10715207
17053,0.86767083
57136,0.36785027
131467,0.12168091
7150,0.4859974
135359,0.42281353
134246,0.83569926
46082,0.30268982
88829,0.2449541
71513,0.2513211
33509,0.18654
57866,0.24551657
37678,0.11985657
115024,0.22145046
146687,0.1190818
131482,0.16034049
31542,0.8679124
49053,0.59018236
127692,0.1234426
13189,0.10424358
25433,0.3792052
64552,0.25019205
96154,0.26778153
64381,0.13991779
44738,0.104665615
90888,0.14113224
112134,0.1873897
6320,0.12928961
38673,0.1984998
55457,0.39276087
115581,0.18730894
35578,0.59544504
32279,0.3863997
100735,0.11122303
133647,0.5772455
16909,0.10627328
122651,0.08786032
117327,0.29081708
117489,0.19191557
70483,0.08795113
89505,0.30583343
149625,0.96206343
130763,0.5111369
10267,0.19106252
56799,0.6389988
57071,0.1841193
80829,0.12384349
108201,0.73204815
60736,0.67373586
95655,0.22580026
87881,0.11374143
67082,0.4399528
69097,0.5450701
13127,0.12557161
109472,0.9451882
30278,0.2724937
47204,0.9623843
41486,0.06592653
75479,0.089376695
67261,0.10695599
69865,0.33185074
94268,0.084138684
98990,0.3484986
111145,0.64366764
124447,0.1493361
80218,0.5736493
135438,0.34873575
99730,0.42202127
123756,0.14720775
19136,0.07747796
86308,0.24339719
118468,0.30267358
86571,0.3520827
79899,0.16112307
43639,0.22127439
119763,0.09391425
66003,0.10036868
108263,0.15769842
138836,0.27502596
106552,0.16738075
68462,0.88416946
31176,0.15914652
38305,0.14656562
114420,0.6410531
37930,0.06735051
121329,0.5912351
17982,0.6596654
85451,0.4921948
147946,0.5119699
58045,0.86065984
72069,0.22496238
13111,0.60863745
115673,0.5722017
138488,0.14758305
52568,0.7267492
18619,0.2465219
112253,0.2465091
92554,0.21484748
130122,0.9003474
27881,0.108490884
121288,0.2651706
101447,0.10281756
87756,0.5243412
42573,0.14644119
46415,0.09514007
33654,0.077968486
82888,0.41142812
15597,0.33139792
11224,0.2641308
72965,0.061896704
78297,0.6086424
73994,0.1367748
4566,0.4141441
78519,0.059746355
129837,0.19401804
40993,0.22363818
28006,0.103516296
107291,0.24868068
33674,0.6382546
62340,0.097896874
38844,0.6172436
56505,0.25939316
147075,0.114159875
40911,0.099930495
30569,0.6766597
45304,0.55937576
127028,0.59342706
19917,0.1961494
105210,0.061069444
2048,0.9198348
76741,0.10951719
46599,0.048177503
131050,0.07992403
91213,0.43789896
126270,0.9787906
3769,0.14004575
57156,0.088690445
44864,0.9544154
71012,0.89111733
110073,0.41895178
108980,0.089986436
36914,0.08497696
113579,0.9041466
129164,0.20227855
48858,0.8239515
105515,0.5311556
97544,0.10974379
74995,0.071767546
100131,0.31459153
48917,0.24211887
116850,0.5393134
25266,0.24672498
1329,0.059708238
142077,0.43861085
143450,0.06888324
92831,0.6441363
28935,0.14840868
2194,0.39824852
21172,0.066511124
40896,0.41824827
127529,0.6086517
62209,0.11494829
47251,0.23259775
147981,0.25944626
116020,0.63364893
62060,0.31048784
10613,0.1445367
40331,0.12936297
25584,0.14667065
123192,0.14916676
124301,0.44517305
68194,0.110655695
53100,0.056930374
86995,0.07050415
118638,0.088626295
130746,0.17774102
125435,0.045650985
28957,0.72558665
119808,0.22167197
77402,0.8036861
28348,0.5089635
51458,0.55496925
140499,0.6534321
135058,0.067820765
20950,0.81077665
78991,0.72990054
94321,0.81940854
5464,0.16880427
35696,0.52122575
117738,0.9600661
39768,0.16001917
106148,0.21394166
3829,0.09187004
141641,0.41722247
101362,0.16543685
71589,0.27318597
30436,0.12098353
141567,0.11672483
78436,0.20441006
81703,0.18282048
81506,0.34473068
12098,0.12137594
137903,0.77178293
21126,0.20600015
110456,0.086003214
95751,0.69973403
70058,0.25621486
123525,0.25382167
115246,0.6150947
27370,0.29782754
108425,0.62208927
22680,0.08491783
125952,0.19513257
73449,0.43016937
97117,0.20426744
102198,0.19426984
142162,0.38886756
7576,0.43114665
43696,0.36932203
75543,0.1328444
2065,0.18816623
90913,0.058989227
45460,0.20703429
19720,0.14489272
72367,0.2531157
95734,0.8151347
77148,0.2627468
80378,0.23855616
88034,0.18784112
29048,0.16712853
120922,0.36689025
78888,0.48005456
32243,0.112110116
10421,0.42008868
60707,0.46994704
56574,0.40020695
129167,0.23831268
38846,0.24748269
59535,0.015564516
87856,0.53788906
83112,0.8845752
149009,0.24998695
131235,0.45414683
19734,0.05262502
93027,0.12982233
18682,0.29332724
88827,0.06925415
63986,0.3015976
49949,0.55419266
143742,0.05276332
99875,0.10000699
105784,0.20815793
109172,0.05108328
36770,0.24338995
40418,0.1562879
134660,0.21138357
42957,0.15054426
34927,0.08535952
127431,0.0991164
9087,0.13236895
33852,0.31584382
17083,0.081484884
3789,0.12922093
3118,0.35352424
19412,0.12332381
93404,0.19905676
73897,0.55402046
37187,0.7486837
70235,0.11233315
148051,0.5251937
86563,0.28537622
64853,0.5872288
61752,0.85283077
59987,0.77951753
101497,0.20406008
2013,0.19792803
36749,0.2931397
52412,0.08223165
71840,0.35617483
108631,0.88916713
113086,0.94954157
118864,0.26819527
148608,0.1712652
31396,0.44953373
5220,0.617375
109652,0.08874069
124923,0.8382976
32052,0.14435163
122967,0.4690026
89871,0.07828811
67607,0.52828157
28445,0.20057707
60732,0.16209818
53253,0.106194
143704,0.08305245
97849,0.19184722
143798,0.84618455
98876,0.7004637
96710,0.93807185
40257,0.3890803
30534,0.05760894
120779,0.7614128
35108,0.28227344
106409,0.5610281
2932,0.32351768
79809,0.44138947
68154,0.114375435
90675,0.8876073
80748,0.4136756
1570,0.1409099
84135,0.16239512
82515,0.16040538
133192,0.079000965
37197,0.104556225
130035,0.090556234
129357,0.06640533
17730,0.1812122
56270,0.48692468
97867,0.2527507
144628,0.70449066
71671,0.05373401
105670,0.47430953
65552,0.09211942
37704,0.34676316
17483,0.6781312
90679,0.06899012
89959,0.113151014
2059,0.23837055
87789,0.84657145
53217,0.6155586
124834,0.52086383
77441,0.24861304
74868,0.43265554
69126,0.05387815
127917,0.9344795
57,0.5342278
104375,0.71433216
56884,0.17568853
143689,0.32601774
142131,0.14004773
86121,0.29839334
143474,0.074551776
75297,0.10255374
88037,0.07072442
50933,0.15598337
17279,0.5314294
102169,0.4969656
114210,0.11506178
108278,0.06632305
143074,0.09574908
16915,0.45005724
120269,0.11777301
124533,0.9053584
116844,0.084681116
108626,0.10836156
131587,0.5587864
54066,0.09443171
127290,0.07580002
36870,0.09599196
107863,0.23906574
135803,0.18554021
58561,0.15517901
114482,0.015740655
127563,0.2920406
11223,0.72475785
28937,0.39601266
8145,0.41107538
78896,0.1860066
69387,0.6725363
119180,0.14403881
9535,0.15976256
212,0.855125
36554,0.055090103
114765,0.06862973
54793,0.09261969
13306,0.10835936
100643,0.36386022
68087,0.087109625
132795,0.30649468
58473,0.07355184
60409,0.18190716
55805,0.105772085
90882,0.66312283
65016,0.3879693
22442,0.097576484
127815,0.15419713
137180,0.55700123
143179,0.9745496
114,0.066669166
72064,0.2697076
80442,0.11720598
36161,0.07682667
6548,0.070680276
139849,0.26449206
103870,0.22029653
57115,0.79233927
83776,0.47235984
58439,0.71630293
62034,0.39994916
62086,0.8390613
120148,0.9518527
106227,0.11036226
47863,0.34860277
34397,0.30818167
32919,0.18768059
53358,0.10186356
83725,0.6394369
112993,0.092878215
112830,0.1516818
135422,0.18202034
134958,0.26766348
110784,0.51042813
102374,0.33475116
57891,0.550519
10640,0.13671486
13872,0.08498664
64812,0.09564678
58116,0.31824243
77674,0.097784266
84791,0.44368073
95678,0.1795487
105635,0.8910766
3120,0.93182456
147028,0.14670017
33191,0.5905193
83492,0.2730902
27659,0.17558374
36349,0.06836835
5224,0.4646529
134012,0.48833722
61380,0.35940322
36631,0.10739985
128939,0.08040854
130609,0.114273995
69952,0.1267693
61707,0.66130775
21045,0.512497
25647,0.28991807
30949,0.0751191
119059,0.22332442
20331,0.14608316
82841,0.13583167
34078,0.086014025
32068,0.8276632
15874,0.17778698
116836,0.3361426
8876,0.909518
128888,0.04083242
115734,0.63194305
60700,0.14227183
92034,0.15690662
32448,0.3541851
40568,0.13862367
110237,0.71565664
130881,0.632322
11893,0.19751208
101681,0.060038354
104701,0.80959725
86068,0.2880189
121391,0.23388971
132828,0.4703054
128172,0.17604138
124270,0.21731132
99811,0.32875136
46637,0.078641884
82557,0.107370235
18552,0.126775
62159,0.29014257
63643,0.68634564
149007,0.0924732
45915,0.08972547
2934,0.9328685
102162,0.14860763
61185,0.66923267
125810,0.10724443
40404,0.11696184
33590,0.32362527
68592,0.21265008
82117,0.5443612
109531,0.0553321
1099,0.19154973
125405,0.50129944
1293,0.44773582
92329,0.40156648
79042,0.29369667
140393,0.907721
3112,0.2659788
1960,0.066533536
34771,0.1517726
141514,0.93730354
110164,0.25394002
141084,0.41314244
142099,0.25113165
97,0.7265221
9462,0.11873423
15909,0.31573075
98985,0.7538362
33188,0.14142817
122153,0.93687296
134971,0.6906584
90247,0.14971294
127948,0.20428315
56080,0.46980605
123796,0.20418303
27889,0.17536478
35515,0.07249147
79148,0.057623684
55129,0.04764772
66940,0.07153599
135355,0.1264122
10030,0.26757112
148069,0.078136705
19351,0.0779343
7408,0.051245347
85965,0.5117612
20672,0.15552537
61813,0.45301053
19930,0.076825894
1226,0.4153912
30989,0.84655976
74826,0.11621934
114976,0.10569429
39300,0.09248391
12847,0.5364491
95536,0.074840106
26662,0.2928604
145376,0.949433
40206,0.102092266
3665,0.18234307
113844,0.28619942
37511,0.2703116
105693,0.8831752
85209,0.45472762
29448,0.27405208
58707,0.100992255
102622,0.44307038
56013,0.12505934
66512,0.72141474
119191,0.43826905
5274,0.20970893
4154,0.09886293
60691,0.45729658
121364,0.06258748
22093,0.09983401
126335,0.57662666
84677,0.13957134
59501,0.40782577
103733,0.06294777
5197,0.25487348
68409,0.85709995
41640,0.18751436
17877,0.10980214
140627,0.120570034
138147,0.13382474
5832,0.11368565
4340,0.11976849
105079,0.32200953
26226,0.44069582
43305,0.31830305
18017,0.79836255
9057,0.37906966
48578,0.3360754
31112,0.93085694
144593,0.3634275
12967,0.108956136
95408,0.22644679
73315,0.3516194
94435,0.09424099
118618,0.3993357
86991,0.4522815
73447,0.6479957
26803,0.30771235
92894,0.1026103
132984,0.15879793
12897,0.058848493
2409,0.2047004
135439,0.16874872
126429,0.47690174
130230,0.49093074
72211,0.11885167
28691,0.15144323
94294,0.576455
140619,0.7978144
95741,0.2023067
57877,0.42225844
35906,0.0823065
100682,0.1549263
25558,0.29621837
44573,0.407505
46152,0.82885927
132689,0.52545404
132646,0.054918803
51757,0.6623385
123506,0.6364167
137589,0.5144891
73896,0.06466817
125308,0.3684723
6431,0.17538273
52705,0.064924955
130039,0.46282092
2555,0.18110853
121910,0.11833421
129330,0.11402338
78850,0.86680555
2717,0.14900522
96076,0.7979467
63780,0.21681184
2613,0.36241674
48453,0.15281852
59999,0.7231266
141412,0.08596137
1512,0.92687
110648,0.1573437
10111,0.5923313
134311,0.4545178
62555,0.08540303
130998,0.1358604
17710,0.2502573
84747,0.87193424
133235,0.87977105
18723,0.5758679
31843,0.07297966
133116,0.20527698
11307,0.25141552
120328,0.11361891
113593,0.3189961
129734,0.19718635
91696,0.6026557
103660,0.46779856
88004,0.05565052
26811,0.1257375
121813,0.46126857
83100,0.19450866
43544,0.5397436
23153,0.89474964
5717,0.4829142
129187,0.22868843
123109,0.36072093
122018,0.48213184
33890,0.6276068
73846,0.20572163
66723,0.43164426
133431,0.33549598
8995,0.068807416
104087,0.23170859
58241,0.11380218
62808,0.28066108
39024,0.21821617
126702,0.9379222
39881,0.1713702
15341,0.21818256
76601,0.10875595
118291,0.41511577
115801,0.9396222
140375,0.6938079
123954,0.12118643
9680,0.13902952
24799,0.6253748
14267,0.11473042
8674,0.42296878
6200,0.32360253
145050,0.5411396
2899,0.8238505
93125,0.21607906
142306,0.38905978
10918,0.32334867
32640,0.22449023
69340,0.6290044
75809,0.107622445
55640,0.24021105
71701,0.16060151
2289,0.040511724
60367,0.21403052
125264,0.7952534
78518,0.28654262
51529,0.39714906
80601,0.3819202
111446,0.5586184
123504,0.12443922
116466,0.14661017
129736,0.43347055
73792,0.09178842
49086,0.23844187
110230,0.08038612
123330,0.73840505
34247,0.9710803
29763,0.12127335
91671,0.7159984
22091,0.79554594
21238,0.16097194
65948,0.2312964
107094,0.533689
27755,0.40465486
1723,0.14570682
105566,0.098726794
116439,0.16164213
113690,0.05891823
141347,0.103112504
125448,0.16970731
109310,0.16094331
143959,0.03427445
143085,0.16751817
28200,0.53435594
120186,0.20018715
103281,0.093432814
89434,0.12928417
14358,0.55318236
28182,0.13574782
66837,0.5063075
48754,0.12957269
85649,0.18262406
131031,0.9184437
142564,0.07420467
16603,0.61531883
79449,0.22235152
19337,0.39004228
58289,0.13732977
67651,0.4815606
35908,0.09352748
58691,0.45866486
111692,0.16571236
9104,0.35636777
60382,0.13313287
7483,0.17722876
47375,0.70845175
119034,0.41272876
112142,0.06587634
60579,0.07623665
122374,0.6934301
82990,0.12124503
120879,0.16744359
112072,0.13880983
116036,0.09793468
57041,0.15212849
7093,0.15973245
6612,0.07186934
44013,0.14117391
28757,0.26612043
25305,0.26105073
134447,0.1517675
1686,0.09771035
47772,0.6844345
92349,0.2766722
17115,0.90657896
74831,0.17961597
127209,0.17978022
58730,0.12989736
130597,0.24226809
32359,0.54108477
21675,0.84363204
125316,0.09138715
112979,0.39756656
3184,0.11664123
89794,0.054509554
70581,0.44830626
137532,0.38116813
132561,0.19386867
87132,0.1890508
30730,0.61986995
92904,0.8251834
89265,0.622127
21966,0.10144996
94325,0.555601
101161,0.33683974
138739,0.72427315
69280,0.3703418
53588,0.110606596
126877,0.16884977
92801,0.21402839
51353,0.12200594
124962,0.8790884
47950,0.51924187
102504,0.5536175
54150,0.90023494
2628,0.12826893
51583,0.094950646
75219,0.17705597
3223,0.41250733
81280,0.09503462
84240,0.07485333
6677,0.063385606
28678,0.070406206
38735,0.07319164
100199,0.120804384
141684,0.29568988
41282,0.43907863
69378,0.10896405
111560,0.22283094
53586,0.20559646
65519,0.7173992
7040,0.32372764
110617,0.1976505
104413,0.12732568
9599,0.26318035
61818,0.2115343
92149,0.3992553
23154,0.12286222
92678,0.043479882
61857,0.4994971
145112,0.063820265
32414,0.17329639
97709,0.600853
131707,0.53763855
104066,0.1273494
147379,0.14781365
81745,0.11147142
21743,0.08457208
106517,0.075672664
130181,0.17810316
147343,0.1107961
141944,0.36657292
95221,0.46042877
41423,0.47305283
136581,0.33377716
12139,0.13338116
29841,0.16284968
12515,0.21099623
27152,0.3617995
41081,0.24376792
133721,0.04465397
9787,0.37626627
114612,0.1475124
26957,0.10516887
16065,0.49454343
131827,0.107823215
48775,0.14130431
145528,0.63925743
87677,0.12775624
44650,0.50617445
7230,0.25417277
136658,0.10109399
45882,0.22194466
79994,0.62437695
93180,0.22728255
28329,0.13782789
144728,0.18103266
42907,0.61593616
7778,0.45878005
84223,0.91609764
9952,0.22489917
107660,0.41107908
76989,0.3860806
92480,0.27974933
131152,0.8512074
56640,0.6393454
112443,0.11465171
69321,0.10396375
46735,0.1487543
148380,0.45722213
103528,0.13423686
57232,0.22005
98679,0.07403402
114800,0.080037154
139962,0.9327825
41606,0.91192573
29881,0.12762818
55249,0.23486497
75918,0.07524177
137626,0.3126131
15851,0.11279302
53014,0.2087338
93167,0.06486304
56961,0.1298608
116302,0.16948752
29345,0.07419761
61098,0.10632102
67846,0.3159745
121709,0.5633268
31913,0.13248464
120591,0.817027
26717,0.116190664
122831,0.0630006
23910,0.21496756
58230,0.073984034
117247,0.12728222
44704,0.10538045
117022,0.15271656
28802,0.10343841
12748,0.47463748
9328,0.12965061
146907,0.56347346
103709,0.1714084
143316,0.072556145
93417,0.17754269
140650,0.944293
74526,0.90711904
20650,0.095446475
119639,0.661373
120178,0.059122827
124394,0.09546891
14362,0.8639426
85878,0.1316793
53364,0.5293977
86153,0.058566008
118775,0.06885099
108952,0.14080817
12865,0.23885483
2854,0.15576325
33411,0.57414055
107926,0.08878836
110825,0.3182465
84143,0.14938429
108745,0.3268033
146211,0.6090958
134588,0.35148534
39,0.36032748
106074,0.06966647
113098,0.21926966
72373,0.2280351
43610,0.1823246
140506,0.12760718
88419,0.24273548
38667,0.8982336
100780,0.19141445
107215,0.15064514
70876,0.13459139
55416,0.65021545
84833,0.05252107
2510,0.5348974
35601,0.2478031
149417,0.101672426
3016,0.57527196
108736,0.09796609
134110,0.25278684
113744,0.11059857
79620,0.19286357
116902,0.9779553
147894,0.34437513
32363,0.15645066
92998,0.4799767
99620,0.44198266
49559,0.15218568
109254,0.07650189
108052,0.5544253
115532,0.18358344
29286,0.5412469
8350,0.74609095
84973,0.50831276
66758,0.16074364
66400,0.07003837
72083,0.04678236
21586,0.2830949
75947,0.9046298
72106,0.0789783
145365,0.5091857
109610,0.18549244
122037,0.53242254
110103,0.12501192
96734,0.7951059
101496,0.07334221
78544,0.5649613
44956,0.0604429
141697,0.061050583
25344,0.32707313
112551,0.05372597
137490,0.08749997
89369,0.17130633
79896,0.17852105
87836,0.12517741
130545,0.18086465
6416,0.15333837
80438,0.11657138
100859,0.19404016
91033,0.3077059
105937,0.13839266
82417,0.3211259
44297,0.36647946
54144,0.22640604
139341,0.09963837
115402,0.44337606
28835,0.38707775
115261,0.6487488
76229,0.08733174
93590,0.17490654
57198,0.1482553
53434,0.21440953
129683,0.7370802
66931,0.4244186
146306,0.09083816
21017,0.9075498
53584,0.39637974
78237,0.10802181
36117,0.69516534
32677,0.34254926
2429,0.69657224
117841,0.035597425
60935,0.06970152
103273,0.10003925
69324,0.2808282
118687,0.48439872
103614,0.090680525
142741,0.4296292
121492,0.12232834
55543,0.12745845
46597,0.7881484
137057,0.07188839
109235,0.06712987
16786,0.5864801
132935,0.10783474
113409,0.37151808
129232,0.50171816
79186,0.39364806
74026,0.28143764
13912,0.28314176
128148,0.5517391
95145,0.44441184
128625,0.9279987
71813,0.7270005
92014,0.14788985
133131,0.46163714
124825,0.17376845
96274,0.4113252
65060,0.20275843
126996,0.43910164
53478,0.16156551
140008,0.30488303
72885,0.7611335
73122,0.8083801
106061,0.9611402
148095,0.08120167
58751,0.6803477
39073,0.22631377
57110,0.0639314
125221,0.2497856
84964,0.1793436
94585,0.054002162
88971,0.14302494
21850,0.33112237
134450,0.69119936
2924,0.7146379
53917,0.5840246
68919,0.05048527
127404,0.95430094
108668,0.052130003
148025,0.11181927
15652,0.9582416
11141,0.5630181
116536,0.4207023
75408,0.369409
64612,0.32106438
14818,0.10541219
122645,0.11671316
95442,0.05201534
96087,0.10418081
937,0.27189714
36002,0.23244798
111181,0.2308645
18813,0.15391187
80047,0.5289717
57251,0.8369731
148009,0.095287316
882,0.12206454
3984,0.59151965
32024,0.17382874
23483,0.49114877
34445,0.6731393
10432,0.7212151
42921,0.8661908
16635,0.2699818
46558,0.097276576
114797,0.119581655
53118,0.11944369
131057,0.11792934
50011,0.113230325
79918,0.086741574
7743,0.07943956
124913,0.31659263
19413,0.95595866
19798,0.112808004
67779,0.26812097
62942,0.8357444
117339,0.9248914
19127,0.39382574
61443,0.14743292
91321,0.13002424
39150,0.5404349
7964,0.22690134
67684,0.6748973
40172,0.870152
55128,0.35298437
8166,0.17682286
27683,0.5116409
70577,0.13111138
115411,0.09693067
47768,0.30458188
144526,0.36272463
128011,0.3121253
50747,0.91941315
134766,0.19653706
9893,0.6659324
65825,0.568342
24653,0.18519287
45014,0.51747286
141485,0.9534574
79234,0.71144557
108146,0.59020907
136408,0.1184403
51663,0.22042409
73175,0.05135827
27945,0.64470667
26573,0.97805005
20627,0.35648838
87523,0.17335099
16739,0.07707428
141511,0.12438715
131007,0.41446528
121402,0.53507864
81543,0.087668285
101709,0.071218826
48097,0.3204561
1525,0.4365316
145850,0.07841999
57000,0.08565653
85115,0.08912395
109907,0.10876708
126332,0.41049358
32325,0.1836683
109823,0.21062514
132305,0.10353622
17603,0.09346031
80395,0.32939243
25684,0.14026406
15033,0.11504487
137236,0.113471836
94545,0.096480854
98070,0.8786221
65535,0.9456249
60634,0.057248637
83423,0.1235606
111734,0.32105485
37613,0.10896813
11622,0.75464886
14623,0.24058302
145003,0.0386967
33017,0.05323337
125581,0.46055612
27545,0.16746065
31981,0.16668972
93592,0.72532535
129578,0.74068636
105066,0.16252169
109504,0.21187142
56251,0.37397662
106720,0.24376704
8554,0.18014367
31664,0.08446249
122442,0.07905965
28283,0.57569396
12147,0.44279084
90663,0.9318326
78080,0.16851497
124941,0.1616187
130310,0.18200019
108057,0.11286485
145015,0.6895112
65688,0.3080599
115298,0.06975124
79655,0.971402
17358,0.33511993
42744,0.23369366
33310,0.06270043
66799,0.6667988
50963,0.2909624
130615,0.6508766
100739,0.09132342
126073,0.3779141
40933,0.13070318
47523,0.97580534
134647,0.36273426
93984,0.16055937
128811,0.47347823
131525,0.29275972
22011,0.15021358
111944,0.09693879
127751,0.06041126
98406,0.66552174
63905,0.24619135
111447,0.4544368
99312,0.08971355
69455,0.1309602
1769,0.084748566
58496,0.20129205
86988,0.15026578
34411,0.1654623
100769,0.16551174
136478,0.44524878
131656,0.6146365
80570,0.12891676
82357,0.131191
30783,0.36965382
20975,0.07533438
124629,0.10966354
74963,0.13437802
136755,0.087680966
36776,0.14884125
8509,0.18634827
24221,0.10201934
140775,0.069181725
126825,0.108522885
44921,0.05256001
95744,0.2720816
73181,0.8691009
2421,0.9054797
134843,0.38290694
112998,0.15473011
76581,0.31270167
91538,0.4414475
76641,0.15225744
764,0.20419528
23195,0.08750901
2259,0.109146796
53441,0.09751874
77116,0.13522899
33319,0.49938515
143832,0.71752816
76339,0.6152744
12359,0.4088272
96553,0.12643287
124971,0.061061762
60930,0.49061272
31000,0.10566071
74057,0.372529
80271,0.056448314
65266,0.68614215
60927,0.55660295
46710,0.06977386
94150,0.6117523
53153,0.6697354
56756,0.06913715
83241,0.08211283
64164,0.12957676
119352,0.08719227
108150,0.26486808
78705,0.059670303
2207,0.06626241
126563,0.81189865
44460,0.16449635
111021,0.15730776
92272,0.121232696
85029,0.3559633
146270,0.28204685
50063,0.4401114
17073,0.5979145
119744,0.2978785
124299,0.54493344
132590,0.2727494
51371,0.11913987
115239,0.11565241
64987,0.4072426
108451,0.6371969
116359,0.079972826
102851,0.12916669
128134,0.5895287
125563,0.43711036
16762,0.3685659
83863,0.54984826
112634,0.38802657
2712,0.13518539
61315,0.06889869
61353,0.18948993
19408,0.1559128
98671,0.050567683
15466,0.12250495
75307,0.13247658
55988,0.13315475
79023,0.2671062
62917,0.39277297
77758,0.39975804
47560,0.96888924
40288,0.11921002
69447,0.083548926
57280,0.2704425
17626,0.85418427
79472,0.2552044
11912,0.38054246
54475,0.88933104
129303,0.57213336
9926,0.16745338
31066,0.68611497
10973,0.1027763
13497,0.15152667
101338,0.28864747
52316,0.18578501
9311,0.13580787
140791,0.58443296
19573,0.626193
24959,0.22939248
38430,0.50566065
81448,0.07217687
60570,0.08563588
42183,0.31612748
34831,0.17245707
30302,0.3151159
110433,0.12545648
59966,0.2601146
63247,0.9243742
102507,0.6774027
81388,0.06849506
140269,0.3208925
79751,0.4997221
55627,0.089865886
41587,0.092707664
51360,0.07209697
65606,0.16240284
1721,0.09882367
94193,0.27333218
94120,0.41814503
40466,0.30317968
108516,0.07075603
103715,0.07724451
18268,0.70037353
64627,0.5185841
73570,0.064785145
107862,0.06814813
89243,0.2119602
5026,0.1074391
54013,0.51489604
143887,0.15024798
75267,0.8919482
66518,0.0701726
137284,0.28257486
81533,0.8221356
57896,0.17799184
146285,0.21798068
146493,0.2863257
41641,0.17643556
8489,0.56159747
19439,0.19776665
23389,0.049056854
120521,0.90401334
122063,0.045888662
68794,0.55972266
10957,0.7540539
147172,0.06213187
81218,0.13350296
22605,0.14984946
70914,0.15639333
68815,0.21439484
48987,0.53102046
19162,0.17574733
16175,0.13968995
128158,0.15872696
108221,0.65853876
46501,0.068449765
34431,0.28416306
83487,0.27983478
126050,0.079720385
58084,0.1780263
139592,0.94700146
24294,0.29370472
135405,0.24770868
72946,0.33112237
62403,0.10192172
40112,0.31692743
122169,0.111175366
89953,0.43110725
47588,0.32119685
56586,0.08025634
83297,0.32747853
110586,0.653866
47159,0.08931492
140902,0.690859
75904,0.071550764
87008,0.94364536
92256,0.16140595
24330,0.08836094
107118,0.106571496
83292,0.72343457
94378,0.60853416
95472,0.074447446
16748,0.23533547
70036,0.2127854
55620,0.18314232
95393,0.16567673
127634,0.094485186
29181,0.1734832
142618,0.051463135
75628,0.24249008
57206,0.40846786
114350,0.11332083
85459,0.6899484
136855,0.14407448
3924,0.1391356
96726,0.8236918
100920,0.29750627
32810,0.93749636
118405,0.21486339
99939,0.05958612
27712,0.06598279
115372,0.10085532
111123,0.17352566
71634,0.22671957
29411,0.26042703
71087,0.872342
31857,0.21353751
13312,0.3396856
20974,0.21911511
94227,0.20670679
59283,0.18368888
17727,0.19245577
37507,0.30927312
102763,0.53503025
146488,0.089232765
118829,0.12437467
30457,0.14309724
39058,0.64888865
107902,0.94543195
92224,0.52643037
126934,0.15233994
34984,0.9389698
42461,0.67724866
85668,0.6635279
36934,0.32775745
22731,0.15305525
100642,0.19151182
46164,0.17549276
19295,0.1327873
37404,0.1500384
20595,0.116561
45548,0.08994114
108892,0.0926636
67163,0.4763379
130001,0.07551986
43995,0.10398287
58763,0.8062839
12258,0.12711921
70011,0.7477572
73842,0.072373666
138787,0.5572712
33992,0.9276116
146476,0.13626753
73987,0.68711084
143163,0.30678114
131885,0.6882061
74339,0.22071493
91918,0.06294358
70152,0.38749936
114639,0.26701036
88837,0.294924
93528,0.08655562
75861,0.37931174
98661,0.1547453
24472,0.13620335
9753,0.14520946
132648,0.75908947
57146,0.18808867
115459,0.06419096
81073,0.9040944
149520,0.18084845
20985,0.27847224
76628,0.1741797
147851,0.2754568
104963,0.35814303
83113,0.32198763
9315,0.10024073
14079,0.06573267
71617,0.2767459
32929,0.22087254
124525,0.7589764
83161,0.7071501
22648,0.1428989
88001,0.06629595
78487,0.078561895
44900,0.4543004
130143,0.1470339
64003,0.43119195
127312,0.034767132
120000,0.15142824
104714,0.7157812
15926,0.35343748
77816,0.52682173
121383,0.26591
23227,0.6531626
5030,0.6604117
117972,0.3114453
61290,0.91458046
57724,0.15010338
136689,0.43172234
147708,0.4346772
147360,0.095017135
109613,0.837293
16754,0.5324572
30623,0.12155358
72438,0.51361686
86629,0.4834616
92765,0.14988664
54822,0.64792293
108803,0.19394286
131121,0.09388801
69521,0.97898054
8744,0.5079016
62378,0.06786959
14277,0.058306187
95133,0.06567033
17754,0.37461686
87570,0.80034024
71757,0.56858844
52969,0.12360903
57295,0.10187308
28388,0.26606047
19849,0.5915168
46198,0.14213485
73233,0.14599365
34351,0.60019076
124835,0.1280105
97587,0.106730595
35989,0.30953196
73702,0.6956146
43495,0.68410945
114447,0.14136566
79669,0.7193738
82678,0.8969595
28956,0.27772537
95908,0.1889855
7327,0.64046395
4556,0.18416473
81377,0.17580059
25765,0.92515063
8993,0.662654
41264,0.6697782
62089,0.165083
127093,0.5046784
62708,0.51714367
62260,0.54133534
98357,0.43068895
52254,0.2535555
76104,0.25425634
51691,0.21929066
35258,0.061104644
139600,0.7244407
19632,0.52784044
96240,0.20841108
25102,0.56062055
65350,0.1118959
122933,0.5760874
60441,0.41080812
102157,0.14739342
53977,0.0746457
4146,0.7376585
122163,0.28241435
95350,0.97466916
113242,0.06872301
37651,0.13393444
51348,0.58714443
140297,0.069156215
126039,0.07514021
116197,0.22847882
18505,0.3170239
31221,0.08774161
122541,0.09663977
27323,0.29569933
145041,0.18105581
33580,0.07115556
80549,0.5333958
89876,0.494629
96320,0.27390212
6007,0.7226189
60895,0.72906286
140753,0.20338437
61319,0.14017941
89239,0.11937873
132997,0.27006447
88405,0.6437092
40562,0.14978987
125720,0.16182122
22374,0.36099717
53846,0.48288685
72320,0.117510654
35812,0.51139575
73713,0.12866709
83490,0.31176114
3229,0.19706291
101692,0.121848695
85728,0.6839524
50340,0.1678783
24326,0.27057633
79143,0.056523375
28465,0.108653285
96765,0.10879496
71163,0.06839106
66817,0.25297424
55995,0.507851
119863,0.93926734
3615,0.2781107
135002,0.6002809
149704,0.08449303
52680,0.14911017
67831,0.084767275
89240,0.07146255
37472,0.035768326
94338,0.18330052
86686,0.93092895
117875,0.13957506
48825,0.12461045
108998,0.10886892
134343,0.3855155
88575,0.14574768
132129,0.2130664
32369,0.14971408
48054,0.07051585
85827,0.4264051
143194,0.52589536
107811,0.10964539
147147,0.040646963
145568,0.09391487
118350,0.30741775
128443,0.7073177
8749,0.68763673
55456,0.16091661
17391,0.055200495
62723,0.0644259
118353,0.35716438
44858,0.17067483
35444,0.06832384
97275,0.15447865
3300,0.14859928
63439,0.13313225
149358,0.13690576
38242,0.17310333
43288,0.044674918
55818,0.057759073
43134,0.13089526
98724,0.16409913
8223,0.10822215
140367,0.41000172
20249,0.37621284
115939,0.111492
66374,0.88667583
134445,0.11733485
144501,0.13951412
57919,0.7767008
146169,0.065874316
67800,0.22372392
147411,0.109452255
9972,0.3316345
44270,0.11480533
137760,0.15621674
132555,0.33716193
28453,0.9689993
76157,0.88923115
43046,0.4282155
127684,0.5248231
67011,0.42710966
133290,0.07607652
121194,0.16027068
51973,0.3759502
133071,0.9337647
58879,0.24958584
8289,0.1304129
27939,0.5250672
141594,0.07900459
33398,0.075295575
67207,0.06405823
106961,0.5831504
133429,0.035098277
115285,0.86242455
36528,0.69851017
23651,0.15596093
26408,0.07173464
96434,0.100832224
95749,0.06309796
67955,0.088598184
4308,0.08925585
105276,0.46707344
57204,0.5808721
140571,0.22338471
34156,0.14932722
7200,0.9115893
58463,0.063922524
82765,0.078873836
73396,0.12896569
30799,0.11692452
23397,0.057593048
87509,0.5220241
67833,0.4439788
35671,0.6526896
117949,0.20393392
110255,0.29770562
47725,0.14251813
139604,0.11853914
147930,0.71128833
47487,0.16801487
114963,0.37451395
2950,0.04751436
143756,0.83213884
8711,0.061697476
52057,0.063510574
117380,0.14167997
112075,0.88612944
32679,0.4368324
26413,0.45523372
94258,0.12702985
96038,0.34272197
32103,0.11264299
98553,0.4276834
29101,0.15140632
90962,0.7417475
129846,0.5779523
88704,0.42769668
106895,0.11960911
84224,0.15153049
27236,0.11365201
8703,0.07534874
96862,0.093714505
60742,0.08517375
120283,0.63915217
40687,0.11319148
112716,0.5640916
3433,0.19646205
134634,0.38338506
113728,0.34870467
95410,0.5423053
25895,0.061658803
26155,0.06607108
32031,0.45657218
31307,0.3225122
27802,0.10777511
37252,0.5227472
13911,0.081813194
101864,0.22598529
11505,0.49093235
95999,0.058549803
68103,0.19236279
70749,0.064398274
80407,0.18730554
2878,0.88107044
144519,0.09777072
41691,0.49983132
106948,0.27482376
66261,0.16756181
135236,0.14443946
147641,0.0812028
101887,0.9225922
12720,0.49356487
120027,0.16614346
107640,0.5816923
29284,0.31995487
75501,0.12804092
31347,0.10147746
139966,0.0729954
57518,0.40792957
52374,0.41923746
63856,0.0853359
90302,0.089694686
9146,0.17504604
93644,0.6222629
20317,0.055250265
147755,0.43800586
113575,0.94230753
84264,0.09319736
136235,0.099123344
33588,0.07389488
138748,0.4018903
76858,0.8474694
56645,0.12217419
59679,0.77766144
9327,0.27183485
7852,0.44916365
102547,0.38866103
1205,0.5032805
74144,0.09991812
102046,0.24173024
110245,0.3837146
50048,0.22476964
38487,0.33006248
53461,0.12879105
34955,0.46296924
145923,0.44720668
115292,0.16506152
146538,0.1055842
138938,0.08072402
98409,0.39863732
89206,0.103953496
70852,0.047185495
133562,0.19955243
121205,0.86224437
17840,0.8089235
32158,0.124773376
22845,0.07078099
98224,0.17356367
122655,0.105248384
93856,0.2525342
71226,0.5332927
120711,0.113450475
54282,0.12155283
130005,0.4020362
148880,0.12675184
127217,0.12084197
9349,0.28138724
133250,0.12478713
22134,0.8947163
50793,0.078178
33462,0.075560056
80711,0.09695373
121997,0.524084
76059,0.3078324
48103,0.2324018
40108,0.6584261
47233,0.49092314
41201,0.61884284
65742,0.26063758
44523,0.5088518
13302,0.08402778
20415,0.14003654
45787,0.62627834
110037,0.086334065
16350,0.22120316
54273,0.17692927
52645,0.4931644
3785,0.21939261
118292,0.09600175
141433,0.5189901
81493,0.21210189
106097,0.086188875
131768,0.04987641
69057,0.82988477
118122,0.20677447
31929,0.07167289
131538,0.6378763
7954,0.36171812
26135,0.093381435
41047,0.21871912
130905,0.9299119
83322,0.07738475
130014,0.93512386
53651,0.20399322
48342,0.84238213
91649,0.9299427
108410,0.21008259
17645,0.12085364
48225,0.07518776
98622,0.8578361
130854,0.047189496
37896,0.27971655
46352,0.26693898
3395,0.11316829
78002,0.11213023
109293,0.09942523
103407,0.10097178
9677,0.09974087
76830,0.356181
74896,0.059669476
76649,0.93770105
2422,0.2884614
135496,0.6905801
145620,0.060092844
39544,0.08864971
22851,0.124891676
51325,0.17622018
34154,0.19213869
16430,0.044530638
129715,0.14186879
111279,0.118725136
89754,0.80550313
46565,0.10925761
129124,0.08606474
71326,0.30811268
145896,0.43599874
82995,0.5022288
86049,0.44246355
37644,0.3833354
133352,0.656306
3213,0.38808852
659,0.073442265
103781,0.15589301
103314,0.47978386
17655,0.16030951
90806,0.149904
109883,0.066588834
94706,0.57752615
91373,0.14459106
75646,0.08906045
79220,0.09737701
83847,0.12362848
31953,0.14895703
62223,0.7042197
132034,0.15092352
119591,0.1157394
142683,0.5059423
119590,0.14791548
52994,0.4024317
56934,0.48955652
137906,0.31815264
5063,0.7449689
83451,0.93734175
119161,0.13704668
113134,0.25640288
141620,0.17745826
144693,0.103113234
80700,0.05776083
11275,0.5297832
84998,0.49251696
29390,0.2216964
93004,0.32218784
42274,0.79670113
15321,0.58412415
11405,0.63176274
64223,0.8574346
110524,0.25681934
134735,0.06371442
53706,0.124222904
126572,0.26909545
53420,0.07000195
99429,0.105002984
8730,0.106001705
128377,0.34600207
111120,0.5649068
115933,0.9084995
25226,0.091852255
11490,0.34878653
12403,0.41715938
105721,0.9736466
8061,0.643436
149443,0.095266104
88483,0.32208368
73525,0.56686026
73619,0.5056221
77919,0.14876656
9269,0.15478757
104358,0.21180457
82629,0.8137554
1985,0.079208545
139415,0.07433942
89453,0.20397538
69196,0.21376646
140501,0.064749986
10763,0.95347387
136087,0.65664834
42733,0.8704756
35320,0.04805582
17574,0.07997872
93504,0.20090222
60624,0.73533106
87742,0.12948833
66447,0.10185357
75169,0.2927888
131027,0.21899214
42609,0.06411757
18284,0.14507745
45893,0.30019918
37072,0.8574587
141959,0.11416487
93402,0.6872126
64239,0.717474
136274,0.091548465
17693,0.07789007
49785,0.23495196
72237,0.48669505
79116,0.58308595
80713,0.21900603
42483,0.0877647
13573,0.93965834
60521,0.84283775
93721,0.10944489
32364,0.29373983
1236,0.28019947
123581,0.33783755
113055,0.54044056
14219,0.11243911
130348,0.07460094
44534,0.08512307
82952,0.2727004
41217,0.42001885
84460,0.0988606
22732,0.13093814
139614,0.26722744
78132,0.4407475
141025,0.2976666
13951,0.09895387
37958,0.3122189
56745,0.15560709
46262,0.08159
6363,0.5115304
147741,0.14604019
88051,0.2868641
55969,0.089491606
44323,0.46226844
51345,0.11295121
145190,0.10225635
70816,0.1310714
29380,0.6917327
39652,0.24004273
132138,0.12859331
37198,0.8632472
44281,0.092709795
47289,0.13426574
31637,0.06339078
5571,0.1166924
123398,0.62316346
140396,0.09352248
67405,0.6215075
17296,0.3990012
147693,0.12908608
141851,0.48156777
116248,0.115782194
110293,0.53425986
137168,0.61639386
69679,0.2819731
72700,0.057519145
70850,0.42102423
74693,0.7300107
126437,0.41938126
14931,0.83251154
85887,0.4362583
87875,0.07462761
124264,0.34450433
141293,0.109954
71608,0.15789919
69549,0.39835924
23860,0.11432161
35303,0.16208214
36638,0.10067782
8944,0.14576627
46154,0.28197387
9902,0.19984284
129384,0.12966383
89714,0.35872865
39145,0.09717353
37547,0.09100216
126792,0.09796286
62237,0.90252763
102053,0.39235193
41216,0.112481155
43520,0.1464864
104891,0.05313402
7067,0.14303842
22992,0.13747913
129276,0.13665022
19489,0.66198546
149027,0.09497481
132313,0.26643926
46943,0.60185134
90653,0.7238898
94351,0.14005123
100567,0.61993444
108517,0.08821789
141360,0.18254535
106113,0.062328573
5095,0.10942154
22996,0.09639058
104870,0.10536312
74608,0.24995953
122613,0.03750917
110812,0.15429418
90982,0.09768612
4056,0.05418514
87037,0.63399136
54580,0.2555842
112527,0.60225636
6115,0.5400515
99014,0.058806796
55863,0.0768215
61701,0.20730004
109459,0.31853497
24985,0.45627317
80503,0.42815936
133823,0.15305449
41620,0.08786761
133691,0.2157217
74572,0.149037
103432,0.45773038
85529,0.8637461
91544,0.3636718
42062,0.17063591
133825,0.09273719
110381,0.7843496
105212,0.14763291
113444,0.44842187
43629,0.15568063
45628,0.6991444
64959,0.053889744
95215,0.2786972
22849,0.11509563
90618,0.0695247
103032,0.30107868
119447,0.2802242
58779,0.8252632
119872,0.09671917
54413,0.3046624
117987,0.57498574
106533,0.9224879
143877,0.23805328
91861,0.28342104
76001,0.39005598
65096,0.30226615
76727,0.5177708
22570,0.3136318
137071,0.20044486
142456,0.11635385
123397,0.07842633
120683,0.242828
129535,0.07230474
30998,0.34382144
125853,0.13346544
53379,0.47018084
101247,0.10377461
120450,0.18820108
66354,0.107564956
77943,0.30288664
129194,0.2559855
144589,0.12853764
75876,0.57035786
55397,0.5825198
80354,0.16284823
100359,0.13915472
53404,0.7641801
32104,0.14834958
22110,0.12618257
113786,0.11784382
92663,0.17702773
29426,0.3006718
103106,0.8302724
147899,0.12109831
61393,0.15350433
43146,0.056599382
40032,0.63357776
12431,0.09891279
27976,0.11250415
5784,0.20393082
46362,0.10558648
130997,0.44873706
115952,0.5419956
5101,0.06412923
25514,0.9254313
41711,0.19286396
30018,0.223206
101136,0.48061764
39593,0.19959159
43071,0.32452542
88738,0.6468056
140194,0.110422924
51408,0.19322418
35168,0.036659513
8017,0.14272359
48783,0.09468408
2521,0.10778906
145311,0.14803527
123002,0.5795338
30428,0.9327832
44675,0.31093666
142418,0.15353438
49129,0.111963056
45317,0.65766686
66189,0.22465931
89260,0.26450515
114906,0.08250103
93459,0.073632106
81051,0.5566482
11122,0.16120982
148990,0.13872609
70035,0.5925496
103162,0.68079317
39661,0.11569823
113920,0.10255873
56221,0.109855644
92809,0.18046917
15506,0.80233246
48242,0.8556187
18354,0.18973231
33956,0.5341833
81760,0.25038004
140820,0.16437897
52381,0.6337688
43354,0.35421166
73805,0.058148842
127076,0.37524855
114115,0.09254065
148285,0.11205983
58914,0.40104228
62827,0.044069994
44598,0.28309798
109234,0.35511062
45960,0.07517761
140207,0.17226899
129267,0.08794985
113046,0.16077696
4524,0.20664427
118849,0.20498659
40422,0.25275669
83914,0.23258817
130184,0.14505182
57395,0.083002515
98699,0.5169179
123001,0.12050944
87957,0.12321064
113587,0.07541075
124540,0.2526187
51852,0.6018623
112784,0.27124867
47267,0.22344372
76507,0.5595654
122273,0.17801543
89570,0.101070434
50160,0.09017219
15641,0.05281012
38926,0.6422909
79034,0.13285837
59518,0.23340045
128695,0.06870769
93696,0.12059298
62354,0.43099797
7729,0.3767628
3808,0.25462103
28270,0.055120036
36360,0.10415861
58181,0.06354672
53775,0.24236232
50821,0.23854564
58497,0.38227913
49961,0.16692339
77142,0.11029696
37864,0.040752813
136040,0.4864265
115718,0.46270108
51043,0.9130973
38220,0.14239796
61514,0.079689465
13486,0.85549176
143399,0.75535566
72171,0.14292194
70450,0.4069664
48358,0.29409143
28780,0.5887436
126387,0.898711
142667,0.06898545
87405,0.17730659
84699,0.28878397
69680,0.11420152
133218,0.8990778
49098,0.38606283
77103,0.597842
58268,0.09883443
38988,0.23844935
38381,0.54780084
37941,0.5365076
98106,0.89213717
117440,0.7006683
108419,0.95063496
148857,0.27476814
148812,0.07249659
43807,0.53964907
57992,0.12550166
126826,0.08421837
136143,0.6317105
56878,0.14442606
129345,0.08080479
115087,0.6364167
127140,0.07566891
75913,0.12470961
71931,0.4479924
26022,0.4388066
138605,0.2685192
33909,0.84549844
11323,0.21630296
103155,0.14142247
10460,0.19824836
149305,0.80779696
68022,0.41559651
131857,0.20212154
38210,0.11988987
95113,0.30689606
34058,0.102670796
131494,0.2997836
73605,0.1547093
126006,0.17435502
4274,0.07551519
108588,0.10281639
51759,0.1586579
19467,0.27961457
116012,0.46924224
1006,0.5404295
47273,0.8921564
63175,0.57443666
35136,0.8673815
137939,0.5647429
79540,0.937828
146321,0.2546924
21469,0.19862702
73186,0.6552739
96177,0.06365177
62017,0.07047074
80034,0.3306708
124381,0.12629883
110984,0.16742963
130199,0.37811294
68175,0.14718118
112221,0.3320801
35654,0.3242517
13034,0.17506243
9181,0.1446668
87121,0.19966826
62416,0.087376766
547,0.14442326
136675,0.2502777
12355,0.41620943
138970,0.11067648
127792,0.09076291
34356,0.27998927
81758,0.14868313
19411,0.12956966
64723,0.104082376
56038,0.23411797
24085,0.8406844
83032,0.37505025
98779,0.3557465
71065,0.058888756
35363,0.9489887
53689,0.94700295
80221,0.5148484
46118,0.2865452
114754,0.59832805
32269,0.5553502
45770,0.29735842
74190,0.07471885
29728,0.118356705
90465,0.26739544
43567,0.46549472
85537,0.6487885
40591,0.6305418
41635,0.20396532
115643,0.10651094
104768,0.21623722
119039,0.14712077
66345,0.5388165
101954,0.703624
147328,0.56973505
90036,0.19279385
48356,0.10927037
47813,0.22314622
14209,0.13681032
44480,0.3189669
52744,0.7711362
146621,0.057635095
51538,0.800489
5945,0.6014295
124191,0.08790547
50224,0.08151258
142165,0.117991164
56650,0.59473276
94870,0.120233476
80727,0.78888553
109042,0.21564554
32598,0.22387397
55792,0.111205526
90985,0.07216099
131542,0.6502602
17809,0.22464651
113948,0.043962438
147931,0.13531303
36976,0.20720029
106400,0.09280502
28758,0.13565043
105062,0.68081474
104788,0.42032176
139885,0.5051445
3906,0.11034393
140361,0.16162045
28000,0.110121585
3843,0.09195591
75559,0.74883354
106463,0.16704209
49598,0.3064569
9234,0.1116667
7661,0.109310836
111237,0.11437391
117269,0.17816532
139894,0.5019179
93737,0.24638045
89680,0.19107808
44896,0.05040602
99949,0.24892603
58506,0.21549326
106975,0.16205668
141528,0.082137376
48670,0.39354607
146609,0.13497493
25098,0.219107
2106,0.85114884
68350,0.2645347
88770,0.57189083
147789,0.15757963
101128,0.9745885
117621,0.21875991
54540,0.7780369
52943,0.085397266
82705,0.074108906
138999,0.05410648
104646,0.528145
19455,0.13114962
108175,0.1704177
65782,0.10483598
95537,0.071523845
19134,0.061385028
147689,0.17177632
74392,0.55812305
120049,0.25783134
148728,0.620064
118788,0.10082873
45781,0.6465974
17165,0.096626475
109326,0.039659183
15071,0.83568376
137420,0.43884757
114009,0.34319562
59955,0.6622173
4695,0.09544658
89884,0.18636101
5221,0.6234433
31261,0.77468795
43924,0.47098985
55038,0.08317689
91554,0.08846609
38390,0.85528225
9721,0.08944286
76775,0.103471965
141119,0.3024324
63868,0.7001727
37141,0.07762486
53450,0.10530743
61619,0.053752206
136811,0.14372116
16715,0.07691595
49501,0.6912755
101473,0.25453913
94958,0.27468246
62157,0.22432922
110734,0.07569805
84328,0.19642712
145124,0.9793596
83267,0.09213154
58456,0.30574983
110163,0.085597806
129655,0.054951556
106280,0.07732747
115986,0.93890256
95143,0.5860889
77382,0.882898
50572,0.07582411
34795,0.11241504
113549,0.09704603
53098,0.52588046
33172,0.18685661
52663,0.06930273
67539,0.25086704
124933,0.14322606
51854,0.7489862
72725,0.79261804
119459,0.04441861
8537,0.26513147
111486,0.12188743
73684,0.10622375
18076,0.09062298
100922,0.08435185
135153,0.14335252
65274,0.11798485
50153,0.11068792
34608,0.083430104
39386,0.084799476
107849,0.41937676
83342,0.1960529
104058,0.09428655
142127,0.17879106
98816,0.6179081
48052,0.13967483
30715,0.452892
147905,0.36465138
71057,0.72133094
44314,0.2850301
125943,0.15207277
91278,0.10762641
80080,0.09396807
54950,0.06862189
119245,0.09098728
136417,0.8291274
137193,0.24660157
82698,0.35526732
14677,0.102858946
87927,0.05387815
82660,0.37268046
112477,0.5584719
93650,0.95789635
104117,0.6901921
83908,0.5345039
55231,0.4790882
109606,0.076437436
126323,0.46456185
135548,0.62567186
84026,0.269186
89711,0.07121474
72814,0.08400467
135976,0.6726399
69327,0.06553913
8776,0.11080906
41550,0.5362481
116027,0.36897773
101386,0.82330793
59163,0.45947543
95115,0.2013072
133876,0.17588268
132158,0.36476985
134848,0.044838887
148274,0.12865706
101927,0.12903802
67037,0.08869006
21008,0.055520102
40984,0.13350724
73341,0.0806218
5025,0.51065606
136218,0.18629842
68502,0.085292034
50858,0.091465816
27059,0.0799024
105767,0.6504725
95958,0.33132848
75945,0.11172057
12799,0.0733287
39038,0.5323936
149706,0.21136338
30145,0.19497462
80356,0.8365694
33552,0.2112279
78269,0.1828414
100572,0.2516318
97616,0.1798835
101696,0.3282936
95518,0.108562544
127986,0.48698542
26461,0.17037667
59745,0.07782044
38585,0.27983597
98471,0.17597227
27979,0.1323131
68321,0.0658733
54768,0.7300353
100610,0.07169754
64967,0.36641276
51554,0.14107707
105927,0.10771422
36883,0.5225517
36615,0.3845007
78665,0.22032243
35419,0.28169197
1944,0.33153164
47790,0.061313868
4886,0.98268706
125279,0.15617734
100440,0.098205134
129587,0.063928254
95438,0.07331731
92464,0.24528088
14614,0.40288517
143346,0.16865622
64841,0.03140018
88117,0.084694296
148851,0.17196007
46175,0.80068237
141238,0.5307506
16784,0.39107025
55540,0.16372913
23869,0.091713175
128080,0.22289675
69460,0.06540334
140615,0.36159387
110351,0.10454005
90474,0.08647719
82663,0.21453257
108325,0.6877912
73769,0.07629809
139856,0.10802369
121317,0.24095026
113028,0.4325606
118619,0.49369636
130020,0.347151
49540,0.30865955
30047,0.31081358
45301,0.38194558
128808,0.20140344
17019,0.2059906
85967,0.1088353
2433,0.11502115
5448,0.36273822
128604,0.058777742
110551,0.34032673
96815,0.13776095
91264,0.17813341
51662,0.17348628
142231,0.39030093
58118,0.8251978
98360,0.5979232
4495,0.51021874
106057,0.21871467
36286,0.19669594
106922,0.3055607
2973,0.30397105
101056,0.4744187
138478,0.12912898
114954,0.13458756
101366,0.6485305
83494,0.15708517
38132,0.12229933
119117,0.46386525
80831,0.0733398
114087,0.59072363
78858,0.33218756
89115,0.13128069
102064,0.25147462
82112,0.86728966
100420,0.24255143
35466,0.10637838
121798,0.8245744
101769,0.33065802
79943,0.6697697
78548,0.101152204
65236,0.1597359
81133,0.19616573
62548,0.06442685
125240,0.1793981
75350,0.097869225
47843,0.15214829
143236,0.2884029
108506,0.17050496
23398,0.1320838
141003,0.17411964
71559,0.2597195
145419,0.061656024
121223,0.1539917
45964,0.48707137
12672,0.07278999
84091,0.07925142
5750,0.66453177
112955,0.13843341
142893,0.7518624
14375,0.61845267
22026,0.7117743
80795,0.054557104
3383,0.55263144
79745,0.112631455
67533,0.09573133
67422,0.21093847
126885,0.96132064
41848,0.07300345
70077,0.2542267
93702,0.26083574
75310,0.11737186
120204,0.17766425
134326,0.41747212
113945,0.14893822
97215,0.25513804
121202,0.4155841
11113,0.087637186
740,0.930869
23804,0.38567063
104494,0.33992803
66663,0.06275197
17715,0.6204674
105864,0.786597
105237,0.08514879
1094,0.4757732
22855,0.41316438
122283,0.42265198
13349,0.286797
18113,0.11945802
143026,0.17839848
27784,0.18555395
72306,0.29909137
103735,0.35459372
32699,0.20063575
133519,0.52061164
18934,0.07834319
57799,0.06885137
61143,0.14806141
145952,0.20882902
6516,0.5157984
14918,0.55752426
17911,0.24419954
66024,0.10950372
25591,0.26177216
106901,0.14556344
72408,0.10689821
91631,0.5505771
88872,0.40627167
33631,0.1506553
95947,0.09541688
46858,0.124333985
11342,0.13939877
131785,0.27962798
89309,0.14223605
98291,0.5980472
95914,0.1847755
14563,0.48040536
83050,0.06360275
148361,0.113387026
65750,0.5200056
70695,0.1563222
116035,0.44033986
7427,0.73237574
48298,0.128405
76430,0.4561381
71902,0.09643061
44322,0.3044193
26899,0.0528048
47302,0.58935404
49130,0.1916144
130258,0.2331559
11876,0.22443682
116718,0.16624597
102420,0.05335296
26553,0.11790353
84541,0.19260217
84769,0.61001813
3807,0.078995556
57951,0.22868134
129968,0.2824771
46167,0.5056404
133450,0.27724382
82582,0.079998575
61617,0.085605286
47406,0.18842895
92688,0.35148245
54917,0.22437894
135138,0.62854946
145277,0.21587089
50751,0.2503553
128234,0.052880708
70313,0.1494325
15046,0.57282275
138182,0.40881145
67755,0.19797415
8871,0.17773949
41261,0.13866027
31186,0.97418505
74870,0.1689022
137601,0.078993164
8178,0.21756396
98560,0.42254323
18324,0.025441611
75159,0.1840114
56022,0.081387304
13773,0.20404059
60526,0.21063082
82782,0.097840734
114585,0.4446842
22915,0.32463112
57719,0.12452224
133554,0.28600493
30984,0.056187447
76200,0.27470645
90606,0.4561813
16875,0.34944153
114641,0.90130734
84820,0.47078443
29560,0.47415295
105157,0.7527687
86881,0.1208581
110761,0.15250123
80519,0.09408246
97089,0.47321936
91132,0.32323948
137662,0.13181077
36812,0.28022277
22627,0.23714031
39737,0.10714226
30993,0.10574015
108581,0.26183552
875,0.22936113
95943,0.1264617
111230,0.07450623
67384,0.6582322
140310,0.11129116
122626,0.16532803
113828,0.14885798
104118,0.18284373
58679,0.41096848
57889,0.37008062
66589,0.3626388
93012,0.42509446
115287,0.34118816
100354,0.23058143
131740,0.10899377
56359,0.08261789
128203,0.6305261
96923,0.08335623
131731,0.4473481
14292,0.29628706
120133,0.12988228
36102,0.23887572
1323,0.15077811
14722,0.42798313
42453,0.49568418
110135,0.3959783
64474,0.07098186
15914,0.19973198
73061,0.1928348
68980,0.2473961
51575,0.14191024
69607,0.2147804
103307,0.14237961
104704,0.28905073
64408,0.5822607
51633,0.6255861
97594,0.37362796
130150,0.6867103
75376,0.58707887
55605,0.08169725
58229,0.1583925
149303,0.0772245
6373,0.372367
120451,0.1758755
15482,0.9827114
72641,0.15803038
85386,0.25492245
128611,0.90901536
102508,0.63612807
64819,0.37146217
53884,0.22673012
100408,0.063197784
87794,0.13128106
107312,0.07497963
149008,0.40026796
108559,0.14649896
73295,0.2867627
48138,0.59496903
33897,0.2762816
97542,0.059056606
16115,0.13030383
4901,0.21674031
105388,0.06741486
136120,0.6145997
71019,0.97988826
128711,0.2746703
20703,0.62040603
7644,0.11712776
1876,0.20996253
29537,0.08237198
123422,0.19694029
105191,0.26478493
8905,0.22238524
75442,0.40133563
141174,0.39215946
135612,0.80647147
1540,0.10719984
46172,0.14577584
43797,0.08524575
6301,0.898993
123516,0.07928435
40076,0.13388526
93288,0.0695415
143721,0.09192806
10680,0.16205068
47171,0.29715574
108557,0.20882066
56041,0.5371247
138495,0.18509127
53564,0.1473298
80191,0.07193884
30190,0.43726832
96879,0.095122494
141995,0.28069735
118990,0.14239806
7777,0.66174394
27504,0.06807745
16331,0.53596973
39343,0.19887304
139623,0.25795826
51234,0.19549543
132594,0.6591352
144860,0.2047359
22681,0.24119772
49588,0.15533033
31383,0.36781925
55648,0.1816792
91157,0.1493058
16744,0.28903684
125526,0.08543354
52613,0.14073828
59927,0.09684907
100482,0.67351466
112640,0.8438101
126114,0.797096
36986,0.53369534
81938,0.59828967
93407,0.14460321
28113,0.1640924
68213,0.5653322
126137,0.6885324
78107,0.08942035
50347,0.86184525
45713,0.119655706
60665,0.55280215
149925,0.5643167
74208,0.5874357
122468,0.19356117
131388,0.03710551
97703,0.1398608
106712,0.13853444
44190,0.4918485
116781,0.4105757
40195,0.46803614
68633,0.4942445
141322,0.17964196
133229,0.2368137
29566,0.050357383
133126,0.35723364
34978,0.90863794
93848,0.57010543
100,0.051627498
63843,0.19315489
49078,0.36280832
75409,0.352629
102084,0.04378305
26900,0.15614748
91835,0.1623287
138862,0.04487179
50409,0.09756949
127027,0.6765465
77290,0.65648043
61492,0.33075422
49409,0.095210314
125574,0.5343946
87118,0.40829602
113611,0.068817444
57452,0.5633256
19258,0.43909028
109739,0.08762728
60349,0.39770424
54458,0.16503903
14141,0.20912397
36473,0.93686545
61099,0.05781887
4559,0.18751167
127727,0.08062171
56559,0.3994477
119187,0.6937767
56885,0.31555244
95950,0.08813128
141348,0.064405054
30401,0.396326
107006,0.071126185
119455,0.12509534
123419,0.08966012
63320,0.07700392
28145,0.09947765
50130,0.11508337
86112,0.0720166
32451,0.109821305
27613,0.2969267
130250,0.116666466
21509,0.21031445
94975,0.6244186
110904,0.79785615
110972,0.09608462
101568,0.21806529
29989,0.58295095
18543,0.13237877
72538,0.1592379
71257,0.18759349
47168,0.3430832
75908,0.15014204
102671,0.26735654
122984,0.10733633
43775,0.88865006
1585,0.16518235
15988,0.1335547
38258,0.43872398
17744,0.2700439
41667,0.05249884
107034,0.4471647
59776,0.62770116
64982,0.21561477
141243,0.86234945
79106,0.8839375
82748,0.20729384
25054,0.18784913
95244,0.15817668
63492,0.3503545
555,0.54071647
63663,0.12007994
98967,0.451219
8607,0.47969544
19331,0.11970162
85831,0.9218051
21888,0.21054363
147033,0.08912126
118246,0.38249186
52617,0.04700681
1393,0.1158281
39873,0.22128014
8804,0.5756704
122086,0.3662351
17548,0.16236316
120836,0.6737755
8878,0.12951435
135219,0.75507766
75852,0.05142366
121182,0.5689633
125991,0.47445473
86865,0.10954771
89553,0.30417693
76823,0.6781933
68139,0.15367764
80164,0.26655212
36848,0.052373316
73429,0.5032311
56920,0.0736591
93542,0.9241085
10169,0.64562273
132618,0.4976621
37777,0.20113695
15636,0.40485883
73259,0.5793148
20427,0.15122071
96465,0.6083682
137822,0.052805457
130859,0.09666832
100202,0.7888606
57496,0.21856093
21823,0.1688339
56342,0.5670949
96224,0.09429599
145470,0.7321896
137824,0.64270526
28696,0.6192675
34273,0.8404793
108768,0.17804982
17138,0.7899069
89464,0.5767537
13416,0.25574872
69727,0.21430166
72719,0.4326751
10930,0.10593738
122020,0.07096124
144926,0.70419073
54546,0.55561626
471,0.35322994
105848,0.6866417
120799,0.477047
76130,0.1332664
118243,0.2887085
8777,0.11317107
92650,0.07197161
18431,0.62738746
29663,0.08650159
90736,0.2536243
116089,0.28351063
52247,0.15035398
128853,0.0836627
115265,0.25693327
56279,0.15765397
136570,0.93934464
62256,0.30550864
102355,0.11395695
126445,0.20224905
36820,0.46953148
88758,0.21085623
111374,0.16799045
129041,0.82212496
97384,0.76089495
111544,0.12539585
115002,0.10534023
39066,0.17991698
112300,0.09269257
47819,0.34925967
136678,0.2848454
84636,0.5856491
95911,0.8974939
5305,0.16243109
80560,0.5874139
63877,0.108342186
57765,0.10712185
69643,0.13344681
141059,0.69792277
72174,0.24426968
19587,0.16446868
78942,0.1773515
132301,0.21708564
103244,0.11881898
123517,0.079621285
90812,0.36603615
20495,0.21253033
133684,0.5284251
72818,0.43843085
35369,0.5484573
4890,0.06409193
39726,0.23327959
141197,0.1598768
25564,0.13498881
137908,0.09596731
56393,0.068967715
126341,0.1571718
105116,0.4185011
32993,0.08013691
14620,0.27358904
62490,0.13499007
36046,0.16916066
121472,0.16340205
117945,0.4600272
144367,0.5934336
99654,0.71744597
81170,0.055896413
59297,0.10029497
73962,0.14937656
6641,0.07689549
99445,0.3720245
78890,0.19320306
122870,0.047083043
53982,0.5423386
79842,0.9395434
79546,0.10393942
111586,0.43777975
74097,0.32997623
56144,0.48729613
141012,0.2399159
50923,0.95308304
81035,0.064710125
87868,0.079914585
128027,0.2384436
26179,0.107161716
51474,0.06437157
37499,0.115555026
100798,0.06744529
89842,0.09199649
480,0.7289727
72000,0.10149079
135151,0.26679537
6428,0.1320528
17127,0.093728766
57498,0.86869013
55584,0.70082974
135022,0.2543489
84614,0.137901
130306,0.19609071
72653,0.76986843
18616,0.18354909
112984,0.10533881
129193,0.07779901
81172,0.38035437
147467,0.1256052
5605,0.17407796
33152,0.23203671
82014,0.9778529
92001,0.20228429
146494,0.5070012
110487,0.05424826
116965,0.07287063
43719,0.2349341
13520,0.20151399
45917,0.24490604
3261,0.07916476
19549,0.5578406
114408,0.31251302
35717,0.39370072
110693,0.047495198
56766,0.09932094
129076,0.67814916
52607,0.8485882
148085,0.21925916
64300,0.9335304
116074,0.19141756
11963,0.6883642
73853,0.22382313
104247,0.19427606
65506,0.35176075
5722,0.30484992
117871,0.186808
102324,0.86700183
117512,0.39064088
5177,0.20778896
1807,0.6847786
95828,0.51764905
7201,0.19446573
125449,0.074744284
28718,0.068812124
44788,0.61123407
122068,0.28354445
63767,0.12581807
31947,0.9284429
40375,0.6928491
80383,0.25248063
27233,0.1191805
78918,0.06461712
149741,0.20717038
5828,0.6464523
103682,0.13916497
36915,0.07036061
133573,0.17335579
63499,0.7061568
39001,0.43064344
114172,0.61273944
52557,0.06132435
75514,0.085683055
3532,0.07312077
89224,0.8835875
66405,0.13875435
70084,0.13613041
44269,0.10787997
5100,0.63548404
9070,0.10056064
92562,0.24590626
79630,0.073836915
87059,0.3031411
118816,0.27376124
119668,0.45523202
78776,0.60384953
79189,0.4362014
64220,0.25260073
133773,0.08824219
20287,0.85007334
28917,0.17083074
132077,0.26112387
93521,0.18999338
25519,0.612367
88265,0.23866764
105492,0.5772042
120662,0.19297352
98152,0.32668924
47319,0.22234413
69819,0.85067534
38217,0.076017715
52323,0.22779836
21024,0.96572536
9440,0.35158
2784,0.14445016
12320,0.12207524
109070,0.2479898
83600,0.2051002
50777,0.13806522
13129,0.3094252
29864,0.07542082
59455,0.15854643
136510,0.114091754
74366,0.31388605
121143,0.10953144
62343,0.12540866
70555,0.25189802
8969,0.11554307
148,0.5058577
8693,0.2555734
51879,0.32926628
32474,0.18526658
146481,0.079846926
35675,0.8226239
29708,0.1169696
66769,0.5012158
141541,0.9711737
16627,0.08960477
135703,0.08707162
87635,0.31102294
66894,0.15705691
39236,0.14400193
33847,0.1127115
42855,0.111111276
68445,0.54901594
89723,0.27143776
95808,0.6292224
118553,0.123369925
31636,0.4610408
19482,0.14516895
6199,0.08292736
125087,0.06539285
105298,0.042908844
126457,0.73721737
85305,0.95483243
135123,0.06914686
27565,0.18478413
88078,0.21879034
96608,0.72644734
137269,0.21038848
47820,0.11314438
147234,0.4666674
92116,0.10397315
114971,0.054531742
66478,0.48468736
97892,0.07452372
127566,0.09309515
80368,0.45534244
7885,0.20546132
83,0.16761875
100161,0.81696963
74406,0.10350765
127401,0.19981514
136728,0.15528582
48583,0.4032712
98692,0.67827535
20497,0.05933229
21151,0.6424261
111635,0.26905805
68218,0.13969178
144644,0.4134827
13585,0.9010557
74309,0.07513998
60313,0.5391577
8189,0.3010608
41599,0.81023824
31068,0.24458197
3332,0.21863037
109945,0.18605857
26645,0.14863153
144591,0.12108673
139486,0.45935285
136702,0.2721458
63526,0.11053199
139055,0.6467995
112216,0.32989943
21391,0.07890169
101722,0.083393335
53442,0.08545495
114634,0.71923435
33003,0.867251
105376,0.083469585
94603,0.2522392
17537,0.087931685
67789,0.1533125
69417,0.3312642
116512,0.4422191
87611,0.32011014
96629,0.11576767
127031,0.41530058
58641,0.4187527
33934,0.08447813
29624,0.20637546
111755,0.33346197
37413,0.83254975
130808,0.14425547
52849,0.32551748
149279,0.20288844
109222,0.053189624
103911,0.5925371
50766,0.07560028
6440,0.14981051
89617,0.06680663
143918,0.5379457
80609,0.7647634
70549,0.5742777
12254,0.063599914
105251,0.10227995
76966,0.14214799
116394,0.18910046
82145,0.16743498
37427,0.17244107
92751,0.71816486
77304,0.17965539
81726,0.058204986
143766,0.54353064
6503,0.07113337
122545,0.19908194
89949,0.12989582
42735,0.12048981
135429,0.22665572
127104,0.14805609
4485,0.13094386
23770,0.12585936
72740,0.20880024
31807,0.09662123
9594,0.28395307
68344,0.28392166
28613,0.24337284
15947,0.6461486
63706,0.1354378
101514,0.30454776
7718,0.274883
33271,0.25127754
43453,0.21544613
139659,0.2144679
6107,0.5938231
3971,0.3179603
62865,0.10519707
27208,0.2343061
129062,0.49380592
23817,0.20349798
15842,0.43815476
29848,0.22490689
119911,0.67097217
36477,0.25647104
54376,0.28645694
11908,0.24995543
148252,0.17476583
126439,0.5110382
103118,0.105928995
94225,0.4634792
16510,0.672571
54218,0.29584333
3246,0.39253494
49606,0.21836862
127577,0.4648032
90655,0.12954874
75177,0.061456293
147948,0.49201316
118846,0.63795644
45355,0.10946281
99348,0.06598997
142383,0.34538567
33768,0.5511197
110186,0.10994496
32240,0.1940502
45363,0.061150573
137775,0.1012871
57298,0.36206827
101725,0.22782218
25869,0.8555268
91600,0.05814158
141359,0.05626197
116407,0.55068827
37991,0.16011634
127139,0.46043268
64095,0.85996425
78064,0.14095
9545,0.16673352
91405,0.35610655
25610,0.26836056
24694,0.6313616
142720,0.4895843
141926,0.82078505
141475,0.20354034
122838,0.5264373
51178,0.48024806
18537,0.58220804
78256,0.09742142
78646,0.4001347
131686,0.22843046
103473,0.13378721
145601,0.20064723
88915,0.18322149
115359,0.7499252
6777,0.43997115
11127,0.42333406
100226,0.1766828
105013,0.18014881
147159,0.06369742
87647,0.117829524
110532,0.32314017
141402,0.8364273
49160,0.021725513
134876,0.09585652
96258,0.5664588
115236,0.92775136
107935,0.17648152
90072,0.06404036
126916,0.06961336
86278,0.11560814
56126,0.9344095
147706,0.959925
124917,0.09086947
78491,0.08294591
83011,0.07070427
18288,0.7589716
41322,0.14421149
62383,0.18455768
107127,0.4915438
15043,0.07560105
46179,0.24729773
42788,0.8632791
88642,0.6578097
124819,0.4710291
52163,0.16889545
103417,0.85732555
85639,0.09908688
52865,0.24789582
148733,0.07101921
38610,0.16950549
84788,0.10546983
65786,0.36000767
68676,0.08683601
99800,0.44322026
55190,0.090397686
10615,0.615375
62152,0.078584164
133082,0.59175444
102772,0.13763504
56168,0.6670907
25728,0.717256
32754,0.19673944
52868,0.52434874
2559,0.091597915
69380,0.37077293
29499,0.20799364
129764,0.36212528
116132,0.31903875
113888,0.73327774
92304,0.22158583
30633,0.6490226
122784,0.28621894
28495,0.08275638
131418,0.10158595
106754,0.16875565
32056,0.08019225
49464,0.30461496
68052,0.2683464
120974,0.16283953
55858,0.04618649
102890,0.16073546
6029,0.14853811
105133,0.061861943
133875,0.47773358
105957,0.5206561
147647,0.09822207
147261,0.37930068
95718,0.08267038
49750,0.6281623
131499,0.6951415
116535,0.7574906
55053,0.60088265
83718,0.0946777
84722,0.16648965
17695,0.08728759
139730,0.11993519
47237,0.1934527
65459,0.087183386
45872,0.2350269
22532,0.120103985
115518,0.09713729
98455,0.10700446
26088,0.040934816
45762,0.6138017
139129,0.05994686
5614,0.83422923
28632,0.7255936
92525,0.103675604
33722,0.7793834
126942,0.052120276
46305,0.8021345
43597,0.087434776
24201,0.5129734
7830,0.11636361
64139,0.6820371
43998,0.81114364
129061,0.45769173
47983,0.7899208
21010,0.05789309
67430,0.0777255
146739,0.30229652
58999,0.09327688
146880,0.92726374
113988,0.57026356
114346,0.10956008
88372,0.37065503
95461,0.6827355
107504,0.07541546
49182,0.11274318
30343,0.061741985
126200,0.08736401
95582,0.11834176
43648,0.23307669
32725,0.18884416
6720,0.27770463
13997,0.7305493
16254,0.31391144
75042,0.1361384
121844,0.19858803
149192,0.18799457
18635,0.13636877
93574,0.10412357
7906,0.39901328
127913,0.20032442
14427,0.114760794
40021,0.9406158
56070,0.38500232
135491,0.1391084
62453,0.61001813
48938,0.7392099
134189,0.15167944
122994,0.17327835
11517,0.24386577
75725,0.24933048
20298,0.17250544
105997,0.50092345
134537,0.32562324
123634,0.11172128
21580,0.16979955
104145,0.05130937
64940,0.7583374
75205,0.26436484
68848,0.16859724
10812,0.15637861
148660,0.13680725
39240,0.3702314
112624,0.14888386
128933,0.89393353
18257,0.1672501
128908,0.17757587
77006,0.30460277
59756,0.06504942
102996,0.053029116
65823,0.067170665
112697,0.15457225
41596,0.17992471
105015,0.7945246
57458,0.12884775
78218,0.10176194
19919,0.076652795
115431,0.051253498
139336,0.41878623
60033,0.4069022
106782,0.32954758
67979,0.06240154
66701,0.086596705
58826,0.20547414
130395,0.54585314
127033,0.9071947
43643,0.08310316
119436,0.09317186
12264,0.1425178
30381,0.08983333
113001,0.91411984
11972,0.43100426
149257,0.16826375
136826,0.17369178
92350,0.23912372
34980,0.059250534
103144,0.20946619
148913,0.10042357
32274,0.4363386
115283,0.49670961
39711,0.19007023
48773,0.08562582
136307,0.11523642
73639,0.3510456
6088,0.8889524
4648,0.09813742
93866,0.12639998
13274,0.068858504
88709,0.31929314
44727,0.7046699
146278,0.0816938
42368,0.92676514
72998,0.09934387
59169,0.21615301
68420,0.52756083
14463,0.07427136
124218,0.42036858
119079,0.4510236
106215,0.8868465
135639,0.28596956
106213,0.95623565
12679,0.35937485
34928,0.16143408
9702,0.1762216
96755,0.17435679
72742,0.5815397
25213,0.48427132
145842,0.6380799
66505,0.1309381
30988,0.57278395
50592,0.48470315
143297,0.20175032
12114,0.1519414
108933,0.7892182
64813,0.07664839
13432,0.30631617
30166,0.24124944
26376,0.09352947
149614,0.06038028
28762,0.91654307
117413,0.098484285
129365,0.37085342
73258,0.22821042
141832,0.72229636
2870,0.4936587
138211,0.8003724
98271,0.8026121
85589,0.3227021
57042,0.06655584
134960,0.634353
62922,0.08715302
72558,0.092006624
29823,0.37227136
89038,0.24505147
82854,0.12088853
64947,0.8704615
132192,0.18576261
52442,0.41701025
141745,0.19232221
41672,0.11953565
102291,0.036285896
110217,0.24177562
102143,0.33937278
75417,0.585686
117318,0.91887856
120477,0.16059224
47876,0.51289815
81205,0.17309539
22309,0.035338737
145688,0.06431176
4746,0.15649574
28591,0.2512931
53842,0.07113677
6488,0.07641379
36607,0.06712987
49945,0.36097634
54498,0.40123534
110842,0.11052958
80464,0.43256953
116528,0.67512
5872,0.7975247
135729,0.16544488
104396,0.89400595
55052,0.19700773
97644,0.8461184
21641,0.13684243
132860,0.12514473
113881,0.10165237
103752,0.85924107
147904,0.17468983
111936,0.0914885
21341,0.573612
50038,0.124733984
120086,0.22848636
61589,0.30844715
78883,0.41250262
146746,0.13372883
39756,0.093597695
24552,0.1333063
55669,0.5170661
91871,0.7770893
146824,0.24231209
111492,0.046787992
116236,0.2081045
78506,0.88427114
46045,0.45011783
49159,0.5756
76308,0.119546846
29943,0.79918283
106332,0.32041472
149980,0.14950685
5021,0.13232447
128371,0.25522
121431,0.92448384
41285,0.13886161
121357,0.77513766
34422,0.32548973
70821,0.08778926
101331,0.11079792
25481,0.23662359
12582,0.08020667
79987,0.6498426
134629,0.14435202
44318,0.0841671
18797,0.14431138
21490,0.057425696
87102,0.18107763
7099,0.2434108
123610,0.24581535
26938,0.3173514
126990,0.12986058
149674,0.20152815
93580,0.39112535
104169,0.7454098
21760,0.095241405
125210,0.4273713
139451,0.08549231
15026,0.21040043
18482,0.083613336
133877,0.12090734
83046,0.12572989
103361,0.32201198
135775,0.5749857
143290,0.08449561
31630,0.16671814
107821,0.49665746
39424,0.113905564
36144,0.5685071
140332,0.27493823
141365,0.17801683
90986,0.10225219
37059,0.12457637
109457,0.51523143
31325,0.4056954
111400,0.707483
81718,0.23122847
71967,0.11971262
83030,0.11766177
117874,0.26919097
65812,0.1349297
65314,0.17382829
81460,0.5326313
137120,0.87741864
53988,0.13240619
1747,0.12932739
60790,0.09033709
107715,0.103680074
141825,0.0828614
20522,0.06436428
131414,0.15938836
116960,0.15874541
86446,0.6444035
96671,0.12472001
43440,0.36702272
42345,0.34448692
97231,0.93102896
82785,0.41167817
126754,0.5205034
57240,0.45147344
119663,0.467627
79391,0.088213
82953,0.50573164
128725,0.08700957
55188,0.0685774
12930,0.36545
114886,0.1578893
43835,0.34179625
55647,0.63803416
10624,0.04356062
14716,0.8071788
39287,0.31179228
88,0.37212327
9581,0.11816488
56845,0.085220076
87741,0.67275554
23323,0.41804725
57694,0.8735486
116134,0.21491
140581,0.11792841
89968,0.099076584
94735,0.1640019
59949,0.17681378
31897,0.101762354
12652,0.20070419
132589,0.17703678
67441,0.46161076
131994,0.22778101
87224,0.28446275
12188,0.2113433
50564,0.5282401
23572,0.012238618
136445,0.2576667
35479,0.08328136
58725,0.70266247
119955,0.10948285
95644,0.8979706
66993,0.64794093
145485,0.18647355
44808,0.10010942
52472,0.10737176
8857,0.07011832
45607,0.8717598
22032,0.47437418
11489,0.34914228
28575,0.9201958
73693,0.35259336
23181,0.43883827
58524,0.46024117
112734,0.15225965
68694,0.20325771
134861,0.08966156
144359,0.06525526
48996,0.3185465
106555,0.087600745
137292,0.33705562
133305,0.91010576
143115,0.51361346
121308,0.11126072
139995,0.06877674
54470,0.36274806
89256,0.91870075
27489,0.4192874
106282,0.06860274
123318,0.1817635
75537,0.3435633
6871,0.16397022
48920,0.6408812
80458,0.8829323
576,0.74109507
124324,0.21498924
101041,0.159297
146657,0.18707687
43313,0.19039842
119912,0.077803865
14525,0.5982514
41007,0.11417894
134415,0.14486127
114150,0.08485654
136041,0.1576498
106891,0.115109354
65336,0.14996485
42909,0.9039957
42261,0.107649006
132902,0.111792445
134042,0.06499075
103180,0.68518245
86645,0.11538513
37276,0.051687825
88097,0.15363172
57408,0.46575537
137480,0.10010601
105782,0.12318492
105037,0.095309615
88768,0.22372285
133335,0.18040517
149118,0.711044
133459,0.16606815
37212,0.27906352
20521,0.19180304
146942,0.18311007
126052,0.15615244
27844,0.34617314
54119,0.2418793
109626,0.95919156
134319,0.21593712
19174,0.25422508
94203,0.085142106
109762,0.14827824
22296,0.06555715
141245,0.89035386
116770,0.21939772
96901,0.58157915
71661,0.06697948
131002,0.11521281
94430,0.07024117
1014,0.11011332
9117,0.17522018
45389,0.32870007
78882,0.12955758
101050,0.5752334
104713,0.6742517
131502,0.03699422
137352,0.39744365
141593,0.2939981
93484,0.5573583
113042,0.35293147
79816,0.32059604
86487,0.0845055
359,0.5193911
48233,0.09531893
44356,0.22506821
45466,0.053693656
125884,0.30428013
102095,0.08113704
795,0.15009767
102045,0.72201574
144350,0.74917334
74877,0.06454283
59256,0.14857373
15345,0.150562
1836,0.7716767
20445,0.14182533
84602,0.18946105
8148,0.16579707
70976,0.8531077
63505,0.12812153
110265,0.14535052
112946,0.6817292
102102,0.075128496
64231,0.33254334
121936,0.60348153
70686,0.068766646
88938,0.535487
9719,0.7518167
69781,0.18254484
72282,0.09265133
79810,0.5503764
46867,0.08871169
119211,0.15220901
90797,0.1503583
6084,0.1514845
48210,0.22136053
137946,0.7332879
52404,0.1363128
21969,0.68917537
15583,0.065475404
113820,0.10622301
59365,0.06826541
131546,0.40657207
58498,0.3482572
32186,0.07871633
24463,0.05300162
111422,0.34540328
101830,0.7656852
1075,0.47737858
84900,0.8967593
77592,0.090061255
12280,0.0874789
29298,0.617019
80901,0.18360613
97914,0.14710192
136575,0.065705575
91450,0.72612184
130106,0.53286725
61704,0.6306138
133258,0.111502245
101303,0.07035574
142538,0.36486518
23414,0.23597236
17759,0.1709231
70471,0.13606948
20591,0.14846776
2533,0.5741868
79933,0.29208773
146826,0.4573004
109655,0.6570491
105287,0.15338196
127970,0.27680504
50000,0.052569628
86417,0.50667304
115678,0.09087022
141373,0.6312621
6980,0.49013332
120297,0.37069204
17683,0.38566446
84237,0.022801165
22545,0.47616374
88079,0.92935085
62534,0.09022731
149230,0.6385353
80522,0.9530488
129887,0.8010019
47414,0.65352285
33871,0.7797545
143192,0.0635967
122355,0.23090246
29170,0.48016542
132842,0.81025517
39195,0.43967095
15613,0.77413225
71430,0.27223393
88541,0.11225825
83259,0.1531325
137713,0.097287014
21124,0.083153106
89657,0.5934357
139550,0.5218465
77753,0.05160249
40878,0.52015626
114276,0.16656603
137405,0.058915835
66938,0.10342689
31431,0.34125775
100576,0.4105829
68663,0.16906936
103787,0.28899503
2972,0.18308596
47100,0.100000486
24002,0.8249793
135958,0.39580515
25762,0.16868551
57665,0.5160598
29554,0.1215199
48508,0.1679309
135401,0.18794
119133,0.10507406
134997,0.9511603
109584,0.11142841
73022,0.11711483
63056,0.12726292
142113,0.25059342
99061,0.45413345
64000,0.11957719
91114,0.14761066
4578,0.057557356
106025,0.25367373
114216,0.14071956
61244,0.23072548
101003,0.4238342
104902,0.0547381
103564,0.45097542
98213,0.47918856
114111,0.6920377
76888,0.41434735
121792,0.40499413
56275,0.63054246
33726,0.7462911
44528,0.47198755
98603,0.10204656
75383,0.16518532
110001,0.5441839
42145,0.55251837
82453,0.3809467
44761,0.67729425
106158,0.93277276
5178,0.12452237
14214,0.7595207
60362,0.15156774
81705,0.05379928
116360,0.5640354
82569,0.13695289
97172,0.19308801
48868,0.16356988
47001,0.19225591
87413,0.66828537
38823,0.52326775
10043,0.30748504
21139,0.15289672
33460,0.2520474
23594,0.19656219
5640,0.2369431
29912,0.39535114
11069,0.0709428
146971,0.07389173
83334,0.1048563
138616,0.23904608
59441,0.34990224
64411,0.72091013
33898,0.513484
60659,0.35314044
104150,0.12616763
90924,0.39282286
87886,0.7546252
120016,0.14797917
30055,0.10959891
40949,0.23177207
60097,0.26256827
53210,0.09571383
21958,0.73960334
108394,0.6333423
115511,0.061622914
22352,0.7767063
95968,0.16424885
119104,0.3563253
88854,0.9448094
117802,0.22988383
8452,0.37158886
83576,0.721043
1958,0.4893918
45142,0.17080653
131668,0.10597831
107310,0.3877446
81883,0.4743621
120223,0.09667029
2947,0.15336189
139621,0.489383
45485,0.71111256
76024,0.4537278
10879,0.26083428
67248,0.8601214
71317,0.3818621
61176,0.9416669
26093,0.10648005
104847,0.49330163
10727,0.12089673
134305,0.44781172
11447,0.4019027
74389,0.5822488
34689,0.37444857
134533,0.89245874
64066,0.551165
70594,0.76796603
103901,0.09177965
103031,0.06079935
81090,0.15872085
59118,0.587799
87642,0.8901059
116211,0.81144375
104263,0.024215057
79387,0.89284354
142049,0.0659893
26664,0.29618558
133615,0.25115502
77701,0.9177909
109859,0.9205846
22132,0.10970552
61856,0.15925854
48076,0.10217234
91975,0.090959705
78673,0.13189577
56980,0.94356966
47400,0.23119561
21635,0.15364227
107873,0.6589666
30725,0.33613348
47569,0.12657204
84087,0.5401601
109130,0.16990556
45934,0.2246353
77362,0.18134372
119577,0.16237947
134787,0.07598537
138857,0.75143063
8149,0.16771781
53644,0.9303964
118848,0.09445585
12902,0.34239686
51709,0.7167112
30872,0.2021263
56107,0.1250584
122414,0.27737257
144009,0.15846768
15622,0.061572243
30479,0.91371924
84172,0.24861753
127411,0.552475
109573,0.08022715
33614,0.69978064
9769,0.8226608
32638,0.15764421
132239,0.20779203
117414,0.11333555
19084,0.34123936
111938,0.7667438
133230,0.6530444
73248,0.120988876
50873,0.49055654
98924,0.111830965
1028,0.3408117
7700,0.20484181
77346,0.077312484
68005,0.10669248
83579,0.081352286
94358,0.62009346
119542,0.1462266
22748,0.5376638
46557,0.051716335
84774,0.22275262
125213,0.5822574
16755,0.4657895
44732,0.13332818
61563,0.1598006
105043,0.9640242
133458,0.17111152
8239,0.11736931
109758,0.25245237
31537,0.37198266
118764,0.36142084
38757,0.16531959
27920,0.36783403
8708,0.056811776
103434,0.073776826
125051,0.15998305
89956,0.76211095
26268,0.21388975
31079,0.6438713
27832,0.64485884
62518,0.18132307
47151,0.06256986
18441,0.10305246
97720,0.4091567
21051,0.2235715
64291,0.25637332
9038,0.081706464
142480,0.10189595
2961,0.35021594
4253,0.5279256
69150,0.08093139
4750,0.84886354
50462,0.18851388
76640,0.64225113
80969,0.13071263
16378,0.107046686
139616,0.07541693
119923,0.17466365
102387,0.65553963
142353,0.14722148
90419,0.18060286
72696,0.46570694
61762,0.1399201
52185,0.14536414
87729,0.3092168
121611,0.4149603
79884,0.8258201
74520,0.29644495
128350,0.25343072
38471,0.046996966
28099,0.45099995
31327,0.03883737
93522,0.12751085
31514,0.09758157
128985,0.07961807
66129,0.13603964
120426,0.48061764
86895,0.068098076
35268,0.23199923
31549,0.33959725
91706,0.076694265
90642,0.24855974
117782,0.6701013
139743,0.46834385
65832,0.5813059
46704,0.1915898
34473,0.15873235
60594,0.19748795
43008,0.1885436
1121,0.10884392
82695,0.3181215
114195,0.10865869
139726,0.85985875
75288,0.24202411
60120,0.34547505
131153,0.17067437
32560,0.7762787
11906,0.09422591
102759,0.1534588
102792,0.9517319
117223,0.20954669
66063,0.24617812
43895,0.07239485
44778,0.13607118
38301,0.27589142
30488,0.10849983
139178,0.060275305
58395,0.9542097
11616,0.13415153
65557,0.52914965
95772,0.64121276
60544,0.36858493
117171,0.09905469
9061,0.10162381
101397,0.10233875
103716,0.053725343
24544,0.6448688
109673,0.07770195
90878,0.16105571
126624,0.39759642
147733,0.09278611
58841,0.16073117
22549,0.30298078
38817,0.13918465
100579,0.91032535
35903,0.13307531
21762,0.10610888
116891,0.40879047
125472,0.039853323
18629,0.07350537
90670,0.19893777
68941,0.58989877
24001,0.21542141
81788,0.07229833
103467,0.13851416
72583,0.56837964
17833,0.28984588
49674,0.061792254
139649,0.10360654
31456,0.597881
85321,0.0678804
37957,0.29565617
443,0.49794474
113475,0.10576843
52519,0.6511273
50670,0.5527392
6489,0.06596009
36808,0.110269375
92596,0.28415447
122152,0.16434446
109181,0.50014514
56165,0.0680327
12245,0.07989709
41633,0.07271595
52096,0.105259545
53945,0.5766214
49714,0.6313905
101604,0.2120871
28122,0.1887375
149943,0.12069959
100938,0.08716993
29026,0.45236814
131840,0.37406713
38118,0.18726267
58660,0.45522255
114484,0.092464045
69475,0.84453565
93378,0.5650747
106704,0.07035258
24721,0.17271954
143103,0.90476865
37176,0.06855049
98854,0.42239767
8788,0.08198289
107349,0.26610857
77158,0.07887959
42011,0.1268364
149867,0.09808877
143359,0.45021787
139468,0.7292868
103625,0.23391768
81248,0.11526631
88451,0.07002062
23346,0.45610598
65508,0.6273468
107021,0.507259
87533,0.32930836
87600,0.473228
105233,0.11282375
39360,0.11292185
106753,0.52895606
149768,0.15254077
29773,0.10410058
82316,0.35172138
83814,0.1605413
133690,0.1177365
26445,0.38387525
123935,0.15865202
77276,0.19251819
18376,0.1556084
96847,0.29334557
70175,0.083986446
122944,0.48053142
96918,0.37412813
115335,0.1300171
56347,0.19913791
15147,0.08044164
139512,0.11270654
7437,0.23131089
7588,0.2667224
87239,0.045707982
69955,0.45256513
22578,0.11048409
65509,0.1631774
141967,0.3620198
39207,0.21006691
17013,0.14545098
13199,0.097433835
94194,0.11996054
34026,0.48043805
3315,0.76293594
50694,0.65441483
35238,0.20435059
110115,0.25619483
44922,0.23958755
5592,0.67626214
75067,0.53191465
99464,0.14949234
28116,0.23622951
16777,0.09901652
52074,0.1261997
42071,0.4995824
105577,0.14106582
146646,0.08560055
30709,0.8229166
46028,0.38072902
55183,0.77808124
65657,0.33338597
142960,0.09886053
92974,0.08984738
115206,0.33262247
14658,0.17441912
39096,0.14376487
28750,0.11129322
32410,0.1312586
29326,0.95986176
86706,0.25746733
109932,0.29324588
95016,0.11530974
147154,0.11939729
42429,0.23927024
125655,0.15984264
49853,0.5645217
32471,0.8421937
125983,0.62824994
24392,0.58824193
142701,0.073617145
100062,0.059542187
113654,0.09872747
48544,0.87456006
89818,0.33912772
42554,0.05979573
16210,0.062195614
69701,0.76988953
74046,0.117731705
56813,0.12041033
47735,0.05681653
66757,0.6969344
53577,0.047461882
18719,0.5304519
89087,0.21083526
2811,0.16611437
56606,0.9351186
69750,0.4611768
103229,0.19424307
29433,0.27630216
49763,0.15699556
68007,0.1676295
55218,0.12201121
57676,0.27666974
75641,0.93547225
82177,0.4869587
72312,0.1184344
78053,0.26128682
36182,0.2603429
130959,0.21755247
119741,0.16212034
54078,0.53550756
23844,0.12190405
6962,0.85065866
31109,0.16200705
42280,0.1445116
147243,0.10102674
32231,0.11974666
76349,0.7313907
71636,0.19663452
68047,0.7064985
105144,0.87622404
62473,0.09090012
80819,0.16612355
106078,0.6536139
86099,0.11874669
6594,0.34836903
99865,0.16961998
9342,0.9555834
45325,0.3701559
72493,0.63725966
105525,0.14936554
80697,0.57933897
121422,0.18823333
128717,0.34012964
144475,0.83456826
111664,0.81349486
79794,0.25978708
4891,0.9455976
96542,0.09739558
148821,0.15820743
33441,0.12263599
9347,0.086895846
42757,0.6313694
24244,0.13589159
50357,0.6366716
14249,0.09913769
134642,0.085394934
18722,0.3455598
47805,0.21335737
21794,0.18089914
32800,0.8508101
53392,0.3243396
118251,0.24764222
51207,0.40936077
42420,0.06264793
91920,0.17317997
115590,0.74289733
63739,0.37909856
88680,0.17343146
27918,0.76260155
30958,0.43110907
41840,0.59175384
102071,0.107836306
6220,0.32922715
62869,0.23923273
104661,0.08596497
9653,0.35778767
2709,0.06804409
14275,0.24994351
95756,0.4420352
40233,0.07803077
34962,0.7085847
137783,0.5416266
56639,0.34265992
98385,0.49006608
82708,0.22056612
50652,0.26164106
80021,0.72231483
60269,0.19906458
94620,0.07699153
118526,0.16078047
108404,0.20878468
41315,0.42205456
44825,0.20840864
69485,0.17916963
15433,0.1099928
98920,0.17578201
19459,0.052154116
138726,0.8066358
132213,0.09354172
117840,0.23532689
100786,0.13067943
107024,0.18911022
62822,0.6773274
28680,0.09611739
17556,0.27440384
131225,0.065514416
143051,0.14356516
10693,0.07699619
34529,0.16541886
69381,0.11335212
132501,0.30065936
4147,0.10253564
149337,0.96387255
65757,0.0751844
123103,0.068342395
136480,0.19521353
129320,0.34749037
141117,0.86870897
18897,0.12830463
37118,0.9044293
95394,0.07753701
75909,0.57410663
147686,0.39893258
65362,0.116067596
96120,0.47801867
34480,0.25612488
148480,0.15361917
48660,0.17641935
60187,0.85491806
28832,0.11370935
18120,0.11354531
117396,0.06777337
42170,0.4325674
29933,0.0971151
55771,0.61995655
102767,0.09424279
148536,0.06404581
96995,0.27011102
17532,0.113451645
88841,0.7117711
89398,0.9306638
17530,0.563785
81776,0.05353222
119534,0.37569284
83359,0.8905305
69613,0.57790285
71150,0.091807395
69751,0.10891813
89722,0.49569654
71434,0.4824409
26340,0.47715184
125007,0.80497974
147256,0.09818645
32197,0.35316217
25837,0.17383568
71428,0.16117664
87096,0.7330721
148023,0.82811826
33472,0.14091997
28877,0.26993272
115466,0.5056556
12579,0.41301623
27052,0.3106597
100194,0.7977249
7967,0.4175083
14537,0.060353924
10724,0.0932071
64675,0.04915669
109892,0.19990298
77538,0.22144553
29180,0.36368638
80790,0.0716696
121555,0.4051142
52405,0.055370994
52191,0.60846394
68378,0.16436546
120340,0.30852076
75715,0.25262654
19709,0.2537333
62878,0.2763017
114818,0.28000197
76707,0.060857207
35244,0.96079767
81260,0.12191399
51091,0.50839585
136357,0.6865228
130882,0.33964837
79746,0.11860348
76177,0.67522055
83904,0.44987226
133184,0.06211087
5447,0.22666527
149573,0.10728569
62063,0.117099956
23429,0.45502746
10138,0.20588069
43477,0.05973067
68530,0.24495582
87086,0.07063403
25526,0.14344287
91379,0.22377248
139691,0.08285019
116475,0.3287344
124643,0.7882483
136017,0.25069377
12529,0.711278
10605,0.4255591
78915,0.6489541
37733,0.5131072
16228,0.21397234
63314,0.40271762
93486,0.2993446
93048,0.12180918
74,0.25122344
9849,0.22423795
37928,0.76744187
100783,0.29801714
9029,0.82823986
113110,0.07470762
19462,0.16872418
126716,0.084288135
8632,0.054251514
148105,0.5665068
59406,0.2590241
41963,0.9247423
86490,0.15625063
101825,0.11949658
119109,0.29150233
114743,0.8775654
91314,0.19649445
130625,0.39624134
93817,0.32648194
79944,0.2504094
29324,0.08041976
29049,0.06484401
16697,0.13692291
118747,0.98536545
27796,0.43680838
80674,0.42884567
86941,0.27550697
146033,0.79299116
69672,0.2905928
16136,0.38001806
114405,0.05269487
129144,0.13813573
129659,0.118476495
48312,0.1389434
134119,0.22976902
47297,0.25367436
87109,0.14688005
118760,0.20478748
95674,0.3364497
1428,0.28688473
67361,0.7994951
105291,0.4826547
42005,0.62404054
30839,0.76882076
70072,0.092324786
66697,0.07968996
57121,0.117467985
92355,0.1045406
21225,0.94950455
47482,0.19964676
104896,0.89292055
51624,0.9249541
70747,0.074895255
143827,0.13061303
6785,0.090978645
116201,0.11084857
44079,0.042397507
117662,0.8263274
90215,0.066164695
124982,0.65466917
138779,0.07454224
94717,0.10959714
61120,0.2571926
138044,0.22562264
45388,0.14700657
100139,0.20215401
122222,0.6029129
134460,0.48462832
65821,0.28871307
27581,0.32893997
20329,0.8986048
96820,0.57281435
145291,0.3032507
83068,0.107639775
34444,0.9116441
60319,0.7161144
37719,0.8998919
55233,0.07517965
93009,0.21115737
75925,0.31716308
79474,0.44994986
24210,0.55554944
82436,0.07956553
131380,0.04645636
9948,0.07451655
141734,0.23175657
72020,0.053074848
97611,0.20889887
123258,0.7541358
36249,0.14596556
85421,0.8968185
92542,0.098510556
116575,0.15262672
62607,0.5230176
77567,0.11254274
61904,0.8417845
77848,0.14925686
104451,0.5097853
120114,0.59388614
136699,0.09813786
131275,0.75891143
146378,0.042673986
110937,0.109053895
47198,0.7577094
116578,0.13605599
113699,0.40275946
77527,0.89227337
149739,0.13183826
125125,0.2274117
8658,0.33025298
128607,0.18486352
81929,0.17312859
48411,0.08328177
79593,0.19432592
135011,0.37529436
43174,0.3074488
120663,0.2162799
145089,0.2032828
104473,0.34953484
137017,0.27549914
9931,0.35520414
37548,0.61861414
16822,0.08190033
68461,0.16087998
27575,0.26323548
131922,0.282759
61781,0.15891325
35347,0.13182124
77016,0.33771503
97763,0.115138225
87447,0.20752625
144011,0.19423354
23445,0.16076003
78317,0.082110256
30233,0.079795
58690,0.61636746
141183,0.3185901
64931,0.9498085
141997,0.46677876
131342,0.07103406
127196,0.115243256
8322,0.3043781
106039,0.59143096
145998,0.19142362
108311,0.7181132
110802,0.75356925
36415,0.65685713
31942,0.46603563
119366,0.8777733
84009,0.1733424
75107,0.06788811
64869,0.24005482
134069,0.091776654
85196,0.11820727
14070,0.9325726
88996,0.13727213
7086,0.3862803
22280,0.5382184
103821,0.1669088
32214,0.60755193
3917,0.7690548
141972,0.93947583
1310,0.26454532
121509,0.20240276
45120,0.25964692
23604,0.11373948
45816,0.7127181
99344,0.06550457
50184,0.10212183
68449,0.15495934
118910,0.16535737
137150,0.49966305
80984,0.37852708
47056,0.08371575
88800,0.4103451
93320,0.2890659
7985,0.061644636
76733,0.86497444
98625,0.46374822
8769,0.1780784
22817,0.1799198
9455,0.8482247
121712,0.118342035
128258,0.09394807
35332,0.14853126
71551,0.0690867
127155,0.6041407
20170,0.5996087
70503,0.41457817
100032,0.29269642
71232,0.34019962
148438,0.49365324
38411,0.1166927
8928,0.15479182
69287,0.33587563
106946,0.091055
89213,0.1397425
63979,0.2669043
131372,0.25355566
110661,0.048037663
91590,0.62207747
2069,0.13338372
36414,0.33324128
111043,0.15750654
138666,0.5230167
32730,0.28878736
66465,0.12536015
49308,0.3227407
124344,0.8493374
62908,0.74481153
33774,0.08782166
7706,0.11505484
75125,0.6895973
80412,0.18794176
4277,0.07934603
68784,0.34427628
71686,0.9314873
101470,0.12908785
72089,0.055809196
71,0.1450237
145189,0.1020938
124779,0.29955727
14380,0.16585602
56376,0.84794074
89368,0.6327922
20905,0.84163475
40193,0.48833892
148445,0.4579874
129157,0.050585896
93113,0.27503717
38369,0.16471301
16343,0.0935168
3222,0.1943584
145816,0.11528567
41102,0.094744444
149371,0.6494326
136053,0.07093587
120385,0.07598447
39511,0.19071825
88252,0.16564363
57969,0.23171434
111244,0.13104607
101913,0.39397734
53541,0.07149107
147639,0.9067038
73125,0.19983514
58026,0.88324463
111079,0.34732574
46625,0.6218533
71013,0.41000968
64827,0.060236152
35747,0.07265001
118973,0.4165815
136254,0.31703848
8591,0.32301468
60095,0.28208485
41401,0.1413014
142839,0.18430829
74618,0.1716625
58885,0.076188825
74747,0.0554093
146140,0.08796008
123701,0.20188466
100005,0.41746962
44772,0.38137478
29638,0.119231015
39921,0.096571416
90017,0.5951836
16714,0.23595628
30368,0.40109083
28096,0.2006905
106495,0.062400967
33354,0.05899488
109672,0.07407728
79955,0.12135698
146182,0.06334038
74215,0.13934588
13540,0.56165844
57062,0.12463407
19464,0.44434988
34716,0.8232722
41651,0.42802843
41204,0.10362698
140251,0.13043328
143774,0.7217572
33759,0.6851636
24331,0.16517894
38268,0.118221804
139243,0.2003106
25408,0.050946016
111105,0.29873732
125338,0.055718493
71415,0.08763818
74297,0.089716196
42476,0.5962227
124831,0.20306747
137645,0.2785461
6146,0.30685502
111827,0.54460335
112867,0.11771815
71494,0.6568828
19588,0.8740167
56942,0.19301549
29405,0.30058843
102777,0.10005479
14484,0.2325612
28275,0.8458471
45044,0.40940216
60505,0.4435401
140282,0.5154947
128563,0.09674533
136556,0.23069479
138067,0.43790948
44068,0.5958657
96388,0.30013534
138700,0.49129394
107586,0.20933092
10154,0.9791382
105561,0.09890955
110442,0.106003016
64981,0.55162567
86650,0.47355476
112223,0.19818233
86154,0.88937396
57831,0.94499415
3853,0.5755846
57853,0.12933634
68853,0.21321723
36518,0.26401657
27798,0.2106702
129569,0.096891835
21360,0.4152241
30463,0.7810743
72357,0.85439247
106206,0.20785667
76560,0.5289372
38982,0.43082175
58430,0.11367244
123683,0.06269879
147951,0.088166006
102295,0.047161333
100128,0.40469512
102488,0.44652408
84893,0.14907593
29900,0.42019516
117109,0.26752305
148570,0.27319303
29842,0.08736405
15359,0.73771226
138450,0.32861063
130480,0.10053733
32432,0.6784483
77468,0.3483431
98392,0.27733105
106438,0.11183582
66546,0.23076369
2951,0.18947795
34476,0.15862192
70787,0.1778515
42832,0.4356766
139602,0.73329437
14516,0.7922954
46797,0.25610957
50991,0.78496003
121027,0.2956937
39190,0.3300672
31255,0.8113465
98284,0.32296377
30000,0.12403365
30060,0.10080639
56837,0.3521713
3471,0.42050743
120732,0.52489156
59390,0.131271
10048,0.7422848
141892,0.096318856
60356,0.4469761
142288,0.4173333
16323,0.27760202
130978,0.081154354
69043,0.2896081
115725,0.23557396
44121,0.66679883
76057,0.10494864
11109,0.8828665
4193,0.29668444
27424,0.37564963
100845,0.5191527
123821,0.119947515
123135,0.046340942
69352,0.15602206
123384,0.6529799
31651,0.32760346
97291,0.0785503
110365,0.10770284
3000,0.2912863
106298,0.8940238
90613,0.15717158
114387,0.24283227
62327,0.46996623
56317,0.09280924
107368,0.6601672
131951,0.626112
129742,0.12773205
30036,0.30091777
19483,0.51901555
113334,0.077203445
86179,0.066092506
35010,0.092348665
60093,0.12423368
19731,0.15315904
81407,0.15863793
25307,0.3897773
31452,0.14351203
97510,0.2612625
12353,0.18429886
24869,0.084108375
34680,0.17472851
57606,0.26173612
17577,0.5982685
3634,0.32838345
11701,0.28413945
42799,0.24068114
89897,0.13400812
127579,0.07228413
11004,0.23034297
122268,0.12849273
118250,0.77757
29237,0.095986314
13418,0.5675481
38974,0.061008442
144659,0.5012987
145216,0.69589746
32594,0.5323903
124008,0.12642553
123806,0.6617477
80320,0.054187708
75576,0.5663035
22641,0.88199013
64059,0.5474208
35109,0.09325432
50658,0.17465284
88935,0.9260543
84570,0.85063475
85502,0.0922241
5958,0.09919109
87879,0.3114737
82428,0.46347776
71395,0.23369779
120009,0.17686091
132530,0.3859292
144285,0.19277781
18001,0.6824801
55537,0.39963976
54659,0.3601797
77391,0.14659455
41704,0.31286243
81935,0.19706213
99330,0.093950234
27421,0.07385347
12979,0.27424446
85202,0.0742727
34667,0.13188976
100423,0.09476256
142052,0.20918559
137228,0.600535
21272,0.17206523
23077,0.9102564
138389,0.08880017
28159,0.3904712
71272,0.67187226
44880,0.51478916
52220,0.109914914
7763,0.13356046
13901,0.138957
96195,0.16985719
37638,0.061484814
63413,0.10253173
118138,0.115192994
131826,0.5410648
106524,0.29827058
85419,0.06418759
24734,0.06472768
70507,0.6057732
92198,0.9466408
51569,0.09068131
121802,0.38132453
28985,0.5201703
104397,0.3136759
84652,0.06945802
36989,0.13110742
95839,0.08105823
56362,0.09126174
131140,0.22640173
73569,0.4550023
24194,0.42850003
33073,0.25897262
135423,0.060124137
65033,0.15498354
48569,0.85416776
89271,0.17958483
135321,0.27159747
147658,0.2700332
7579,0.41024324
46285,0.063774824
107582,0.14187999
131232,0.10765615
81471,0.6950102
65462,0.0588605
134592,0.1662199
132150,0.1953329
124424,0.09973031
28561,0.8943589
87140,0.36854708
33504,0.121189594
37125,0.7847902
64834,0.15227969
60142,0.47765252
124793,0.7131371
6314,0.47619444
126156,0.1118128
57623,0.4876213
50781,0.32434154
115877,0.9377176
111581,0.2775972
143960,0.1050721
116695,0.24976568
88735,0.7433431
49823,0.14589806
91690,0.19952202
18995,0.16317767
9521,0.10576876
55535,0.88287586
117584,0.8573467
7994,0.13746966
114512,0.15188052
6429,0.68874925
4417,0.24043861
76986,0.31815434
95515,0.26460624
112035,0.49708015
111905,0.2582681
4574,0.26943234
147627,0.38598886
41545,0.43722957
122811,0.13947923
131080,0.4781864
94034,0.0676374
127249,0.47745046
121818,0.32061183
82241,0.7631911
23381,0.5746164
124458,0.29586026
88315,0.087175734
18136,0.13694113
96948,0.8833075
105125,0.24473356
20087,0.11677117
131501,0.08036209
91923,0.15711696
136465,0.06990604
146177,0.9087532
122752,0.8892135
88143,0.2075739
104785,0.28450125
18425,0.56596863
120298,0.15674545
149256,0.1423661
22675,0.9138191
63042,0.18946135
47268,0.17861563
145669,0.4346304
134797,0.63584787
100200,0.84923464
136366,0.15856811
86873,0.10215383
74990,0.59850675
148583,0.49994123
136189,0.9512907
87465,0.3431331
142753,0.97946334
114110,0.6526692
131924,0.06534993
71496,0.09005999
142953,0.25080365
64396,0.2528313
12719,0.066576555
119322,0.25191996
132531,0.089485526
57696,0.18191333
111030,0.65876085
111407,0.7482334
33845,0.08153697
7969,0.11234545
48685,0.09643299
17438,0.1343262
147858,0.26648188
98962,0.13836952
52859,0.14116241
7548,0.104075275
134247,0.098553486
49288,0.084196985
40736,0.9251627
84426,0.08018804
81511,0.14703909
749,0.14956841
35514,0.42181423
125954,0.43801197
9314,0.17171067
135293,0.15169205
7958,0.1401402
37103,0.13787867
105122,0.7644806
92301,0.23997043
127648,0.13716426
120160,0.13658758
88152,0.6341813
88071,0.36965215
124829,0.08212125
148629,0.3032202
13972,0.10818309
125879,0.37443048
63952,0.119407706
102736,0.43791035
135318,0.8631803
148890,0.55257183
23707,0.52603126
87719,0.24809694
11651,0.13373382
69502,0.17502326
6770,0.5714623
7164,0.21402414
25885,0.2968451
12825,0.1157582
135867,0.43683136
42943,0.16612738
98974,0.44005036
96751,0.4710173
81960,0.06808974
40137,0.0624728
139358,0.19358008
105150,0.24444582
140910,0.7081504
121382,0.17541583
60596,0.6029688
119562,0.8601938
92174,0.7471691
31151,0.24176624
65583,0.08283878
88606,0.22999561
97800,0.18910623
87310,0.54377514
1149,0.5092012
64308,0.14569701
63707,0.08944286
37974,0.37460917
17144,0.069629125
7422,0.35168815
144054,0.5926233
132605,0.09100614
106368,0.5582779
113031,0.38223606
125009,0.36092025
42708,0.52270776
124614,0.29965225
74787,0.15435848
43400,0.08046567
96272,0.036613878
3366,0.10328187
30455,0.80485874
21199,0.5791706
4306,0.723329
72014,0.17503347
30113,0.17061016
144922,0.4808981
21986,0.09443643
58638,0.9475103
113797,0.03617858
59192,0.11318155
47989,0.070172876
86215,0.4389665
78170,0.10181759
130845,0.1213229
962,0.09377617
131558,0.2018805
97393,0.28239188
110968,0.4678721
116838,0.26474035
26281,0.5256492
106515,0.28901523
91232,0.115669504
23338,0.07094564
81167,0.22433385
66378,0.13674034
92948,0.061111618
98578,0.2494891
26251,0.48839203
132983,0.7478375
131834,0.13373646
3866,0.5356367
102868,0.2468059
51030,0.118966825
69355,0.3726544
28598,0.053486448
132552,0.06328934
17871,0.14124046
106080,0.14464961
74658,0.26242143
109962,0.78718776
131549,0.18126097
36253,0.14285937
23458,0.13705035
58022,0.22582835
69142,0.9536146
124411,0.5873977
76259,0.12234595
114004,0.17071362
93495,0.29658327
48415,0.9446119
73873,0.3698945
144330,0.3118642
77854,0.30712956
1710,0.049751565
112875,0.12405444
142682,0.14170316
87506,0.13891001
106506,0.07919025
45657,0.093065426
110672,0.1258567
75767,0.16947533
147297,0.12709415
30669,0.17634551
108915,0.9049246
31222,0.16867606
73583,0.25187927
94125,0.15740134
14067,0.24129611
85308,0.24003828
39139,0.098019846
115080,0.49997514
137006,0.13710041
68026,0.3960429
77805,0.7100764
89470,0.7787555
138566,0.06354604
29485,0.052543886
70246,0.11285612
69223,0.26859114
64314,0.07014483
31864,0.13450772
76273,0.059153806
38235,0.23881947
26768,0.92634594
41426,0.10405316
74455,0.47363585
121201,0.5356603
23849,0.056159385
91143,0.3671423
88376,0.16336669
101845,0.5416273
19244,0.86666894
112732,0.0895944
135582,0.08396928
43576,0.3208935
24737,0.67187315
105198,0.11337926
116242,0.07654934
64510,0.07451964
149175,0.3634256
126054,0.11226399
71745,0.95206124
38147,0.17302638
73409,0.0721258
10038,0.26586878
104808,0.13736412
3679,0.050871406
65711,0.33409676
58418,0.12789196
101968,0.14460202
239,0.55370057
88723,0.09055388
124789,0.8460824
88511,0.8981389
125717,0.51354223
113807,0.23027265
109514,0.2827028
19984,0.14751214
61872,0.057036728
106544,0.10341342
90214,0.104745686
129400,0.09541555
29208,0.7509944
59067,0.08905623
88412,0.3040834
38799,0.05904918
128233,0.71323717
58004,0.35731274
26176,0.22128467
54100,0.09325164
145875,0.73214734
87601,0.12787741
10715,0.48326886
126745,0.05081344
114240,0.58547604
10017,0.17314842
21501,0.110437326
5929,0.3433237
134152,0.53848857
40732,0.4328451
96114,0.4395312
41902,0.08528904
115821,0.1745537
72314,0.11232705
146428,0.19405383
132333,0.74759275
116222,0.08087665
93864,0.87275714
60290,0.33365932
9390,0.42254132
60293,0.93563294
95794,0.7640982
61431,0.3223857
113358,0.6155752
51746,0.3201843
24976,0.05585631
13555,0.10234077
18760,0.03281761
48347,0.2651329
131508,0.22729841
84873,0.11727288
93030,0.053861357
35809,0.36151567
12049,0.15850277
61312,0.30508077
30069,0.12282482
467,0.1714242
51737,0.27052176
121715,0.45067915
21500,0.20299733
26988,0.493452
132012,0.47565284
63141,0.4719801
104416,0.15589365
44214,0.08594448
91396,0.42765057
19157,0.38285527
93621,0.10252986
122874,0.088606946
147145,0.30167073
124361,0.2427284
28343,0.17881346
146818,0.8372746
125998,0.6964684
57967,0.13158052
79551,0.22732034
130065,0.3201603
51435,0.9354002
146318,0.07894645
40290,0.09877998
126584,0.08612849
5946,0.058799498
83573,0.12850349
91995,0.20352918
145598,0.49692342
122535,0.65450513
74635,0.2967576
137870,0.11461934
97851,0.45917162
106216,0.16115038
30010,0.333459
12824,0.33352715
128766,0.26977864
16980,0.7622835
146340,0.15085913
37288,0.27603462
57434,0.57841283
129650,0.8342079
116713,0.23908547
1493,0.1636181
18133,0.9072548
100703,0.21785685
104429,0.8429651
27218,0.7201627
98740,0.09456095
76726,0.22657247
59856,0.06846461
48589,0.13879572
94647,0.092226595
9183,0.52804977
26206,0.256174
23826,0.12596607
59330,0.4954901
114270,0.47278255
36787,0.09836923
110401,0.853925
42759,0.05590883
87492,0.81892425
58528,0.44975272
130635,0.8291262
85424,0.2662826
43340,0.36145666
81209,0.41715083
59269,0.15194865
32069,0.29888052
9792,0.6416647
131746,0.24687956
54084,0.5011771
104839,0.7190805
4363,0.49756414
148370,0.9500472
111837,0.9087516
130834,0.08104565
68056,0.13021319
9683,0.22322866
46148,0.08217108
94473,0.2991927
104532,0.2653938
79099,0.09381755
101261,0.70500535
76582,0.4554716
7682,0.30006424
98296,0.44890687
93354,0.065508075
72328,0.30344716
128605,0.43442205
45360,0.15343472
143673,0.076607555
28753,0.15785338
72044,0.12044821
43191,0.16094717
67988,0.15289618
74566,0.5859294
82813,0.23629902
138936,0.09631961
73524,0.7948358
65380,0.5791345
46489,0.09713302
128945,0.15735967
76706,0.09443121
127105,0.17273474
37819,0.07190417
59430,0.07202585
41194,0.20135939
112229,0.62344366
55111,0.081770346
45723,0.8492526
39754,0.08149182
84390,0.06339968
129506,0.94629765
96818,0.058706492
115010,0.13121219
116714,0.07015875
28649,0.39214057
124446,0.06968132
77872,0.075003
13837,0.70510614
7689,0.2348914
7621,0.4925828
46321,0.076254964
34615,0.13857788
139534,0.46224704
109263,0.20427288
20816,0.8225958
29872,0.6029852
12810,0.23563397
2279,0.8499587
140023,0.76428485
17062,0.08893268
120306,0.10195274
60678,0.10786827
127872,0.12867644
43982,0.078688
7667,0.07757479
39399,0.24489209
14906,0.9559551
84778,0.172217
75971,0.12894082
142748,0.36560985
32007,0.74555224
87626,0.16642258
120396,0.625669
28111,0.10286249
53797,0.8639679
89837,0.42560193
67398,0.22511601
40161,0.1358164
6388,0.21855524
102825,0.1028432
93769,0.872555
101475,0.3087893
24424,0.5596995
80268,0.11787787
100457,0.14707267
80862,0.14523
17303,0.5134095
112661,0.030132575
139247,0.27698815
43246,0.26755482
66621,0.11477739
66865,0.13848038
48077,0.05999127
79173,0.05386894
18132,0.47173995
42684,0.06292887
55817,0.09010468
16264,0.16545556
126615,0.116596796
7495,0.5751802
85217,0.6202625
39821,0.13849474
82532,0.2548253
99407,0.15457945
36059,0.08721517
113151,0.4995977
21462,0.05200213
50990,0.14574683
80256,0.54751277
59272,0.3651518
112292,0.09498034
98850,0.2626263
83278,0.08147826
13941,0.7790999
43796,0.099265546
10216,0.097206794
3239,0.6098799
75264,0.24866587
24495,0.122076206
136458,0.2398665
98338,0.6697546
126908,0.40515015
68492,0.37915874
74187,0.62815154
57182,0.118947975
72872,0.1953443
40352,0.1537006
118481,0.10167748
21711,0.026262892
101857,0.17461777
132931,0.71358377
124818,0.1101097
106710,0.1500073
120947,0.110766426
16081,0.62612635
133944,0.89309657
112656,0.1284606
102254,0.28329566
144518,0.84966516
106646,0.104526974
102310,0.28663093
98500,0.08196976
90737,0.26280397
14965,0.091284
114941,0.591356
56543,0.1309926
6734,0.7930227
111600,0.6379562
34212,0.17397135
60183,0.081912324
5191,0.22896537
13942,0.105317734
60801,0.19568816
42862,0.95727694
72671,0.9178039
104224,0.094610974
66341,0.19135065
97024,0.89276195
6073,0.07319512
66636,0.4124514
60018,0.25876343
59101,0.14159213
98901,0.13945794
136818,0.09109645
103147,0.094433494
100162,0.51261246
146184,0.12117584
48418,0.06683259
43548,0.12791069
19205,0.1374874
102404,0.27275816
98885,0.22110982
123812,0.8888478
27462,0.48632076
137439,0.11019233
139231,0.06629499
36115,0.2780241
30400,0.2567572
106853,0.56182134
98932,0.13069034
8326,0.05155687
13936,0.0873275
137916,0.39482483
10148,0.19894235
104257,0.2848418
109759,0.6940241
14354,0.057200044
138727,0.084283166
35782,0.061995916
126179,0.15422897
116255,0.32715684
4113,0.2661987
136657,0.077136874
25743,0.94446886
33262,0.08058261
142144,0.11973796
58433,0.3331812
132385,0.95572907
24485,0.19719565
4979,0.6774668
93100,0.11668199
60078,0.06756666
60712,0.8484647
77890,0.08138565
59788,0.05400622
95364,0.5514351
101980,0.14957632
107798,0.43941435
21350,0.11041674
505,0.10827037
31713,0.06696523
51036,0.39205936
19777,0.22133796
34584,0.057649937
68631,0.4714374
560,0.1499552
25758,0.68355906
53720,0.97547376
135787,0.094465785
130971,0.18114825
80542,0.09757675
40313,0.18281215
108930,0.14216201
106051,0.21523145
27391,0.25845718
74694,0.050757132
88561,0.12593722
30615,0.6366147
120542,0.20562689
66806,0.07956998
107534,0.3904004
112257,0.7867876
78409,0.13093567
5755,0.6884315
22118,0.38873607
51872,0.14540726
35611,0.30158994
35300,0.08405072
48602,0.10821429
127613,0.6652222
100233,0.079730056
89768,0.5281611
5054,0.14410841
63608,0.21812165
15424,0.6324392
47229,0.14601588
118170,0.12981986
125280,0.39606684
63015,0.068021946
107442,0.8130661
89943,0.059215907
69956,0.37199348
91068,0.15983716
83108,0.14861923
90997,0.14285076
15775,0.8403454
55770,0.8750083
66582,0.11812508
120268,0.24191292
124497,0.1033992
95703,0.09195384
82446,0.10008274
52120,0.40413976
122240,0.26395705
79952,0.54517096
17211,0.057429515
59315,0.05916844
68613,0.3507535
141277,0.37094742
94533,0.18285264
14053,0.2157994
119477,0.22961763
29392,0.11150933
34033,0.95306194
122074,0.49876922
99774,0.45469716
22208,0.5533135
9281,0.069493935
44633,0.941262
83994,0.2581546
114306,0.37374413
13084,0.20515905
54349,0.46879447
19421,0.59186435
118596,0.10065451
12356,0.12759343
98889,0.17027687
49318,0.24498354
2965,0.42328224
85782,0.12463585
46439,0.08029971
122880,0.95049006
145686,0.13075331
82070,0.24515581
29213,0.52305275
51097,0.15910706
43342,0.19134234
121779,0.08739284
29036,0.12107046
139622,0.42818508
58785,0.08511406
89391,0.11227906
143672,0.109101005
137600,0.15541665
836,0.24488547
55927,0.12196139
30327,0.16592218
51015,0.18719749
147263,0.10114393
41859,0.08653677
40446,0.4032649
81688,0.09396827
133932,0.09030994
106273,0.6175009
29244,0.14690015
45823,0.1717614
102696,0.2288061
132111,0.6570491
82328,0.61032414
142379,0.5440322
118190,0.9187544
60699,0.35539284
134236,0.18494432
96673,0.23874018
103404,0.17715031
52201,0.06291627
58009,0.15406522
13483,0.4592029
79779,0.18234806
57907,0.18451163
142196,0.16087306
11309,0.9183793
46105,0.25502858
104792,0.08183743
50555,0.13035157
52225,0.12235069
111919,0.29202792
140618,0.7163579
92245,0.8913002
56197,0.4648032
82857,0.11159404
86187,0.7581046
105800,0.096774936
85486,0.35683793
70900,0.4328706
1630,0.7167668
102177,0.12167278
61912,0.12113298
6710,0.06431935
108430,0.2892865
52605,0.08411433
65204,0.29827654
33880,0.22484705
111974,0.10676515
104799,0.07750119
137296,0.053077567
100683,0.18136977
124957,0.12159323
90841,0.071371175
95913,0.47498912
50648,0.40324995
91226,0.5791253
15871,0.32267436
78750,0.10504218
69098,0.12491475
82974,0.1156973
62007,0.4518482
67315,0.06687177
145744,0.47413516
79617,0.19184624
134243,0.1136914
37084,0.11488504
81889,0.094709784
85097,0.35789305
129794,0.43710646
136271,0.16762294
121077,0.6160229
86042,0.04881805
53600,0.39668497
123233,0.5188877
95179,0.20486481
68284,0.6492733
118922,0.5152411
58805,0.05443307
115657,0.10192096
94558,0.40166473
120193,0.5297083
125302,0.6771646
39609,0.12667762
69207,0.6378691
118932,0.32201785
32012,0.14062016
72881,0.46615788
60490,0.06099639
47346,0.13937764
127324,0.35279366
84653,0.097524345
133313,0.6018827
35597,0.25908408
146259,0.5472447
71005,0.17038605
25448,0.4248551
142746,0.6332844
83091,0.16152394
78759,0.4614185
72797,0.06133118
112521,0.120779306
108176,0.91902524
23764,0.41154924
143298,0.08140412
87353,0.042628437
14789,0.9178039
13110,0.13405158
105713,0.24938378
29892,0.069839895
140692,0.49161336
110260,0.30357766
33632,0.23179194
53761,0.057636514
49459,0.69330764
106240,0.1085812
147009,0.32717156
91993,0.15442985
9884,0.09943483
145323,0.38015643
46438,0.50801486
41068,0.16792601
136148,0.10182528
65299,0.14501917
91002,0.111979224
131824,0.08115185
4395,0.4996269
35042,0.8826854
79936,0.3261417
144736,0.15312873
40155,0.5094541
68620,0.65344477
28805,0.16039887
34405,0.78705794
145518,0.09743708
66706,0.7098888
44607,0.93017125
115461,0.61787736
113499,0.4072444
47535,0.7799813
67040,0.6565853
148487,0.45227483
56260,0.83542717
6072,0.91959023
57118,0.08671539
85859,0.25184035
147581,0.317179
13610,0.20449494
16071,0.48047426
24007,0.1408113
26701,0.20021622
134835,0.16365357
9609,0.9048075
149143,0.61161053
105092,0.12617873
127874,0.11847102
86140,0.08716361
99427,0.41210267
74300,0.12573014
41793,0.47750014
56068,0.79356605
56429,0.14160857
8055,0.04903471
29021,0.108453594
13332,0.16107261
28635,0.71406364
6348,0.46244448
62413,0.36543077
9650,0.83725345
145980,0.56950074
1441,0.9552389
57195,0.45965952
117876,0.19314429
138607,0.12223431
7074,0.65964156
118723,0.055795543
82684,0.104334526
88173,0.45741585
19231,0.5903784
28518,0.16734667
46846,0.08958991
120156,0.7965766
96639,0.2555417
7572,0.6738593
92972,0.42485905
66306,0.09899083
24385,0.06377759
72875,0.20917167
29666,0.7468549
97635,0.10434106
51648,0.21361983
40198,0.053586062
24612,0.39269486
61045,0.122109726
135923,0.18848073
9909,0.1598982
112549,0.8800483
89516,0.8719868
149103,0.44551647
100094,0.22103158
12927,0.67254084
65614,0.4050748
132343,0.6591409
98243,0.7202343
134419,0.8419937
42305,0.16167194
103986,0.28075856
38621,0.13898829
73152,0.10247793
101940,0.15313146
25601,0.03827035
22467,0.46840143
48401,0.927534
15946,0.22391084
3795,0.16452813
43361,0.24948682
94551,0.38864452
57076,0.1113514
96416,0.4001266
139610,0.15804124
10278,0.89781994
37976,0.9829503
67892,0.6246675
30336,0.26367235
56828,0.089397624
143990,0.37823358
140998,0.76500034
22702,0.26347485
63145,0.7550119
124246,0.043035857
101697,0.14281258
122476,0.66536134
19120,0.1858343
111964,0.1469578
19158,0.4598212
100705,0.109934114
53235,0.11804904
38307,0.084940545
79907,0.123564415
52030,0.08475826
23007,0.7356873
49345,0.38275442
36567,0.26800084
142889,0.09038379
40756,0.16780284
119304,0.5800676
97083,0.13760892
16988,0.09288833
6166,0.13855551
75772,0.4306296
7235,0.4905963
7687,0.12269636
62437,0.29663852
148972,0.81209993
90088,0.3194385
36134,0.23037958
116869,0.68907356
91265,0.16875635
109144,0.82357234
64782,0.047220837
39514,0.083841935
132924,0.62806463
147916,0.84932524
30818,0.14022304
128061,0.06058596
85355,0.65841806
145413,0.6160559
83940,0.32657373
58185,0.11700585
143739,0.13885002
16273,0.110909894
10924,0.21497037
110867,0.52650994
72938,0.08544444
55876,0.23072934
26698,0.080837995
22580,0.17460348
12111,0.47336558
71687,0.042527173
15720,0.14547937
36843,0.910877
64384,0.67788357
101162,0.08272403
3936,0.15322608
108203,0.10724378
92058,0.61559874
138823,0.14445458
124004,0.08944286
72440,0.13281238
51772,0.13402182
22972,0.56199956
126447,0.203138
97017,0.11310853
90415,0.6051566
111838,0.14054017
122904,0.06841777
102794,0.8507301
108474,0.36870357
143883,0.3388052
76491,0.07945839
91255,0.43991494
147459,0.15140599
137506,0.5802059
99199,0.4431634
44023,0.17402744
80466,0.13385877
147348,0.17275773
111835,0.24834684
36688,0.1878527
23102,0.08188153
117940,0.20278949
8339,0.28579035
12929,0.86406994
29473,0.7785813
52856,0.15168741
51135,0.14387274
66241,0.21063513
20910,0.5658552
16239,0.08288152
1317,0.123906836
123243,0.32326972
50109,0.16582687
24837,0.13065015
44428,0.17499077
83701,0.32377464
60960,0.23729683
80025,0.060823295
6629,0.60658145
83525,0.12228926
114638,0.42730215
130586,0.22501662
141177,0.46507707
113865,0.16609734
103601,0.54637045
100554,0.9140998
131962,0.23501657
130007,0.11923915
24822,0.8648819
131309,0.35698453
118857,0.29652163
10206,0.16253912
92351,0.08206145
89620,0.15811962
128253,0.06305641
143516,0.42835483
90443,0.120588765
139976,0.7319642
26110,0.6849468
54720,0.2223933
11279,0.28898662
25454,0.8019389
31508,0.18847035
123746,0.14484945
69177,0.09060058
123392,0.13609834
106937,0.3144399
17132,0.11525444
13764,0.28544518
12823,0.4743634
54292,0.56017464
107776,0.088995345
77600,0.2961171
64211,0.3834159
31101,0.16398065
140061,0.28666744
10863,0.06438557
94400,0.06542441
85074,0.14363575
149632,0.085284464
5399,0.7572184
71851,0.09043307
11202,0.14714895
134582,0.21462579
36919,0.530474
116144,0.120771214
143489,0.9175786
7166,0.2371116
9236,0.9262454
36924,0.83179575
42135,0.084722795
39665,0.060792062
19540,0.09231358
3418,0.10363229
8252,0.6820687
15539,0.0926866
132845,0.17903721
99384,0.6019866
72694,0.75868624
133742,0.089450605
149718,0.53735286
114635,0.5772313
60983,0.48925138
79131,0.88672453
1866,0.3568184
56363,0.09792147
74343,0.3195806
97101,0.9666987
108321,0.5601176
61937,0.31919676
71286,0.08094808
99331,0.332591
149557,0.10270566
57970,0.50340694
137531,0.32041723
86273,0.17948751
80060,0.19697186
138357,0.12481755
15,0.03736249
1395,0.10086416
78777,0.22649707
71435,0.39252964
118693,0.07285564
2356,0.64085925
100491,0.18854073
37513,0.18522832
58023,0.0519254
2545,0.1930862
76210,0.11745111
6013,0.9208514
69921,0.14545456
77754,0.110080965
144614,0.10386343
51432,0.10444784
35910,0.23836929
86701,0.59003294
105112,0.67600083
15241,0.09848861
103656,0.32007635
41124,0.13582589
14201,0.115462154
22183,0.32194263
147323,0.21314162
25017,0.094345085
45417,0.09374329
88383,0.6670185
27278,0.086357914
114105,0.12907639
139809,0.057724115
9538,0.38620475
76476,0.46347827
44173,0.18391728
100340,0.03936519
48759,0.46077317
132617,0.10958793
122444,0.5939247
72224,0.28572816
68665,0.10606734
71525,0.22664005
12344,0.19987759
104315,0.5416341
56865,0.40582073
107679,0.0729564
148313,0.120903306
77041,0.07813553
108645,0.09520084
7613,0.14412446
133809,0.044506915
90404,0.8433067
4768,0.510252
47341,0.26913267
17450,0.25209987
131753,0.055349756
56992,0.2426154
124727,0.29937062
76085,0.09800385
57834,0.24797273
115084,0.09346934
97508,0.9565953
127158,0.07755607
84861,0.43658695
48949,0.7252697
92843,0.6551045
87680,0.8372106
118847,0.1766752
51391,0.118017815
80704,0.902347
143348,0.77644163
121047,0.28817695
13539,0.15329152
32480,0.41478845
138032,0.37052652
115437,0.25862753
100363,0.28460878
83344,0.40808743
141329,0.1654515
113612,0.49950257
113621,0.09706197
97208,0.8501864
49899,0.45319104
55141,0.24679366
113600,0.5411953
116957,0.1279913
87412,0.41790614
18747,0.4241841
76016,0.14798743
19912,0.4653848
124266,0.11397611
83027,0.14247541
6368,0.22563696
107221,0.84421957
99618,0.8990748
93731,0.9547812
95139,0.31459424
105139,0.36937532
72110,0.4159919
98290,0.87976605
96050,0.96006024
132545,0.47125635
133528,0.8864193
128980,0.7438381
48494,0.48842683
129421,0.1545727
79552,0.527567
114013,0.84955174
49419,0.10628671
94202,0.91355395
127047,0.18046468
110258,0.10790727
43702,0.65986085
91451,0.34499303
526,0.091592096
114391,0.83672905
39409,0.31520617
90105,0.9124905
115788,0.07836169
101937,0.3253074
13765,0.36549214
78627,0.3059602
11073,0.16654162
17887,0.24701032
97349,0.14600816
99771,0.7736416
119209,0.07539498
112543,0.07437991
94299,0.6538741
88497,0.05559028
37568,0.10706804
84352,0.4887159
139502,0.30716032
79832,0.06911746
142203,0.09530573
1387,0.3775654
149959,0.15813655
110080,0.065330125
139577,0.072543375
61786,0.19934219
84561,0.6942224
80653,0.60402644
70684,0.1921391
105343,0.40459612
19810,0.4050859
76243,0.17546916
23928,0.46952295
35426,0.20082757
102755,0.30417854
74361,0.54952776
4176,0.5771726
17375,0.4210599
133657,0.15507433
42357,0.07383025
146892,0.06073595
69088,0.53572553
138804,0.9274985
74954,0.21306626
111941,0.23229092
51307,0.09083717
2975,0.15066923
41869,0.1399958
142421,0.07399967
45698,0.34760052
125583,0.14706922
15447,0.93868613
73334,0.27466494
106479,0.06432001
84397,0.17668475
128156,0.12618683
106897,0.19588043
51723,0.40374056
142707,0.1561309
62479,0.17016058
20101,0.5488115
110772,0.20494057
68424,0.8270493
132463,0.8574587
3519,0.33959445
13916,0.26211604
53146,0.46795446
13543,0.20237122
109477,0.4210495
128246,0.6925026
111799,0.09852489
19516,0.29855222
42893,0.18072194
40085,0.8300122
10676,0.31806278
27064,0.43249264
43852,0.23586726
138901,0.58441126
64062,0.17255138
43850,0.26173377
97325,0.073983364
146226,0.14624904
100553,0.79350233
135277,0.13012573
96257,0.6928974
42967,0.19432874
113832,0.10875485
68343,0.62343997
14849,0.7656556
31226,0.11297735
121531,0.28257218
95627,0.39853323
83583,0.62212354
54777,0.20895615
43598,0.0983193
48525,0.1473424
54888,0.082903415
9652,0.27979052
117471,0.1254965
5799,0.15546265
104352,0.22576195
141261,0.15980187
35090,0.52979255
105279,0.8930111
50724,0.12612592
14114,0.04810366
103908,0.65970933
83447,0.063346766
114494,0.32131347
44533,0.09442391
78911,0.14801678
77475,0.6743552
69204,0.10286236
76068,0.10882968
44613,0.13353053
79306,0.07865062
102757,0.06553487
94191,0.44920784
97187,0.46486986
128710,0.32391313
27443,0.37488234
85159,0.6082114
33970,0.09746334
53455,0.08574808
64513,0.6064825
84745,0.25591788
39594,0.108178765
97516,0.5306954
14235,0.06483101
14795,0.49828714
16412,0.20631237
97353,0.77413654
2497,0.8582763
15053,0.102657445
119302,0.44267312
26262,0.3102369
51126,0.19833642
123215,0.2979823
30672,0.35670492
100375,0.42774343
119516,0.5893886
36310,0.121132925
33217,0.17324656
140962,0.05170612
147151,0.37298915
49957,0.067433864
25770,0.37139395
123046,0.1257004
149585,0.3802328
21572,0.19020054
93939,0.14365582
87569,0.050231706
73465,0.59475595
86542,0.18446259
115882,0.53702104
28588,0.25341442
106800,0.04721913
15296,0.06085031
83062,0.3925263
247,0.27884647
48951,0.098221
112988,0.49624842
109720,0.5255348
143747,0.10560159
98134,0.07304404
78626,0.19787182
70410,0.43361387
23622,0.17120397
102866,0.66467446
86863,0.40981394
115008,0.913401
122185,0.119713165
147192,0.051668778
55349,0.5055386
10454,0.97902006
26327,0.071215264
6180,0.55559766
74539,0.34303826
101793,0.07217383
128367,0.62826747
96245,0.061674252
88714,0.1874907
59325,0.40934896
17427,0.1674699
61345,0.43819302
90060,0.30315346
26232,0.12860411
39715,0.41539332
99139,0.65249866
128755,0.16074787
88881,0.3233192
103186,0.7973024
125758,0.53115255
71819,0.16209096
149699,0.08564483
135516,0.24621254
16713,0.05922228
62037,0.91654825
14004,0.5254221
141664,0.48763588
129950,0.39884305
131732,0.07474434
59161,0.08473864
76038,0.13597688
33211,0.23113106
118516,0.9752278
64146,0.10267908
55085,0.08846814
36996,0.49713993
51051,0.33416563
23474,0.079747446
106874,0.31473628
25038,0.15049872
86144,0.44646934
46159,0.11689405
96084,0.1459351
58477,0.87463266
75716,0.2684836
127450,0.62614936
27329,0.07483166
60059,0.21477179
80110,0.14533128
116212,0.6087525
43689,0.2930811
141885,0.23158763
95692,0.19112243
97298,0.38465682
58512,0.24290499
4245,0.71881497
120029,0.6933439
115094,0.47195503
146768,0.792902
82338,0.91036505
115721,0.04975543
99083,0.16544995
38446,0.29167333
126343,0.55579084
34389,0.1938286
83106,0.8042999
47494,0.79919666
31448,0.8153971
26213,0.0593652
17583,0.11677087
69792,0.056409065
127588,0.72117674
6724,0.5389539
2579,0.10021086
102886,0.18825473
101838,0.7618642
15736,0.5003086
80127,0.3783684
135986,0.30810854
6963,0.08075635
63726,0.23652071
72960,0.6587558
42506,0.53712076
116791,0.40689123
85749,0.13045087
60017,0.8390498
30597,0.28568596
67514,0.070708126
9094,0.12439034
102323,0.052822884
97801,0.20154083
134807,0.49406716
80692,0.15499213
98216,0.13991606
92582,0.17457092
32378,0.059025224
59492,0.8356579
142382,0.4357339
148436,0.45507014
35781,0.6183638
138359,0.13445884
24431,0.1565248
134630,0.050746668
109522,0.15708373
114793,0.18264744
135754,0.6618413
10970,0.3797896
69087,0.097836964
116448,0.12069956
54963,0.27992502
117720,0.1609922
40370,0.13001797
42041,0.21819659
149095,0.6946993
37882,0.18137588
113225,0.11202103
14233,0.9456361
100665,0.7420198
143145,0.09791469
29350,0.08623702
4713,0.21791282
9080,0.17973718
53595,0.35723028
28604,0.8095277
5419,0.13549575
14641,0.2082146
6164,0.07055018
99374,0.09982275
144217,0.2897183
63530,0.08900507
149832,0.13592881
21237,0.57214874
83421,0.26530695
45067,0.13358274
109141,0.28344384
97168,0.38116184
87040,0.059673667
71484,0.33264992
33754,0.29096514
88102,0.6845515
127438,0.39701423
129782,0.29795367
116915,0.15393187
49727,0.8584826
114766,0.10411134
68781,0.13536575
63873,0.50452507
98986,0.1850492
27578,0.41536522
71277,0.24532391
138772,0.049358606
41779,0.5911073
1301,0.4825663
132187,0.31724527
49529,0.06543427
114272,0.144658
11124,0.11693883
136314,0.07531106
49218,0.9223594
59034,0.10651433
18066,0.08954891
74443,0.08484001
45432,0.10704769
51745,0.5482689
121017,0.9517016
107531,0.081073925
144167,0.2614704
30647,0.36165032
59960,0.117800556
30263,0.29393303
113471,0.39099112
18155,0.6976516
136127,0.09410148
109956,0.19599533
85523,0.113684125
26196,0.1723627
105622,0.14918073
23806,0.3170715
74130,0.08968484
22653,0.1842515
143199,0.03945058
46691,0.8780604
105808,0.15751594
4719,0.08435173
29562,0.19504733
143961,0.16487391
85489,0.5053954
60720,0.088117234
148970,0.08898208
111931,0.49546155
23164,0.24821481
123465,0.21421693
85747,0.18552557
144349,0.08995101
103164,0.25633493
121243,0.07167622
102101,0.8709895
61623,0.35657609
38160,0.13524994
93132,0.4891425
60262,0.28242898
40398,0.08643396
75792,0.5751856
9154,0.06192187
96860,0.33502442
115041,0.27150297
29572,0.104286
147853,0.1599903
47636,0.27240598
46594,0.50308466
45792,0.92942345
20367,0.48824492
111763,0.061797194
1720,0.20680247
2960,0.035519134
55162,0.8149453
8961,0.63850254
131604,0.13920516
56517,0.6506173
6924,0.03664462
47348,0.5202625
120614,0.10346259
57976,0.40548685
53279,0.16393343
46233,0.12984724
47513,0.1321831
82488,0.11195855
53622,0.20717268
130498,0.09887589
130838,0.9089762
37755,0.0916144
5080,0.12848106
114120,0.19328378
112094,0.36802533
32011,0.2511933
13125,0.06400628
5184,0.16114014
2281,0.8664208
16057,0.57713914
65754,0.10192352
14149,0.15032971
24692,0.2927138
129117,0.10782804
120699,0.47451392
138190,0.25934198
106029,0.22348657
106924,0.067588195
39847,0.11640205
484,0.0779412
134549,0.19663955
74523,0.25432408
29421,0.54712975
107337,0.23976867
9879,0.12369055
64187,0.13437045
102263,0.088813774
140621,0.9697035
40763,0.22568348
126496,0.34579208
74445,0.7119006
136825,0.09777416
69341,0.24862967
84647,0.12689668
92095,0.7048766
52551,0.1552108
69935,0.14047797
87358,0.38527745
120825,0.14371783
119728,0.113633566
54484,0.05574203
119720,0.1265484
81161,0.0796047
98701,0.08152991
69709,0.2762844
61148,0.18309616
77196,0.12436388
13035,0.40571144
64818,0.27640754
70541,0.29545072
58120,0.8237555
8851,0.06184055
125072,0.47296658
139452,0.063300066
1326,0.5103833
84435,0.3432504
81618,0.17923184
96044,0.12639707
93435,0.69239193
3893,0.58233875
8123,0.8207174
79468,0.41319358
47097,0.09310305
101982,0.11210324
15397,0.26275176
68499,0.10686951
49196,0.63407147
87122,0.36180842
138493,0.27374294
21249,0.14941755
15765,0.2988538
126119,0.45422223
109214,0.035296984
38213,0.62626386
120512,0.1892353
119299,0.18907915
94833,0.103920765
16049,0.2743101
73482,0.14499879
18834,0.07080172
93157,0.34876844
9559,0.08488536
67321,0.80674434
44850,0.1046133
108643,0.21882054
122121,0.5105944
110974,0.88713807
5492,0.50535816
75796,0.34164628
106096,0.0838173
38505,0.9249727
148862,0.5903642
75006,0.05409998
50844,0.19495133
12020,0.090206005
122345,0.23848747
39945,0.22798426
31782,0.7900702
72091,0.75406224
63825,0.39458883
132357,0.16589288
9049,0.29046
39937,0.4531444
107134,0.67493665
91283,0.07191303
79738,0.53716797
138414,0.3082823
125697,0.069811136
24119,0.06638223
40488,0.26140216
92983,0.30095726
61464,0.4885339
122996,0.18585806
94858,0.25227255
124679,0.07208654
139152,0.12159879
22813,0.10779468
80147,0.1131075
79193,0.8470817
14543,0.11838476
118930,0.12638126
85966,0.18990906
143872,0.16219507
100557,0.9480698
80972,0.88732225
98859,0.67199606
66457,0.17302272
82973,0.33503005
111055,0.09618297
20165,0.13189918
84715,0.4392277
35643,0.15868193
55957,0.5929612
33963,0.23762272
95838,0.39415216
43297,0.1646663
10538,0.86493886
62348,0.59225094
117433,0.50895244
46875,0.122571036
143095,0.15996192
120712,0.9335041
4138,0.17621563
34845,0.08080314
53166,0.15116689
66729,0.27854154
3524,0.67002183
56744,0.04348123
37673,0.23056029
69815,0.14114644
34039,0.196576
131646,0.1837916
23952,0.23955838
82013,0.15525025
92764,0.25721598
85779,0.112094164
80375,0.47180754
10387,0.15672655
67162,0.186236
59003,0.34374553
37241,0.6617075
101139,0.8859982
104737,0.11363571
85804,0.6487345
66629,0.1320387
43645,0.05064615
32829,0.08891935
86702,0.84805894
68158,0.13460705
113035,0.22287513
13031,0.90691245
90532,0.16525316
30939,0.87456155
69216,0.9290632
141219,0.074108906
5467,0.18578938
67379,0.07999156
63719,0.43033907
147252,0.30833775
139051,0.61173713
118078,0.19429636
95862,0.2002869
59151,0.609393
1830,0.38511288
93603,0.22384219
52558,0.06727522
81312,0.8724563
140796,0.17610109
99372,0.079039104
88469,0.48598936
37442,0.5636603
1458,0.4253047
39865,0.86908346
18032,0.5133681
2245,0.097529545
96260,0.06359669
5912,0.26018983
138651,0.16732381
70651,0.25935706
137869,0.46843433
116006,0.06165705
108537,0.042753723
72396,0.2619883
84430,0.13932684
2097,0.42349434
72859,0.16102162
69244,0.08787518
18157,0.125786
47750,0.2010965
133121,0.8477082
94291,0.26680052
9223,0.10343314
65542,0.3342543
44290,0.52788407
36089,0.90142107
87956,0.47768396
134105,0.24759653
27985,0.06490402
127700,0.05723895
67003,0.45681018
6426,0.33808124
105370,0.06450144
97402,0.32320496
94755,0.7072266
104095,0.8614137
81732,0.10572395
146435,0.09780161
76967,0.18634686
136042,0.42377645
11999,0.61225015
82789,0.35000023
96252,0.12574717
10712,0.44747537
813,0.15710585
85876,0.24376492
80725,0.44732958
106262,0.15399258
44975,0.45103273
91940,0.30013767
139843,0.0675881
11460,0.083477154
4102,0.10183131
101333,0.8256482
109471,0.6822791
66312,0.237101
96877,0.22655912
93472,0.08326844
25486,0.25035724
38478,0.13498677
10076,0.08120118
79260,0.4709506
36979,0.16185632
74408,0.45227996
114975,0.09794348
61351,0.7075739
119683,0.15174568
128486,0.7952397
134124,0.27003476
87254,0.66368204
89428,0.37414274
93983,0.04083242
55824,0.0848354
93049,0.37478155
2827,0.096671514
23613,0.292258
10785,0.04953763
33238,0.6436248
39069,0.9209813
94092,0.10046832
21131,0.82319134
76392,0.5336195
84110,0.6518559
49863,0.5379378
23870,0.28769267
115215,0.40800273
7395,0.067531995
116567,0.15179515
54301,0.08374675
147667,0.40903187
6760,0.09488385
1731,0.952912
11785,0.24941048
106649,0.2972211
94085,0.19561921
25447,0.08124606
117161,0.1620574
129210,0.1442748
148249,0.07285377
31180,0.07527184
106738,0.26188034
148634,0.9146917
36358,0.65554035
17506,0.28048605
25484,0.1620085
91155,0.17434658
96068,0.08211993
135473,0.16365534
137008,0.30549887
9101,0.059965067
112950,0.21659616
22003,0.17897582
1054,0.11828143
116390,0.04342742
141424,0.11046363
54993,0.3329618
8556,0.052244883
140946,0.09919642
135972,0.06411806
37992,0.045371838
71961,0.46796855
3922,0.46227044
81713,0.819177
78728,0.38175902
60336,0.04493371
103153,0.06833319
62876,0.15126343
74853,0.22002976
141844,0.8388852
49125,0.11723478
47103,0.07540246
113050,0.5110552
122728,0.43490568
109224,0.1114226
83371,0.47138527
116846,0.21168557
73359,0.10929667
117611,0.10758599
36450,0.060907453
15445,0.43144938
84884,0.13341787
61205,0.520792
60210,0.07867924
46269,0.06109794
118101,0.39892137
39983,0.1312231
82724,0.10068848
11407,0.1656308
80973,0.17173493
63474,0.13311107
122311,0.7435097
12513,0.18851383
65250,0.41942972
35822,0.84628785
148280,0.31714037
106146,0.07598175
13325,0.39444077
130276,0.07850465
32463,0.25677767
34091,0.19075678
21731,0.32794288
116690,0.69877577
133756,0.4489311
63796,0.8368092
28130,0.30372036
39426,0.5455016
123571,0.9179866
5541,0.6004166
61381,0.3800925
51615,0.07420418
77483,0.48079702
106625,0.20835994
136356,0.3785332
60558,0.71552944
136061,0.099430054
110238,0.060511194
94129,0.76762366
140884,0.49217597
39007,0.671927
135301,0.082322955
22159,0.1444029
23703,0.06448548
112504,0.7622055
7241,0.10921291
141125,0.32296583
24779,0.1667592
32134,0.17088145
66662,0.075376205
19761,0.103175506
70520,0.085941926
69266,0.30280545
112282,0.10473259
3730,0.08766786
96148,0.4049832
73586,0.11129617
29404,0.18841748
19513,0.5537599
74093,0.07790689
56335,0.51444435
17855,0.10390629
111420,0.51946306
134462,0.10129237
23047,0.26485208
135472,0.17738515
49360,0.1404274
59336,0.68851006
53839,0.48288506
5216,0.26339602
58642,0.098008044
99141,0.39882073
142276,0.1315984
113321,0.34310752
147324,0.22331207
68300,0.4708396
51486,0.5138837
109635,0.7791899
61880,0.9615211
55083,0.1836776
48541,0.112262584
116266,0.101843365
143636,0.643827
86846,0.56547713
137834,0.71752477
85393,0.1418085
45284,0.18674508
126070,0.41264403
78952,0.12506442
43590,0.68838364
67521,0.96265686
51555,0.059203543
67006,0.20779473
66880,0.13269909
119326,0.18554391
85018,0.38016912
93847,0.09456808
129025,0.27824435
95124,0.13487427
7850,0.28204656
59312,0.49746352
60122,0.07002873
115320,0.1885257
45581,0.081235126
52713,0.4153595
146354,0.08750899
21044,0.40988624
77134,0.6892304
62315,0.97910863
147887,0.94148535
55453,0.4038185
112952,0.581789
96829,0.33191204
59143,0.6332976
115838,0.91340834
92081,0.16890897
126078,0.8831397
92711,0.19668704
28815,0.56694955
147281,0.3323732
96772,0.55637026
147474,0.17265318
7992,0.917925
120955,0.29463044
40797,0.23037009
109278,0.6070776
23715,0.405796
48659,0.13344868
78751,0.89016485
39708,0.072908364
46507,0.13684733
53843,0.13665734
24450,0.11693548
104475,0.1337067
109513,0.21957666
69941,0.08177828
149391,0.08248541
140117,0.12888952
140611,0.9467113
19072,0.30050084
113530,0.21075858
81998,0.918627
75800,0.17862058
124626,0.05407218
143210,0.2019416
7293,0.37415087
135427,0.10560406
54331,0.16367505
134494,0.20079358
85375,0.51011115
120862,0.2882889
28566,0.16336092
57663,0.3977992
83143,0.58779645
107452,0.07472143
99498,0.4394178
20113,0.20640412
130849,0.39583275
83194,0.18734516
141070,0.1732364
13567,0.6395715
56655,0.51154953
99336,0.14228976
18058,0.68987405
7527,0.2975633
2756,0.4952499
41555,0.80375254
127897,0.9152303
43281,0.5464441
123926,0.38554513
115681,0.1393399
56062,0.25264964
11381,0.13266961
144215,0.13292383
20215,0.08357375
74560,0.05897775
116527,0.14770831
101234,0.055835318
75450,0.2238716
97429,0.10534607
116017,0.926807
127062,0.31470114
77818,0.20089155
10960,0.13453922
119854,0.12560882
56628,0.5243255
2096,0.11507995
44206,0.14428002
110619,0.8558091
115409,0.15333608
93174,0.5965044
24168,0.129236
70080,0.4636331
72805,0.4439585
69864,0.56013995
138294,0.29985854
128208,0.7199207
129386,0.11930004
82667,0.39583775
63251,0.51844954
14271,0.056261748
103291,0.4658674
91852,0.13126855
8514,0.71177644
136687,0.8992599
83785,0.10305911
91356,0.45344165
82711,0.059334453
77762,0.1875037
11637,0.86546135
22749,0.23978996
13852,0.28356546
89860,0.10866859
106221,0.09706597
138502,0.48410064
17875,0.11981084
30840,0.63079697
117739,0.19131294
145904,0.038183372
53267,0.42734745
66513,0.55254173
140158,0.29462403
11518,0.3849245
85898,0.36702424
35682,0.11722914
34068,0.05007641
22670,0.252299
107572,0.22148243
107678,0.9444139
103556,0.36609134
545,0.31577605
145641,0.7844489
41533,0.26626888
143464,0.41867912
95801,0.47181126
146445,0.2974759
5233,0.27044287
121039,0.069890104
5437,0.46669114
28367,0.23289648
62881,0.21368012
24908,0.17751828
19893,0.14140351
123128,0.8840699
127319,0.63011456
22234,0.1760302
102119,0.07223162
3951,0.1355029
99421,0.52120286
80125,0.1261463
18523,0.09892705
6907,0.14709662
27397,0.23644076
7403,0.23381701
34481,0.23426804
5513,0.46037683
16190,0.086774796
37393,0.41869736
122608,0.55483174
12408,0.14031555
137155,0.23196788
7570,0.088701755
775,0.17569472
49003,0.15625644
109085,0.06107179
125283,0.29194093
119998,0.26119056
518,0.35778236
83936,0.7084199
62538,0.9486548
5147,0.09310381
141816,0.45258296
141419,0.22419669
117917,0.7835222
96658,0.43940985
107856,0.5090541
133848,0.3648308
19204,0.10307522
49415,0.10545002
113415,0.6624541
84697,0.13220274
149552,0.29570672
122449,0.4751314
114438,0.2410877
14436,0.64549184
139783,0.111204274
19797,0.06256155
114243,0.06450238
106364,0.17670146
93892,0.8161117
53179,0.82107747
72087,0.09195509
34060,0.61792195
96298,0.08394735
138840,0.37646267
92296,0.25921106
20254,0.14452621
83948,0.5721028
66496,0.5192391
121561,0.045533556
75140,0.33918962
71877,0.1781137
52037,0.3094091
44277,0.63188624
45308,0.72785485
44592,0.4870802
14447,0.23647057
25045,0.12469815
38002,0.16700415
41710,0.15180586
148317,0.8109455
9461,0.58302486
87625,0.40536097
120136,0.114351094
84852,0.13823058
140781,0.20588759
105130,0.22056077
20412,0.36208174
68844,0.13257004
63106,0.12189691
38968,0.4931303
61174,0.6804966
68348,0.1619059
8319,0.16600238
143830,0.599474
128380,0.11799348
121389,0.2992109
8126,0.16364415
11445,0.23938805
108244,0.16861667
138628,0.16866112
80048,0.4538844
49707,0.7158554
129314,0.071613386
81444,0.6620247
105338,0.7932015
72553,0.065975614
35925,0.35109
79343,0.6138498
116931,0.06680663
142571,0.4907476
85181,0.1557382
138474,0.7264564
122641,0.10402872
29277,0.12904772
10816,0.43247244
65923,0.065520704
116728,0.09197725
132981,0.14997827
144059,0.3890698
37988,0.16813731
6468,0.59821296
87516,0.47577944
16235,0.12888171
118355,0.07990929
18187,0.056609552
2635,0.6604157
111980,0.17472099
24453,0.06825892
147680,0.07963257
89047,0.26769415
8812,0.5783205
35333,0.08565952
130160,0.16861196
115906,0.14198068
127417,0.36741036
23898,0.659785
119972,0.08249352
111518,0.19838023
53173,0.06389488
139921,0.24836501
42181,0.058951024
99877,0.36614913
34337,0.05641234
82269,0.80659807
148209,0.16069083
146560,0.6769962
106834,0.1646819
82590,0.7078232
121861,0.033197787
30898,0.36157462
111134,0.10837015
41594,0.51864445
85641,0.42385152
73989,0.17059062
140114,0.1255302
3694,0.16833182
120824,0.5133644
51270,0.6669587
72272,0.115383595
103105,0.11341879
71492,0.9360328
1752,0.05390257
19972,0.11411357
128504,0.48341525
111982,0.7478845
60214,0.45052955
75583,0.13572058
1029,0.18958579
28117,0.83496433
103785,0.14381556
136165,0.044635188
136817,0.6728378
74786,0.93318045
25390,0.6805394
118290,0.11734429
20346,0.6127759
21902,0.11408898
136149,0.37165135
16782,0.12923767
145524,0.12583238
82861,0.5912516
97628,0.067076035
120336,0.09889807
49584,0.1498845
27198,0.29833627
81310,0.2060573
131802,0.6467921
124758,0.17602287
68666,0.4859125
61569,0.22661844
30283,0.22056246
143025,0.08894118
128679,0.20448892
57629,0.37510028
91433,0.5976812
127676,0.07589043
98972,0.2961438
45671,0.5972265
70590,0.5802766
102762,0.19570908
38657,0.60608125
85205,0.13884315
23275,0.15443943
100452,0.35841474
108006,0.64581406
120042,0.8533743
5476,0.24627306
13057,0.5925883
42068,0.8290209
43112,0.059843507
23650,0.106643476
119313,0.1206406
59098,0.19819249
104657,0.63324726
129704,0.06449677
113117,0.46703047
49538,0.47606066
125709,0.8439567
39961,0.08394535
86731,0.07623077
81347,0.47507918
73278,0.33042347
30860,0.06499405
88896,0.10064818
102296,0.08735808
87082,0.0549301
88866,0.20491494
77976,0.588155
137063,0.7766146
64526,0.7774107
75337,0.096449904
10795,0.09140364
121697,0.20419607
128328,0.4531892
103326,0.10655113
84787,0.54257363
43672,0.886945
128883,0.06805572
22022,0.5332589
138413,0.45288512
114959,0.092316635
133272,0.45197922
28335,0.14209047
79050,0.030190991
127764,0.32638782
117556,0.3950999
71644,0.1280269
125859,0.41562256
123106,0.35572493
18798,0.1422898
21227,0.08771684
10962,0.13082369
78229,0.09173932
147241,0.4104362
145100,0.041779216
32959,0.39641035
50842,0.28680357
77734,0.071119584
141185,0.39788598
92092,0.13252293
80505,0.12591958
127275,0.07505377
38995,0.15888369
66130,0.09098238
24754,0.27774653
56618,0.06459215
22191,0.32564446
32568,0.5753392
78417,0.41382906
127861,0.38470727
112489,0.73577917
6237,0.41069105
71384,0.05978742
93584,0.06043922
32897,0.529769
107920,0.6626596
80617,0.29604888
54824,0.1369172
83618,0.8158946
62460,0.108081624
47098,0.25372612
33539,0.18072328
121000,0.13015059
72264,0.21856335
110481,0.66043854
70409,0.23437423
112929,0.05704165
2177,0.61402303
67982,0.15012585
37754,0.12734695
21117,0.14856265
141945,0.08365656
21267,0.2995448
138853,0.122391075
127695,0.10388029
36174,0.07509564
92984,0.13157396
34376,0.10977838
123972,0.069156185
32872,0.49576393
142220,0.14733115
40925,0.11829115
101896,0.087695554
16738,0.42415687
65192,0.07394618
78920,0.18408442
4818,0.117135696
136881,0.46296963
138368,0.11312499
81361,0.13173291
13262,0.492938
125862,0.30528364
120675,0.9703362
6349,0.075128466
95786,0.5116912
31729,0.9531375
4721,0.05449022
5321,0.9389827
135352,0.9169508
15353,0.13482317
38663,0.9380052
93213,0.31970376
57067,0.051826894
108193,0.05112835
130745,0.4045363
66305,0.2806494
66228,0.13488069
149431,0.15485775
30199,0.8599223
17168,0.33841878
81466,0.45363012
147676,0.15277882
89906,0.16232015
50819,0.40626127
107781,0.85991603
107589,0.38061675
85992,0.61111104
37909,0.25600255
113332,0.2917481
97764,0.20243995
97818,0.2290703
2679,0.93017715
109766,0.084873036
30394,0.20609611
138207,0.33253148
24388,0.6116853
116486,0.30708572
64390,0.5055534
53630,0.19188751
66316,0.22343779
29372,0.10137863
137005,0.143283
63684,0.0722431
2041,0.06411384
6638,0.0979126
24526,0.13561864
139711,0.10415049
514,0.9164325
19488,0.6200718
4501,0.2880908
30332,0.74737734
95284,0.14444724
80724,0.28739044
145698,0.46663523
124251,0.15540326
104662,0.11721127
106765,0.60812
148427,0.1158129
34085,0.11805347
62501,0.2083855
96933,0.3278493
49095,0.13610137
19198,0.23310314
18610,0.20381026
38811,0.09596788
33719,0.08362154
112368,0.44025397
144113,0.2566084
124522,0.7796654
118401,0.9385835
58044,0.055332582
134134,0.60658276
30126,0.15785338
51827,0.27412435
51335,0.7675493
65100,0.053992555
26632,0.10754354
118617,0.96936554
117503,0.15773962
107635,0.69083357
85237,0.30108228
74081,0.61931646
94463,0.11771003
23151,0.21316233
18440,0.20328453
20819,0.10737217
109288,0.20462142
71675,0.08488627
64166,0.18357715
77307,0.23183887
83449,0.55179256
36340,0.097178824
77526,0.07912393
28959,0.09973528
102593,0.344446
136492,0.15990688
108536,0.85830563
49855,0.21600363
36411,0.091875196
87390,0.52587116
44412,0.1317602
26087,0.21607699
109230,0.615469
145244,0.09942443
146547,0.74983525
17367,0.09281168
116948,0.8494988
3698,0.13424024
25786,0.24046247
80572,0.25156546
49832,0.5858696
79774,0.5418457
123518,0.3174827
9360,0.018934177
76786,0.9487182
1198,0.5768381
54991,0.25697726
110738,0.8222818
80281,0.08490629
19485,0.57046014
142349,0.48443106
51572,0.82924366
64273,0.124723494
68111,0.20376119
16541,0.52401
77292,0.22498474
70999,0.7406014
9591,0.3853736
90832,0.14580645
3409,0.7941173
109542,0.14238483
139715,0.07236677
139167,0.05939024
86913,0.34494403
112503,0.18375903
59894,0.38303488
56607,0.17324439
37880,0.3645066
2733,0.23246565
95944,0.10483254
28608,0.24851462
22214,0.13074683
138573,0.9142943
124171,0.3491604
53628,0.37081352
8164,0.073825404
20977,0.15332079
2073,0.19388619
178,0.088933796
117508,0.96033764
92523,0.31617495
40403,0.6282516
35773,0.29599264
91862,0.09661026
32878,0.5845374
89654,0.14347063
117439,0.6242279
48351,0.26196158
5890,0.11614185
128238,0.14246306
62911,0.25941855
92327,0.13027848
12440,0.6698455
36339,0.56019396
44375,0.8795079
46682,0.053808298
18853,0.088506855
107435,0.058336504
116178,0.07144475
63667,0.116320886
78740,0.21860588
66397,0.15739456
3609,0.5738829
114131,0.5902843
60889,0.23265877
72060,0.80531245
28682,0.08616738
45397,0.08694483
53435,0.21098568
58931,0.31633672
110598,0.30534458
133086,0.23358247
84448,0.57422394
8722,0.658728
1245,0.4520835
4187,0.5546862
4845,0.1167781
106303,0.34195882
1150,0.3800998
100044,0.6990351
17195,0.9663175
111899,0.12598254
124238,0.0801692
143091,0.10162544
45217,0.11003455
67489,0.38759154
55793,0.12325259
142177,0.08349107
24519,0.15496987
34498,0.518154
67573,0.13295534
114201,0.6601771
37648,0.11552912
31076,0.2445818
25559,0.2909611
149690,0.3733929
40229,0.90191483
50887,0.2059631
137119,0.45185038
145550,0.8747844
2215,0.76117283
77743,0.13885854
9074,0.7706085
103906,0.11735783
79997,0.11187937
137533,0.1552157
89886,0.5035792
54170,0.5796509
102299,0.4714117
46150,0.096159495
57345,0.14410533
54229,0.07632333
115884,0.22282526
50495,0.07084194
109344,0.09761677
135801,0.73181975
122774,0.27686074
28267,0.30828306
57720,0.5556869
31546,0.07582382
86810,0.41976255
104219,0.36856103
63835,0.29749024
141037,0.2552823
2172,0.24015813
98276,0.13887903
12876,0.66378266
78007,0.2969742
71909,0.34112105
4269,0.11908447
23734,0.16286582
117275,0.15208077
135373,0.10234021
92309,0.43243724
60491,0.4270637
48697,0.08010843
81324,0.07775441
72618,0.8221024
86340,0.85553205
108259,0.71530104
54622,0.233991
72789,0.66886586
146516,0.13575819
59921,0.7021996
15916,0.7329876
24198,0.3659522
127753,0.1155948
61189,0.4773593
123486,0.94222337
22884,0.45314002
118621,0.064064935
122635,0.78458124
112281,0.34020126
41960,0.09830227
76522,0.33560076
47049,0.9373554
6467,0.2097625
105771,0.96068066
30062,0.2458403
42906,0.27964324
116936,0.67638195
35777,0.5566711
84766,0.0816898
116524,0.21415403
29425,0.35319886
104649,0.07917193
37467,0.12498358
97677,0.3579151
69569,0.1828481
149480,0.17365453
139970,0.13539107
137588,0.5950649
46003,0.09742528
37140,0.9537646
98994,0.6647416
7290,0.09711617
55784,0.46053657
71643,0.23762688
98686,0.09558291
76178,0.15098572
43605,0.24950531
33908,0.34021688
62246,0.111513294
2993,0.69498825
81940,0.2831495
83393,0.75110984
71666,0.061353084
118818,0.101682425
83925,0.31086767
138013,0.8240829
122932,0.16229898
136540,0.28127113
66952,0.16313788
124783,0.10950262
61457,0.29362524
87139,0.33820048
18842,0.10621525
48273,0.16852598
124162,0.40507057
27542,0.4045518
40853,0.08172126
55745,0.058206927
16427,0.0923827
51944,0.92807823
17333,0.2386475
110325,0.4750735
3975,0.6972622
36198,0.069495305
138640,0.3871962
84398,0.17287922
19701,0.18967079
74448,0.46640953
68623,0.15238048
92589,0.13457361
19429,0.28557238
4686,0.61000204
148011,0.06033395
60383,0.20050956
6873,0.23462144
12539,0.105482765
20659,0.5309381
58580,0.13559335
116401,0.9233736
34729,0.089895085
37937,0.207917
110538,0.115292445
52513,0.27566996
89534,0.09805437
3045,0.68985873
39132,0.14353544
48082,0.4071917
139813,0.06654568
108671,0.5306012
116543,0.5791943
8427,0.48956636
114423,0.43070677
67596,0.5998064
91653,0.10858465
66308,0.5490572
89493,0.052523006
106771,0.079755954
85889,0.28398418
4206,0.18339872
88238,0.11371007
36375,0.20779473
83510,0.3649054
14996,0.10964201
54460,0.38413587
43823,0.2690924
52886,0.28385615
85737,0.09562371
129957,0.122984625
75670,0.31584397
89669,0.25294447
71331,0.6513863
30374,0.63531095
141141,0.4176335
134323,0.14462477
139488,0.40481713
125253,0.14456561
125950,0.1358338
28273,0.22565696
46206,0.19203413
89182,0.06252698
135141,0.48775232
86530,0.53404707
122154,0.19902775
85740,0.08791661
26624,0.22078134
9500,0.2907232
41036,0.90370524
102364,0.098059036
59209,0.13758132
4588,0.059793137
2963,0.1769509
46007,0.10537255
21138,0.17817949
126500,0.40009943
85985,0.16166297
69978,0.070465684
34954,0.3310928
46293,0.26846883
84675,0.53253484
58675,0.34465772
62798,0.16930234
88517,0.9380776
94131,0.58352065
110123,0.069033116
61091,0.11718283
58913,0.058577787
118196,0.16794576
99415,0.16280863
115488,0.17431994
31002,0.5104194
1861,0.614236
95420,0.92686343
64416,0.6807481
105483,0.09424279
1379,0.12779874
7837,0.89926815
137340,0.13561857
32009,0.39091372
121741,0.13953674
94212,0.18889832
69585,0.61444926
28736,0.376769
22064,0.051734217
65319,0.6415935
120177,0.889464
50835,0.93011546
39080,0.16887161
137001,0.38505965
133349,0.09201147
37826,0.53050894
19514,0.05832225
21662,0.05813807
118368,0.09327422
52468,0.18427107
107316,0.13176551
58452,0.17499574
106167,0.1271184
108001,0.14104615
35803,0.87770027
60898,0.5272521
106510,0.1633731
6559,0.08344613
67205,0.5314761
4166,0.07880127
142803,0.8103178
111861,0.8820971
71312,0.70246047
19741,0.92968094
57608,0.81498736
73461,0.2862554
18774,0.12640831
69827,0.67998993
149519,0.58390445
3440,0.3620545
77655,0.069081075
34730,0.09189678
13490,0.7430286
76257,0.8832272
80594,0.061218955
128107,0.11586126
29895,0.26909274
21470,0.15861309
124473,0.10546817
147537,0.21256071
61525,0.059748586
101364,0.62295455
61138,0.2816734
120898,0.08853827
48932,0.062347118
109860,0.07634295
116729,0.40591916
68369,0.07235475
68869,0.15749012
33789,0.5573988
83791,0.5556278
9785,0.05736935
122459,0.062044017
66618,0.9349089
55254,0.06764955
93781,0.2837911
52066,0.07439609
63940,0.19069
48921,0.18319492
25413,0.17805623
16512,0.4485768
77870,0.79795575
109238,0.21260518
86923,0.058936458
52760,0.106725186
104793,0.12164644
99380,0.620849
72448,0.12552096
47195,0.10125873
99012,0.11987637
119484,0.07223691
24608,0.14935307
72896,0.4419845
37479,0.09417442
98780,0.9540652
115077,0.28491697
82124,0.15940307
28184,0.27624094
87878,0.30768856
104775,0.102609485
28004,0.34566233
143758,0.4843523
47492,0.28063896
64857,0.12619874
102106,0.24473673
131509,0.0916294
76686,0.3754643
73496,0.088243954
52271,0.69794416
98507,0.07227625
10163,0.10603502
100598,0.10399572
65502,0.18488647
140144,0.24908604
11832,0.17354849
35309,0.11317511
89155,0.7597967
111862,0.16292717
32080,0.37541452
10813,0.50853044
108420,0.22598322
70461,0.09978653
39992,0.099430114
73924,0.48411527
144540,0.2969393
75551,0.78428257
138813,0.31037
24069,0.65564543
103767,0.37137762
98796,0.18025078
62112,0.076330654
108243,0.72160125
70117,0.16841264
75452,0.045370474
33507,0.29482317
49452,0.2996771
35970,0.5522559
118933,0.09227914
144453,0.40398157
56991,0.110716276
79948,0.210073
62679,0.40504178
76237,0.44326138
147314,0.1061681
103919,0.2520224
127627,0.419957
91635,0.25238818
103529,0.30576056
29075,0.26338685
4530,0.12971622
128712,0.17391895
85448,0.24852926
143089,0.40164346
27609,0.52477884
147976,0.11800127
123261,0.6125695
85207,0.3022542
125050,0.37593865
125875,0.09718482
29811,0.23499203
39177,0.6657525
2617,0.10950407
47156,0.10772103
105474,0.18694468
48648,0.31353036
90536,0.11879605
47116,0.22360754
97566,0.9324853
17269,0.32293746
144185,0.13472505
41861,0.121765025
6790,0.30205682
136196,0.24261197
3658,0.1287037
131054,0.7925558
43811,0.13037744
119135,0.31678745
106878,0.27410695
124113,0.16107135
96584,0.1099023
100021,0.45993775
103339,0.34213573
139165,0.45073688
78919,0.8133491
66331,0.080599554
69818,0.6004573
21268,0.30388433
78462,0.07931594
61824,0.0691895
107708,0.92092454
148791,0.116878934
109347,0.30995736
135419,0.7203172
1364,0.17601022
39499,0.118585244
83481,0.3016714
113224,0.4683861
113497,0.19216536
105549,0.08000467
71960,0.35688406
86660,0.05900907
113961,0.11347928
100436,0.1542655
22490,0.36021495
37332,0.70310926
25823,0.57877415
132447,0.45056295
25528,0.1259025
71359,0.15190716
130298,0.11204954
34354,0.34882712
66037,0.5352433
99432,0.40366536
13720,0.061871387
76759,0.14016114
66148,0.54650944
103093,0.7097216
3374,0.17442635
51592,0.06582989
4014,0.68361086
24599,0.07236624
18891,0.8880693
79578,0.32963622
79510,0.22604793
50491,0.18732198
19436,0.25550658
19530,0.14009628
45842,0.26879665
73780,0.12700912
142423,0.12709586
27853,0.38008022
79563,0.74974704
111199,0.32420722
53456,0.3072411
22783,0.7683056
130788,0.6328047
36524,0.33077395
43053,0.42293578
90266,0.8079377
6196,0.13403992
41044,0.113668546
122949,0.11673412
86904,0.155276
46447,0.26244307
118837,0.07316542
12366,0.071784265
19428,0.29798028
65071,0.15820411
81794,0.14811611
49016,0.60852945
130967,0.95155185
102835,0.06644423
24419,0.53902614
107483,0.40839556
141324,0.11586823
54834,0.18217677
111893,0.8634437
102415,0.14000608
101399,0.13903068
52650,0.074912176
133361,0.15225776
26297,0.57708156
149068,0.073164254
132577,0.124964066
108921,0.19978239
142347,0.14905307
88446,0.48799565
47450,0.07296022
64153,0.22346371
71587,0.6642823
54645,0.27543962
91397,0.33301187
100951,0.31394166
130068,0.14832847
22998,0.57666177
140857,0.332136
69638,0.07452242
121254,0.8089103
7705,0.19224034
145655,0.3621479
131137,0.14184248
117918,0.614805
57043,0.7473846
29880,0.1026885
112925,0.40853614
20537,0.13915436
11962,0.9178426
89656,0.112685345
120926,0.062089138
65270,0.5570634
43723,0.8115967
134188,0.9057683
56904,0.065499015
107311,0.92979556
64889,0.06201321
107002,0.079654045
1905,0.07884542
127975,0.14833866
113775,0.19712454
49616,0.5583471
2864,0.16016743
107391,0.08709133
33524,0.11347136
144730,0.0682948
84681,0.14164416
142605,0.13594191
87815,0.10929925
123386,0.12004749
74659,0.5276963
140957,0.06979353
19159,0.55831885
98279,0.113054164
449,0.9317131
41762,0.38687873
54597,0.1013707
67298,0.091410935
15084,0.23971197
105473,0.14970872
92541,0.59617627
116669,0.28668907
48655,0.49388844
14333,0.21541856
147877,0.1123013
76694,0.16835631
58565,0.06656998
110222,0.36446607
35443,0.40095016
17071,0.0929602
81613,0.26762363
100720,0.17799394
143487,0.8405012
80116,0.45048273
71739,0.065328
137612,0.3492488
60825,0.19004549
120375,0.14316027
71981,0.37910733
102471,0.6206697
18564,0.1988991
87750,0.27002868
13434,0.25548056
88178,0.09239816
11406,0.1158026
144720,0.113640115
14077,0.08957854
22891,0.072424196
15486,0.4289975
145030,0.05510598
83396,0.20762403
20587,0.30865082
20079,0.10208368
48970,0.113614485
119343,0.79435134
58125,0.09281802
148942,0.94710773
41752,0.14227822
133910,0.30004072
91385,0.101167165
118715,0.060501114
148964,0.14346129
141085,0.24258475
102771,0.07564645
70606,0.054171324
83554,0.110152245
58409,0.09218025
58757,0.081953555
141941,0.12182938
81802,0.0836627
81454,0.15642074
50825,0.5024932
58624,0.08912283
29299,0.11335275
114869,0.09240334
106124,0.65541595
40100,0.08264495
5300,0.1194453
90348,0.9151472
46087,0.2076562
61133,0.2735396
91675,0.24175186
127799,0.48377734
143640,0.5510281
113970,0.29765788
115554,0.098315686
2318,0.55331886
84899,0.37912172
120087,0.5201556
48420,0.509892
119159,0.086188875
21034,0.17162827
104689,0.09581635
138206,0.06641235
117120,0.87673706
125059,0.11198411
55082,0.41090333
140414,0.10520941
35568,0.5395397
117721,0.17882398
134461,0.14791985
116175,0.19843376
55996,0.5173637
58405,0.40001282
45794,0.49325824
5427,0.13222444
77763,0.32116625
9643,0.13986368
17930,0.3290862
85729,0.5932695
38839,0.45013922
58404,0.09527897
124182,0.7898905
115732,0.15663393
7693,0.14618325
95812,0.4696419
114414,0.37231576
60351,0.34523946
86408,0.33211738
92580,0.2592735
124739,0.12203286
113464,0.09098949
89966,0.16185081
145648,0.36808425
137656,0.08647885
129632,0.0797997
35491,0.68376386
60265,0.16260512
94083,0.98071057
104244,0.5209018
11652,0.3189765
89815,0.29172236
135579,0.5655245
112025,0.394017
108383,0.706444
79282,0.23614572
121821,0.48116347
127418,0.5781875
127826,0.21069369
66896,0.19463171
27792,0.13612662
122723,0.16236801
133097,0.87690645
85400,0.27477747
99533,0.22335024
149059,0.1656191
348,0.1563264
4397,0.15786283
19382,0.45282683
16077,0.24859396
42507,0.1342698
29040,0.19235115
102745,0.49622822
113551,0.7413167
14013,0.35811543
31201,0.29940104
91325,0.5072764
123808,0.07492209
20702,0.750299
96616,0.11054026
35386,0.1044999
52740,0.9186295
125565,0.14157988
120381,0.25558427
21676,0.43026242
37561,0.6086517
132048,0.8350239
123551,0.28732255
102952,0.36277527
79150,0.3149066
107073,0.09774733
27248,0.06646248
103828,0.08212361
83336,0.066725776
21709,0.2861641
10354,0.13096139
51511,0.16409373
68601,0.08283696
103270,0.08901611
74219,0.45920298
5569,0.19548984
109491,0.33926636
19544,0.10811288
61112,0.15416798
97011,0.116760775
52302,0.12552902
32743,0.092519335
6284,0.108432665
143033,0.1202672
63543,0.13788505
143300,0.83306473
27365,0.8852006
25551,0.26782718
106796,0.14465436
149102,0.14548236
122538,0.23927036
142037,0.5556739
129842,0.056364883
60954,0.2685569
71664,0.122177
65589,0.85571015
138732,0.093693584
68867,0.20267853
60717,0.8674403
107003,0.13280787
141331,0.31647387
132133,0.09957977
128503,0.4745369
84813,0.54394454
56780,0.10539803
60747,0.38048223
117679,0.5688235
54726,0.18678091
65048,0.07750661
69306,0.1579527
39658,0.24598771
77657,0.32701594
139242,0.1165677
136199,0.5646063
18731,0.6971698
131317,0.27890217
67538,0.15055232
58413,0.08170392
50962,0.038230848
5255,0.08193673
147790,0.39683595
68299,0.21474306
90340,0.08943831
87328,0.46290126
107832,0.16945124
57680,0.06714948
101666,0.37868053
37583,0.20838988
10972,0.11442272
78965,0.66847473
148063,0.1403403
38810,0.3247737
128630,0.17435595
83947,0.09797169
18662,0.12382294
21003,0.16352224
84461,0.16669087
97969,0.26396158
33894,0.1484996
87404,0.1683548
32561,0.07028847
15756,0.069980964
101457,0.3330673
115464,0.61339635
74053,0.20775749
33960,0.41593575
69159,0.40296268
43667,0.19538124
94262,0.17694694
72879,0.11857172
123007,0.47922662
55848,0.07755524
65573,0.059869803
91634,0.20887822
3437,0.2649769
132775,0.45540324
63312,0.35636488
138929,0.66883034
115331,0.93751276
144444,0.6385016
101524,0.54507107
125398,0.7819908
80346,0.20218772
80872,0.44832528
9495,0.3643845
92071,0.41118205
111094,0.12993704
17954,0.049972534
126669,0.09181335
105517,0.07320418
60117,0.3169334
109800,0.1533271
149248,0.32260594
89977,0.13966008
133567,0.711216
118838,0.10049176
55177,0.29230735
62231,0.53159153
64158,0.13333647
28496,0.09554273
37891,0.60175973
78484,0.89983565
132334,0.10058218
78628,0.48697376
136560,0.14422384
23864,0.26300916
139506,0.23518147
140691,0.1423569
140384,0.7522676
62400,0.06815495
147655,0.7719177
66121,0.111512356
50499,0.14333719
16308,0.10864652
83826,0.09377617
28531,0.15974075
50794,0.11051577
6,0.10738077
140493,0.10768349
64725,0.10826202
99567,0.08341847
147487,0.14383604
44750,0.6124814
38737,0.2077534
96694,0.06936471
110282,0.8176652
118207,0.29771706
66304,0.7688691
18625,0.63023454
25680,0.38083512
9017,0.10255446
101079,0.121692404
11389,0.5165103
32807,0.04787895
86110,0.059733693
15317,0.61600316
80573,0.33020383
74380,0.043091685
3126,0.17138074
116110,0.10196622
13596,0.937789
103701,0.15573044
42542,0.13535132
15849,0.07710659
17208,0.43314928
143623,0.4319938
84076,0.70136446
43532,0.096079744
8966,0.35959718
49518,0.13977762
72972,0.09320319
108634,0.07835008
101051,0.18966337
47642,0.09941084
17069,0.11510536
131693,0.15074836
103086,0.1394202
131369,0.3442427
143629,0.07545662
371,0.10985147
115668,0.08956563
23330,0.25854594
39739,0.11703643
67445,0.5157377
72944,0.80138963
143457,0.07414533
1845,0.2294225
112093,0.4822356
59610,0.10190518
117128,0.38476062
137044,0.2674605
8260,0.6971347
94392,0.2256571
36745,0.2457745
38959,0.6294344
79806,0.20788155
144249,0.18062003
36603,0.07338886
4593,0.14254037
39486,0.10493037
76298,0.21347396
66666,0.3769057
102311,0.07339113
101469,0.14901437
86669,0.20793803
58738,0.137814
92040,0.19218777
94560,0.288717
31,0.6988254
34271,0.29344416
98791,0.09448121
96104,0.14394665
21816,0.6327129
85682,0.09556954
136420,0.8905937
7154,0.56594676
86176,0.5972393
61365,0.18599421
105591,0.9454119
120355,0.34456834
126900,0.9501984
57579,0.092058085
99606,0.5926958
74898,0.3909522
128688,0.29106033
74336,0.10817382
54242,0.73842937
19335,0.05418631
20406,0.12637037
89716,0.08961522
36239,0.82985795
50446,0.35972622
11920,0.27279925
107248,0.38525864
139268,0.24670583
12269,0.93718815
85435,0.7026707
28525,0.15093067
51209,0.2171367
71115,0.20884968
67459,0.6495047
61453,0.4583015
46047,0.1179783
137898,0.89119065
61862,0.30488196
55108,0.085484974
33084,0.112857066
107038,0.57737976
91558,0.21222824
101633,0.3796983
37299,0.78903455
146572,0.09113904
1992,0.8873141
95184,0.837356
14429,0.8587831
109191,0.09922
92501,0.47012153
87701,0.07667131
82876,0.06497061
73557,0.099536225
118319,0.89622176
129898,0.24131773
50293,0.14361627
63060,0.23668242
125387,0.12378105
89849,0.045563802
117627,0.15955426
28914,0.40233007
16561,0.16721311
91750,0.11468543
63959,0.10531801
92706,0.03761372
68032,0.38894382
95330,0.18806908
109080,0.35027984
118866,0.20356114
50737,0.12685034
140427,0.14193764
118400,0.08398214
114684,0.114497885
15634,0.13619858
27351,0.1600388
104072,0.22850478
57181,0.14560589
101291,0.37747595
35715,0.091305606
36013,0.22013068
148074,0.14876483
44563,0.16108456
45775,0.17409667
74106,0.11469446
130752,0.14158706
30585,0.17806692
110097,0.34818217
22075,0.2395372
38407,0.15304004
65592,0.07412316
24100,0.08595339
60749,0.25576237
65562,0.9214109
80906,0.5778532
147452,0.08438095
137828,0.43297017
127406,0.455702
29735,0.2555706
92508,0.48568627
143902,0.14176558
42256,0.13896017
127750,0.05001477
36280,0.7487247
95012,0.69263
87921,0.202417
112765,0.71368784
100434,0.12885375
35149,0.11417393
23956,0.22816645
10201,0.40742108
62083,0.08343672
109194,0.12247219
130620,0.1104986
142388,0.14390603
125816,0.3286189
109455,0.04462108
89198,0.21050036
120923,0.1635184
113276,0.22058932
110868,0.2294929
55588,0.4066631
127513,0.1130004
1742,0.10790437
62295,0.25867072
142277,0.48469865
133787,0.058242355
128757,0.61484545
130983,0.31588045
54163,0.3387583
113560,0.09517942
148884,0.3740334
95638,0.114819854
26607,0.5668443
93453,0.43839392
147438,0.11454189
9506,0.37645224
33701,0.17864507
56627,0.24194205
21607,0.08695161
12347,0.087271236
8838,0.39890537
60036,0.098110646
138768,0.10038582
66007,0.2365066
104498,0.54172665
16532,0.61471456
96472,0.090392984
95141,0.12774488
97245,0.05976452
55255,0.5535523
43381,0.04674323
70230,0.3384897
81378,0.27248725
127659,0.15244903
136584,0.81605524
124491,0.71528935
134855,0.1296951
54314,0.47337708
87070,0.15184158
89279,0.16205324
77058,0.04615235
58406,0.103998944
20194,0.05706079
31162,0.49037766
17174,0.23306449
80355,0.084153645
121210,0.25773412
11382,0.26225197
30339,0.44229567
143215,0.092591405
110882,0.93636423
110034,0.43360153
69798,0.37485862
89907,0.25877228
104160,0.116303235
68738,0.04663807
28420,0.10857136
61052,0.12070922
28853,0.11654136
20189,0.19478941
107843,0.5177352
144174,0.20437068
140079,0.07852865
13813,0.059575256
13860,0.08883193
121152,0.058683112
99886,0.12274281
84952,0.40759245
86908,0.09603892
10820,0.6140912
113694,0.06633433
20056,0.12540522
22796,0.21804234
118844,0.11973075
71866,0.06609624
124359,0.5743279
114362,0.33868057
22511,0.11918428
76345,0.30210346
95637,0.2118667
74124,0.5791694
17476,0.19839068
25268,0.16203564
90664,0.81203187
63191,0.105916336
138756,0.31934935
21049,0.12992437
1893,0.24156368
143153,0.36414534
112360,0.09485836
8329,0.07419319
82874,0.15009357
143992,0.27168995
91721,0.15329772
53833,0.56225175
106305,0.1803078
14528,0.26736373
109511,0.13253608
62502,0.15883492
60809,0.08683917
51358,0.2581458
100175,0.09461931
25445,0.19934319
785,0.72244835
49144,0.110017926
115676,0.86978173
22686,0.4442886
71003,0.1127073
137358,0.10237716
66415,0.1956091
14458,0.2201894
84216,0.060572058
120659,0.16498883
3775,0.28080872
45381,0.19036868
67956,0.243314
41259,0.20242526
112448,0.96452767
148310,0.09636089
48456,0.14538763
49392,0.94740015
76128,0.36052704
131736,0.08718016
92362,0.050811622
121273,0.6244693
99262,0.34908646
136012,0.063393615
119106,0.3024159
9209,0.365624
89735,0.40623325
72,0.08953947
98706,0.25492826
72410,0.640608
148573,0.16499166
33836,0.31358087
7436,0.66577053
3749,0.90594417
116119,0.09421464
7258,0.06074715
126603,0.21275665
90306,0.9634438
69519,0.2453265
40209,0.9004247
19245,0.13330625
109923,0.8702687
91000,0.6195687
95072,0.16607632
27856,0.086915374
103464,0.16642025
142948,0.14482398
10079,0.16590406
117555,0.10973722
92218,0.6220916
145403,0.72902215
91302,0.07740085
41302,0.26764077
18466,0.15457627
113578,0.2116291
68203,0.101981774
10131,0.48237526
9395,0.7813011
10295,0.8576823
97993,0.45098773
15216,0.05130989
113132,0.7606568
65900,0.46153012
20066,0.08239267
64629,0.17955963
20062,0.7843102
148444,0.30622426
53824,0.23252039
35222,0.61097306
107777,0.31047428
50563,0.44223863
55382,0.09164962
148106,0.10159169
2002,0.4753639
72744,0.09043229
113783,0.24271564
108007,0.36023617
141190,0.09955349
48533,0.31975067
13193,0.120810814
103622,0.21488915
85937,0.18713456
119583,0.081257634
33202,0.440475
37168,0.072019555
106801,0.07737642
27463,0.10468203
104249,0.2522712
51930,0.09597475
132142,0.53827184
133049,0.26842046
31601,0.23218489
108524,0.14602235
50817,0.93888354
58201,0.091505885
145990,0.56580365
91236,0.40554786
63081,0.5399132
108098,0.1452947
63058,0.44636354
27534,0.087336905
102345,0.389374
34709,0.14038469
127827,0.3415328
42321,0.13844465
127005,0.11294345
24621,0.34189218
105443,0.08744366
143665,0.14668559
111424,0.6894306
86526,0.11963062
89031,0.09853273
102940,0.5436651
87483,0.3643889
128013,0.07277613
108446,0.20051707
30887,0.10814498
129925,0.5984068
104720,0.68388015
76329,0.08645433
123493,0.36219522
80623,0.6446748
121810,0.16832739
63334,0.09273519
59051,0.072064474
116877,0.14761578
116257,0.09228134
51312,0.10916233
146101,0.93143046
54388,0.47865298
1640,0.95842683
96843,0.08371054
122223,0.9668014
21611,0.83303946
83395,0.5753459
71215,0.5727397
71387,0.12895072
68983,0.33336082
147788,0.27241826
78503,0.5436895
145563,0.1036906
36221,0.39925995
76588,0.37178537
64126,0.06136234
91604,0.21051322
121767,0.48500407
147886,0.12710112
134109,0.23792739
70918,0.6517541
82965,0.61432517
143621,0.5675678
98565,0.05832225
78862,0.19428511
33946,0.16474889
147304,0.22696258
28217,0.2563229
146207,0.1470633
43199,0.09804976
113206,0.11107449
22036,0.34111077
65543,0.42080098
8863,0.52495027
106365,0.09944743
61132,0.048355617
27381,0.16794409
75912,0.14321098
50472,0.08167123
50893,0.10058266
3026,0.9573593
104982,0.10277729
82212,0.05748443
49057,0.110470824
129281,0.076959275
18806,0.059618276
20064,0.4434954
139531,0.1126073
93889,0.08657551
107355,0.07733236
63591,0.47282833
103765,0.30472577
105941,0.114399575
40680,0.6055426
122703,0.3858461
91646,0.114353016
34384,0.07079536
95937,0.10686057
58842,0.1902476
707,0.09770147
95983,0.15956406
112709,0.09715934
6222,0.11483706
47794,0.23371492
66270,0.08443545
68355,0.17333215
44422,0.060918555
122040,0.4211394
62951,0.33415532
33284,0.09378747
20864,0.103027925
123077,0.12276826
40089,0.5459163
62893,0.20493124
52848,0.17957236
114579,0.27357298
1176,0.10856329
59393,0.21953651
148747,0.6783245
77687,0.6347157
77642,0.62158656
49379,0.8012775
131034,0.49197012
109155,0.5811843
89807,0.5178602
123152,0.23640889
131987,0.32077736
102270,0.05677327
146042,0.11506276
29320,0.18678884
80297,0.3372627
77450,0.101439446
142069,0.4912699
27637,0.64587563
89455,0.08688821
21075,0.7133393
107745,0.5144961
138736,0.38688543
60324,0.837806
84254,0.17502856
53989,0.2969972
51731,0.5545988
12507,0.1995849
110512,0.12206933
100759,0.2751324
18772,0.75882083
85685,0.56233126
112579,0.13602683
95359,0.9172873
1565,0.13254593
101739,0.29380196
93339,0.06813078
38629,0.54284537
124988,0.9475991
122965,0.30649185
99995,0.30410475
120359,0.9039652
78583,0.475459
49962,0.3497488
56042,0.45347023
35097,0.14674443
131682,0.18726747
125067,0.10519763
29824,0.07655709
118968,0.5932274
84721,0.08475312
57978,0.33190814
24772,0.29832536
105463,0.12153825
145748,0.5588026
74214,0.14207722
128964,0.8804062
105785,0.49248573
78745,0.053238224
35065,0.6871768
136633,0.15214272
26464,0.54553497
145330,0.10323907
4240,0.058742758
99985,0.94734484
68225,0.19374168
106762,0.8524448
110215,0.7114775
133619,0.39643365
111952,0.15166767
62276,0.10924369
115463,0.58358943
69209,0.42962652
132575,0.63324976
40589,0.6027064
129179,0.16452199
12319,0.40623957
118740,0.116127364
135715,0.9058392
111891,0.20775217
140885,0.17669713
77631,0.3203371
4897,0.18778414
19653,0.9223283
92925,0.75530666
22055,0.31136397
110696,0.07705603
79483,0.06443664
23830,0.6269513
62323,0.1675678
42465,0.07849256
34810,0.089403175
98804,0.8794237
100752,0.309692
39412,0.6269145
60401,0.57301366
68338,0.26893353
105448,0.6608208
105850,0.08823024
46025,0.43554753
21054,0.42782816
130194,0.19449154
123665,0.44973516
42664,0.4480822
84287,0.4141418
18449,0.07656764
116376,0.6820106
24461,0.8805163
85137,0.070381135
16943,0.10479797
69281,0.76643157
139923,0.1367026
105580,0.30245197
112684,0.8565028
96403,0.054087207
57057,0.6553879
51632,0.90868145
55737,0.10708464
66607,0.074275196
79667,0.09648016
89824,0.4723009
42198,0.13945024
64115,0.25673395
9859,0.7521483
143911,0.2076618
146465,0.16814072
144111,0.13649112
70373,0.30993858
118153,0.36315376
4037,0.23425312
113655,0.36763653
49690,0.6630835
43034,0.33325827
120963,0.33219767
120899,0.23068106
124715,0.17995845
84187,0.2169637
48922,0.32275364
125466,0.09383397
85595,0.09792202
60237,0.08101187
66584,0.13670681
46298,0.31352854
135929,0.20980021
127725,0.07856424
9458,0.07058892
32791,0.06349574
62073,0.17625763
8916,0.31902987
29799,0.35531706
145446,0.28402948
80493,0.42294192
68986,0.9606036
102038,0.071295954
30982,0.31888574
77978,0.046347108
13139,0.72491205
44849,0.62623173
57314,0.42356884
145253,0.3078625
45826,0.23829556
84515,0.37189487
21416,0.18964066
31053,0.9726706
194,0.6011066
118870,0.06844805
106077,0.2937701
63547,0.21717836
54715,0.36787218
102981,0.64249426
105081,0.16016607
18035,0.12808919
76849,0.23773277
100473,0.088886745
136100,0.7943465
16292,0.08063191
84440,0.2087681
70386,0.33684883
2812,0.28399214
113433,0.181643
117548,0.1612787
107901,0.67402345
67216,0.18820445
128847,0.1780126
11335,0.15145963
26807,0.8819636
12516,0.06630981
104328,0.11301271
90101,0.12620157
29806,0.78771657
82090,0.7388101
74986,0.4228653
50320,0.13314633
14182,0.4907808
82110,0.8534198
14199,0.1686087
85755,0.9269072
5266,0.9414021
68253,0.9192129
132915,0.068508185
86960,0.2636193
94611,0.48297948
123941,0.16088922
119171,0.41558376
6732,0.1040293
69973,0.24995287
132358,0.3923912
2949,0.8088835
148219,0.5707996
78458,0.20345785
42517,0.8306382
15922,0.9576075
11795,0.5614762
55520,0.8546959
84942,0.12279888
61427,0.105512515
64102,0.102711834
95384,0.10819926
135615,0.66297436
88926,0.07395353
25782,0.15767677
8358,0.09412069
33181,0.21916388
46548,0.15783216
28021,0.32160205
31063,0.40143603
106785,0.6356887
77560,0.16149631
145464,0.4872963
14435,0.5646167
22756,0.21585542
34019,0.7327474
127540,0.586078
100201,0.14665475
145511,0.53830695
115219,0.1884311
17007,0.74747163
140411,0.13152644
73216,0.08374917
98434,0.77574134
14083,0.111503474
66715,0.33877957
99638,0.24831468
52780,0.08073754
96462,0.34281772
34469,0.14238128
101172,0.29925096
75105,0.5364424
63197,0.4973403
111657,0.30089602
80013,0.30789745
124655,0.93542993
118312,0.07887164
85780,0.06801001
127446,0.35808885
140906,0.10699398
130094,0.23987326
99402,0.5230008
112336,0.08203243
140751,0.15576562
94939,0.08641273
114431,0.081529506
75768,0.1543557
145002,0.22344795
13952,0.7149545
76324,0.043743826
38046,0.47705492
127471,0.16891353
15697,0.9716737
31849,0.16188082
88133,0.1663674
143226,0.15835507
49650,0.48804778
51377,0.6470559
31093,0.17852315
89490,0.08164579
115969,0.11013203
2119,0.049964692
139510,0.28144094
72940,0.16863565
146514,0.14145158
137460,0.3166946
32010,0.07127187
136859,0.5777134
77695,0.13222805
9221,0.17280592
39898,0.22128752
100328,0.05387815
56377,0.1967263
106352,0.29612815
5232,0.13450001
47849,0.4177725
31681,0.6698744
59850,0.22950324
46917,0.08272457
46989,0.3251943
41338,0.30185908
85153,0.1321996
9534,0.45089158
31045,0.08634375
105556,0.48112836
87804,0.074020535
1618,0.5123602
118349,0.11408808
50799,0.45789775
13631,0.84691554
70739,0.22253565
25729,0.09684859
137721,0.093915425
33481,0.15542066
3278,0.10488421
29183,0.57171786
50400,0.95394504
10291,0.44375774
40793,0.51284033
95425,0.44628316
62259,0.23496017
39313,0.056049917
128616,0.07457919
123611,0.83362687
12426,0.05871644
6604,0.1023378
122536,0.101460025
82769,0.220678
97782,0.49682665
50540,0.3670577
85238,0.7751848
71590,0.08015088
56012,0.108967245
135959,0.118805215
74198,0.6394591
43760,0.072058894
57632,0.51096255
6486,0.21873437
15639,0.49446112
88662,0.16957988
22140,0.6303034
35381,0.14128754
135218,0.1378213
86688,0.11463286
121917,0.6097006
23072,0.5605767
110563,0.5895657
126545,0.33515573
129605,0.34146848
4042,0.40759933
121763,0.0694168
37483,0.1464536
7991,0.3442101
20224,0.060975384
110273,0.24999571
104449,0.2028146
36445,0.9391026
43123,0.35730812
109007,0.1866483
19054,0.7510237
133180,0.88811606
128754,0.7679462
18581,0.3014297
128060,0.39323646
26049,0.12946962
100867,0.07629506
17059,0.14680803
127148,0.7588949
89439,0.09828388
36383,0.3141507
43755,0.091442876
107501,0.05603773
125594,0.36344662
72505,0.10487296
19869,0.06672
105178,0.057468545
139032,0.16368672
34971,0.8316549
85015,0.6199498
14817,0.27602008
17353,0.4143598
100090,0.26691943
49119,0.19643977
143547,0.16978566
136144,0.2906435
85933,0.22348763
18545,0.05835995
135244,0.04304884
97785,0.49738848
1415,0.14759848
25330,0.3988801
139689,0.59064794
117648,0.34268644
30764,0.085822456
148447,0.09916308
8914,0.10839186
23998,0.8976468
75203,0.9411353
122090,0.7848344
47541,0.59548545
4833,0.091413386
34650,0.20222737
58369,0.09715487
96554,0.12669195
94694,0.9429342
86877,0.11120446
134990,0.21198452
29469,0.50263256
147739,0.6418056
11301,0.26998898
69186,0.11303689
49028,0.49983323
18906,0.31708083
1918,0.1635167
116639,0.46162984
116073,0.13362919
11345,0.3751915
5855,0.33593932
147528,0.056439772
65417,0.1365271
135024,0.3521902
8680,0.8148143
11799,0.25974756
123264,0.09423896
69339,0.060172964
96909,0.33103266
132713,0.27637562
19750,0.16497332
113765,0.87807417
134485,0.30602944
68426,0.22385117
47738,0.060101233
55144,0.2564387
24332,0.98584414
135411,0.5623948
64545,0.11493796
38697,0.08221461
67850,0.15250024
123977,0.9320191
36159,0.5891651
45627,0.17636657
126498,0.16791578
81392,0.44631788
90155,0.18349132
78401,0.71317124
9760,0.24393314
122108,0.32395306
113374,0.37318483
74365,0.17267595
67287,0.54108196
48619,0.7398967
37112,0.77283317
67025,0.42871115
59488,0.23499444
84566,0.074258536
64502,0.5835327
137949,0.19056024
67074,0.08701084
140323,0.7469321
24175,0.941591
5857,0.63084936
22125,0.25760886
81695,0.18103898
33175,0.17500737
133286,0.106193274
144208,0.11103117
75562,0.17066026
146015,0.14133279
57641,0.13876976
83136,0.91064996
104672,0.10821657
141813,0.035259083
60201,0.28993517
79398,0.5454863
124823,0.35693458
127984,0.4149698
117157,0.12978585
121479,0.056970492
10414,0.15218747
116435,0.14345367
65599,0.8881912
17903,0.09590008
133980,0.14569235
128152,0.88661325
105647,0.57084894
50176,0.55292475
147135,0.08314902
69877,0.06437588
50562,0.07233845
115368,0.59912777
58432,0.8747978
93162,0.089009844
17459,0.3025995
23187,0.25799638
136030,0.5425557
134167,0.2561328
102742,0.17984135
72371,0.12303198
53914,0.37185472
51612,0.3983072
123978,0.07701663
76247,0.5831946
93631,0.28205997
126063,0.1522957
38193,0.049250428
39285,0.13832907
16322,0.43383905
51489,0.7007529
81814,0.16153584
33015,0.30164787
26276,0.6100687
32043,0.13648249
145659,0.107423075
50611,0.31732076
7352,0.581134
99162,0.56603
129305,0.1395098
78908,0.108332194
101484,0.5912051
20898,0.056560133
90705,0.38024652
21285,0.13583285
47415,0.113661945
111369,0.06089488
92154,0.13076863
148409,0.08644952
57561,0.6217609
91734,0.1747327
45710,0.12207953
16000,0.72639066
27372,0.05790206
124813,0.57360655
47842,0.07496546
100136,0.4036014
107912,0.10005818
104399,0.2055223
113872,0.08903633
27068,0.887273
117145,0.101036854
62545,0.059283152
140681,0.49529505
75557,0.13829009
76380,0.024188582
100528,0.096387155
65820,0.16511577
22514,0.8086495
118092,0.4268086
100519,0.21343729
1462,0.089242704
107181,0.04576562
29687,0.28589818
104227,0.80307823
78584,0.09720388
143460,0.63960147
16380,0.13216615
31810,0.86071426
65030,0.20587024
32397,0.46677804
110552,0.09676845
91161,0.8943094
88643,0.08881931
134023,0.23897594
136152,0.20984447
69828,0.27871242
99742,0.10857129
72207,0.12239724
5889,0.8874817
68711,0.03682747
43592,0.18313763
122030,0.13440394
116048,0.5120132
89463,0.08395172
68880,0.12408755
99932,0.16215491
75930,0.45747653
37226,0.31201497
100313,0.28141707
34856,0.07609155
79025,0.2613358
35483,0.10539432
7326,0.28022334
96012,0.49061203
144708,0.07450009
20842,0.24007317
77968,0.29459134
145991,0.30474684
52664,0.13324368
41382,0.35613763
117201,0.1489577
75915,0.6787288
41138,0.08699417
40940,0.08389739
68833,0.08710375
141857,0.4894056
143154,0.21211782
34646,0.06521181
80032,0.11240778
89633,0.1540751
86532,0.15569599
89331,0.10600101
73825,0.13233255
103131,0.21968009
142437,0.18805769
15161,0.51829445
53494,0.074564904
134826,0.119173415
37996,0.26746774
45546,0.07086576
61093,0.1688873
55544,0.09243267
103918,0.15788032
28372,0.41840497
138463,0.1055962
64655,0.168335
112842,0.81026757
105045,0.060757983
106413,0.72692424
43942,0.0990044
83741,0.6067521
86087,0.10408815
123621,0.34140036
137021,0.05313023
11890,0.29473224
85632,0.14891265
12095,0.19624768
128284,0.07067609
143242,0.27369407
645,0.25591746
71240,0.16585957
98386,0.2304896
148929,0.26975578
94261,0.19319664
26381,0.566375
40726,0.54743505
72606,0.15823954
86723,0.32878026
85683,0.30809823
68540,0.07225796
121899,0.07871121
82505,0.0801835
129574,0.17556691
23562,0.20483817
2948,0.23540586
128053,0.11019866
23273,0.3628552
36738,0.18843545
116142,0.085397266
105829,0.82085556
59574,0.17148164
35394,0.5766405
130425,0.12269688
106724,0.08859373
49289,0.15314879
35067,0.68608063
144574,0.18861793
97043,0.36187866
54477,0.100751735
127395,0.25618345
149975,0.82446295
94851,0.07865358
79587,0.1356115
107701,0.21651062
143261,0.7098044
128719,0.24243052
54076,0.08356422
25512,0.40378222
84238,0.1869649
148168,0.57759774
93957,0.20738366
92165,0.5170697
93018,0.064540215
147896,0.33920854
37066,0.34360552
50195,0.03378185
48782,0.92058367
50606,0.17177935
81449,0.6091343
9686,0.95142156
28081,0.05761228
134669,0.5829402
66144,0.32849348
6031,0.0675917
102545,0.2934304
115226,0.461872
142183,0.24053566
57888,0.2320141
120996,0.81541103
34528,0.14126395
76454,0.069448166
40905,0.102374755
109226,0.118591316
83596,0.35790724
104712,0.26082057
55595,0.21986818
80882,0.6630354
24038,0.5303783
75594,0.40034744
64182,0.047655683
94743,0.5947304
134050,0.6655333
73174,0.2585393
3093,0.73446846
46036,0.09141055
3838,0.16159187
90223,0.23977572
12122,0.43312302
94970,0.2612385
46516,0.5459073
30184,0.09231699
137614,0.3574311
148694,0.08080479
62730,0.15407085
104232,0.32026467
39598,0.058358572
128484,0.34353456
81939,0.1315984
140718,0.2769529
145657,0.36371213
93873,0.50391823
41243,0.28728592
44901,0.113747686
31550,0.31559953
101689,0.12257471
85503,0.43859538
47172,0.1461903
117668,0.45343077
63356,0.06685034
80848,0.17418036
131148,0.23901522
82567,0.29988173
68700,0.46347415
40265,0.06902952
1860,0.062942155
13134,0.33132434
94767,0.0775174
99459,0.7133526
142290,0.24246155
41782,0.28127632
41128,0.03281761
107405,0.1782717
107297,0.61663055
107543,0.97180444
90020,0.13716449
53700,0.12839699
82099,0.7465588
86942,0.95351213
110808,0.061314613
89574,0.41377887
73508,0.3515986
46664,0.93459135
74460,0.5247404
72991,0.5591594
70476,0.6920992
106062,0.7215824
56481,0.11234733
74387,0.11250532
44793,0.31459945
58171,0.30739382
49571,0.74857956
17497,0.22303902
140597,0.07741435
36169,0.11188139
97003,0.11480844
120284,0.1489708
2730,0.8166489
96986,0.066044204
102371,0.20343763
131203,0.07356124
97625,0.07842037
75585,0.2749404
125440,0.43161613
63284,0.28756818
112263,0.68413085
45797,0.71575105
114831,0.089060076
123290,0.14459705
82375,0.57435733
108324,0.05328778
91266,0.49099222
139307,0.5608394
92455,0.66035146
119471,0.39680174
139045,0.79297936
136122,0.67724997
101388,0.30253527
123872,0.3167072
122239,0.54913425
44818,0.13080907
74360,0.72339356
102505,0.5459163
17711,0.15365054
60493,0.07202577
21286,0.23100682
95556,0.23097418
10370,0.08177666
26426,0.30952153
16734,0.20956767
105902,0.8019625
143530,0.26068214
22525,0.26005962
120373,0.062105663
47429,0.4856577
52192,0.6127715
41362,0.7309708
67292,0.046442073
67468,0.08681679
93987,0.67971826
95614,0.13583194
5654,0.29494625
96988,0.14444934
37412,0.0840904
76449,0.13870499
80670,0.10592336
149265,0.24664785
58997,0.36751053
49887,0.1003118
97271,0.32828626
89435,0.1160866
109982,0.16146107
86497,0.69292456
136813,0.11048814
15045,0.10962562
85852,0.22734414
88084,0.14079855
12900,0.10204857
25682,0.30159083
143158,0.93415946
31069,0.31386793
77191,0.079968646
1370,0.123822354
127996,0.122296624
148951,0.21943453
127697,0.4538458
25974,0.14560035
87915,0.5961947
22269,0.09834712
53936,0.4920862
84401,0.22638343
42428,0.1833381
78690,0.15264449
18007,0.18365656
141696,0.10183091
87824,0.3120697
60134,0.30421722
115822,0.18110162
12401,0.17230728
25923,0.32467276
138074,0.51238465
93197,0.15794298
103199,0.51069045
18655,0.09434087
133025,0.05494784
75202,0.26909488
127126,0.08725297
62362,0.96741104
127165,0.91257316
5625,0.2816747
13697,0.1432716
55341,0.13238953
47428,0.12974112
63768,0.072406545
112015,0.12575129
37837,0.1336575
53959,0.3781662
34681,0.22212479
148678,0.08267207
118058,0.17327835
139992,0.31408986
134546,0.23102789
47031,0.8288901
118852,0.18742606
69367,0.17306076
44338,0.15718894
126461,0.09405407
51785,0.34605086
67210,0.094088875
1652,0.3358952
3541,0.09017249
97107,0.4061037
99672,0.66888934
132186,0.13985182
37080,0.123096675
31147,0.09277245
44554,0.5890786
43380,0.9496981
21057,0.06650676
139402,0.4134591
96931,0.7623791
52263,0.34532076
57024,0.054066375
48532,0.069374375
113804,0.18653226
64334,0.09472439
143559,0.21830952
54847,0.7092554
117946,0.0822477
141414,0.19605768
127718,0.43906835
11215,0.109754585
91876,0.56994694
18045,0.41942015
135354,0.8802222
20626,0.1043758
2188,0.20002219
57230,0.8177095
111981,0.38671324
136606,0.24107385
106655,0.22113474
7186,0.080601886
57258,0.23832616
140394,0.06378202
125547,0.15776187
35965,0.30455333
11898,0.43256783
54050,0.14849927
77937,0.7243668
70672,0.19081198
139362,0.915953
119233,0.67225295
80781,0.2601813
88433,0.28569454
115328,0.19053343
56019,0.09481117
76041,0.12408335
100078,0.39289185
15360,0.61713994
58837,0.3271343
51787,0.14000526
21027,0.15044475
68857,0.7026033
7571,0.80329466
109199,0.087845564
55677,0.5415364
138991,0.45884886
14479,0.36401457
111915,0.23130174
149967,0.15454783
38495,0.16087218
2092,0.070031725
123098,0.51627606
116631,0.30957678
97276,0.070121884
99240,0.7023409
11246,0.089838244
33066,0.67691827
140588,0.057552155
83943,0.17288204
56905,0.4899026
90428,0.066005096
10752,0.055896413
41052,0.6169042
33490,0.30006716
36094,0.08109851
96761,0.06339333
82293,0.06899646
78294,0.34834167
133968,0.030963626
36443,0.17272024
65822,0.6857921
39601,0.5763787
7202,0.13719764
114782,0.33946297
116336,0.14112675
67399,0.7783508
46183,0.36382136
37771,0.20824024
14520,0.12929833
45070,0.43714154
63201,0.16802967
133933,0.35347313
45187,0.20765658
58011,0.066032425
128139,0.08936037
61980,0.42914116
138439,0.093608916
84606,0.8336115
67272,0.11505011
125479,0.07904272
51180,0.35293865
96448,0.068138905
130112,0.13439386
144858,0.6790459
139258,0.6232364
43521,0.2979283
112440,0.17971958
10096,0.44004428
89826,0.13428435
55485,0.2822613
88570,0.21373697
56518,0.23074374
148508,0.26696032
113044,0.3138348
61610,0.26884288
132527,0.21658807
17647,0.15894887
10300,0.95038086
100656,0.1303268
72873,0.66163737
1584,0.15182492
85160,0.71527755
3576,0.45139775
88628,0.41170177
25376,0.12809972
136878,0.1643204
101894,0.14799912
88990,0.847845
18355,0.3841687
20520,0.12284442
48369,0.114825815
45966,0.16949807
66031,0.7147823
75210,0.70485723
22180,0.9455847
34736,0.13397507
129960,0.7322008
50958,0.17371148
33993,0.6172878
51952,0.053038638
60069,0.0623866
133359,0.1375725
40306,0.10458764
129497,0.64621335
129923,0.23831514
53682,0.55508375
112459,0.059259582
135046,0.07555073
147937,0.9264061
87066,0.10182863
115617,0.060300138
14646,0.10625582
64332,0.9668222
73266,0.074519776
63055,0.18547218
48011,0.20367998
86876,0.05461642
2148,0.39616334
2191,0.21518701
61915,0.10051767
41687,0.31930038
122669,0.30349216
101530,0.3932676
12608,0.946895
85427,0.67582655
83981,0.68985176
129633,0.07737676
3703,0.35958463
144256,0.66266644
3579,0.10701089
134940,0.1100179
33097,0.2304415
33735,0.08810588
124496,0.35488617
27361,0.5584796
2738,0.084960096
63723,0.12648648
34153,0.32475185
122332,0.114916205
54602,0.17958464
67344,0.4810967
113074,0.745854
76225,0.062506884
96421,0.5497378
39896,0.107531115
130785,0.6549323
34190,0.08840591
10411,0.61562777
122623,0.53461766
71197,0.28083408
71906,0.106478184
86013,0.8689989
138803,0.2847669
96099,0.52757996
106015,0.1450823
18746,0.08427248
34502,0.83815014
25082,0.7006153
116518,0.1254986
138063,0.25572222
131727,0.8572907
98737,0.11997901
28726,0.1523618
7243,0.44834277
112376,0.75615746
60993,0.27160358
27395,0.7084275
145912,0.15427202
87835,0.24536212
96517,0.3803955
98468,0.27260125
57101,0.1633196
30438,0.10795907
95715,0.12880282
36478,0.23888494
96782,0.12619276
117125,0.5635122
126505,0.25619724
90975,0.13078941
97129,0.24998724
61769,0.30580142
59173,0.58502024
49546,0.38433772
60541,0.107904285
3885,0.97830725
65715,0.22354646
8045,0.6138044
101217,0.10216149
127036,0.21972743
9206,0.08005717
135653,0.80439836
5406,0.113308914
119613,0.7368874
56587,0.1887868
101951,0.107029095
97858,0.14385736
7961,0.74630743
113383,0.14036185
26829,0.0902592
42316,0.42741773
18286,0.67983186
50447,0.12257501
139212,0.37143818
128385,0.14664915
9700,0.14785214
117756,0.14504926
79797,0.5473437
58374,0.1854775
104446,0.18615323
45611,0.22692908
83387,0.49343958
111876,0.7885992
27214,0.05920037
44965,0.06822972
21739,0.5716185
63602,0.1911747
37503,0.3246125
146946,0.27974293
109764,0.61738366
10106,0.04624397
37686,0.35640803
51166,0.43140003
6317,0.20409164
16083,0.12258621
43626,0.1378206
15487,0.29222402
80945,0.40286538
119856,0.11526689
110,0.23113988
93708,0.05702655
73117,0.16900875
39633,0.40168107
8982,0.06332333
77012,0.1551142
63803,0.10747681
102817,0.32863015
115128,0.1381903
133817,0.7932152
92347,0.24980775
139417,0.06734675
16449,0.6154172
29858,0.43584222
53323,0.18338692
26131,0.5261293
125211,0.5225711
145650,0.5722128
137879,0.10303776
126522,0.102361694
21784,0.44258073
142587,0.40887928
111073,0.22514227
60480,0.096474506
58830,0.5612735
90769,0.9552684
24372,0.19678637
61603,0.5141667
40116,0.8324267
6367,0.643436
109816,0.11873052
23761,0.66141254
26192,0.46765718
38569,0.45865294
36516,0.41827044
95275,0.08432278
111117,0.29735386
133935,0.20209068
93687,0.23252887
147260,0.21918558
130323,0.10322854
144725,0.06758286
129593,0.3543625
75573,0.07448137
56617,0.64868885
42211,0.6116227
42722,0.50086045
145781,0.089046136
27884,0.353628
79328,0.111150235
72267,0.43804997
99632,0.44994774
14312,0.054746494
96233,0.19416931
72816,0.093224026
75626,0.42998278
4007,0.06605524
129223,0.45098904
63923,0.39895034
122942,0.4895506
33489,0.103770316
87264,0.5645643
8154,0.119582005
67927,0.23176639
82058,0.11453909
136518,0.1901348
88358,0.17691235
7909,0.75615317
97033,0.27231467
87716,0.44276616
412,0.11158683
137924,0.8816476
149778,0.24455437
127783,0.40208393
13147,0.54458296
9180,0.18149172
27747,0.22311035
82843,0.642459
51551,0.113074325
39186,0.45809668
19547,0.0885522
75962,0.19252412
125305,0.07306612
129722,0.22345643
131698,0.061725378
18499,0.47247183
122454,0.24035288
33724,0.10933983
11725,0.069226295
133159,0.21510121
108289,0.21184094
133200,0.14021157
65545,0.22896737
27449,0.09698663
48465,0.7544558
103441,0.0896182
16244,0.3521896
73661,0.2873776
42326,0.22340296
116219,0.15975228
23962,0.96440834
8670,0.5922812
50949,0.80222756
103897,0.09837518
85979,0.87459224
67724,0.110934444
142715,0.18166041
13055,0.12957273
21972,0.607069
25807,0.60642034
133604,0.34444258
78190,0.10268369
39292,0.6126354
52264,0.66845876
58549,0.79482126
91591,0.14993128
124204,0.04600449
143004,0.15593083
27123,0.69979167
74650,0.14707243
11030,0.076163106
109210,0.8882054
148903,0.15055995
58082,0.22875658
81983,0.12306732
61337,0.10808975
98999,0.61631674
105768,0.26023814
114358,0.60776585
45602,0.056621663
123331,0.11945655
141736,0.8356873
54479,0.1640916
70081,0.61067927
109908,0.31724894
67387,0.25231224
56403,0.14945902
20747,0.6803785
5665,0.21085237
137273,0.11935743
43974,0.52980846
129870,0.13129686
8330,0.23326348
25291,0.93911004
117417,0.14976132
23596,0.27538615
102218,0.6857513
69777,0.89746124
33067,0.5582411
27212,0.134964
134534,0.2491981
59471,0.11068851
101451,0.09065709
148944,0.11425457
109826,0.1849283
122269,0.17313075
123763,0.22396992
76134,0.4027726
35388,0.62413806
23951,0.43090943
61730,0.2138203
99245,0.16913682
72394,0.35694423
8864,0.20002533
79898,0.5056561
58510,0.44256496
143525,0.6265734
147668,0.21272928
75652,0.4510236
147784,0.57380193
85713,0.20093651
75728,0.23833892
112265,0.09709236
134274,0.089458734
125947,0.048159126
44775,0.077785976
2428,0.34510854
66182,0.7591047
55036,0.05519824
31559,0.7978916
103852,0.047866363
84538,0.13510978
45414,0.34063902
71177,0.15011384
42568,0.36967698
87123,0.38666072
143391,0.5113859
145145,0.052722476
91524,0.14438975
72614,0.21912275
24631,0.09230633
16873,0.089588106
130553,0.86544824
138317,0.061666664
146360,0.8370913
84466,0.10467611
145342,0.06676356
36681,0.45129925
28943,0.73137736
10085,0.64716053
61439,0.064103566
95642,0.632575
130010,0.06657393
49604,0.3842407
38367,0.5076645
19380,0.5453983
47673,0.23039256
93469,0.06580092
106241,0.12050989
8728,0.38996437
22495,0.38431507
124922,0.5512164
112980,0.6732674
27652,0.3116383
111301,0.38286257
48362,0.16834015
105538,0.27033833
9863,0.5297096
93651,0.68408114
89848,0.2300495
70210,0.06829594
129071,0.11176325
100766,0.07882725
142467,0.08095622
93598,0.27701294
62488,0.20352872
70807,0.49255502
100127,0.107623704
76656,0.1646798
10088,0.44713634
109039,0.37710768
130610,0.07280399
83461,0.05760521
122062,0.08894407
140142,0.25859416
126483,0.053387534
75680,0.8145906
98516,0.09051848
117522,0.17953546
105288,0.16674761
10855,0.15499264
92790,0.5941938
39947,0.4221097
103505,0.12846634
97636,0.105725765
138301,0.27927366
92406,0.39242107
102560,0.06056731
48116,0.11911161
46468,0.07779621
27640,0.091091275
22259,0.23633434
136002,0.54552907
98640,0.0750732
117292,0.07220724
79478,0.08741781
100418,0.19134244
6347,0.8304864
143470,0.40814433
130803,0.5108692
116430,0.65619236
76304,0.13799152
75170,0.10900892
138630,0.9628435
43948,0.279185
56005,0.54364747
5642,0.17323312
13844,0.040584933
58062,0.08835375
148974,0.11475544
98399,0.21145979
84356,0.58251256
30359,0.73200965
24573,0.666967
111163,0.06712059
46962,0.56501126
33059,0.34058282
122977,0.20224343
36322,0.22324596
37383,0.58145034
66459,0.06309227
103912,0.10681854
131292,0.082110256
78717,0.9276686
36621,0.8057868
41256,0.085080355
121728,0.15709275
129561,0.3781009
50978,0.32638782
75032,0.75422376
19449,0.4384246
23986,0.070994325
35285,0.7361722
75624,0.51027125
100269,0.060758077
65758,0.18189244
29481,0.6415023
48353,0.74466264
69302,0.80328137
79030,0.13361768
12852,0.84712833
32452,0.7393997
1966,0.20273307
60660,0.7427281
114084,0.17790696
66627,0.38449308
41179,0.20088117
57228,0.09519515
55450,0.31898594
27224,0.3554074
7219,0.10629121
4563,0.11352341
149616,0.10978853
50165,0.18170051
27990,0.24044856
32895,0.2606344
60162,0.87263817
138721,0.16328873
85989,0.94423974
107865,0.21446957
140283,0.3278818
148484,0.11690624
78839,0.26292735
72022,0.11947
92223,0.081647575
105165,0.97203267
54899,0.088298656
89314,0.038719155
52256,0.6362911
123184,0.3405472
11841,0.14474714
22985,0.45978025
98087,0.38958362
140258,0.34689602
65503,0.6631148
92644,0.25289387
103757,0.30033812
85195,0.4941881
77531,0.121433154
110380,0.54879296
67337,0.074117154
62388,0.6325501
30297,0.6137431
10878,0.1392453
87047,0.80957514
128913,0.09407313
35512,0.49691364
142756,0.1134092
67472,0.09096889
49268,0.27552006
32564,0.6367629
4754,0.24370526
22592,0.8211203
114025,0.9355721
88216,0.19005506
118971,0.13834377
145689,0.19351897
82609,0.05755001
97073,0.13180144
90317,0.08092327
110341,0.1853139
80502,0.1676957
77602,0.34996986
52471,0.86544824
147221,0.24704117
85006,0.43167076
78420,0.33506906
113336,0.09940872
29016,0.674118
127968,0.23292781
20449,0.16982113
13019,0.2266485
53399,0.11823324
31181,0.14227496
140937,0.4670298
104860,0.20308961
60605,0.09095184
12062,0.3191997
130939,0.05456103
139389,0.27676985
53234,0.12933914
148443,0.060405944
86022,0.13285597
109777,0.18678236
25283,0.49750423
21499,0.052291863
5141,0.21801406
106746,0.37350538
85657,0.078424715
70987,0.1478679
4507,0.1984148
137998,0.69389707
111441,0.5923292
33888,0.083933696
7079,0.10654049
102193,0.19518627
61287,0.4238692
48489,0.26512456
49170,0.40701556
5666,0.17397933
74341,0.059500832
131240,0.53773856
87810,0.09292689
58343,0.08872199
107064,0.1601958
143786,0.1786506
120393,0.11863014
137493,0.08537866
99573,0.63504964
80867,0.09817121
22991,0.22636679
103125,0.34995192
85044,0.40157142
43352,0.15377605
54294,0.10098316
131942,0.38664827
26872,0.28503525
125860,0.6808704
139483,0.17006893
124588,0.33283284
100018,0.77372
142633,0.2867905
19775,0.36120757
86742,0.6962143
33824,0.51378185
50960,0.11937324
76028,0.19643076
115096,0.37929013
34394,0.8849409
143304,0.516353
102035,0.8991341
18513,0.5631084
71104,0.14545354
73163,0.030158887
128937,0.07269076
111622,0.053750474
1161,0.28678614
25605,0.41133523
50681,0.19572042
42524,0.58394784
3158,0.12297159
113651,0.4302077
68587,0.14104596
103653,0.08994144
87820,0.25966853
27685,0.09705671
4867,0.07985712
19970,0.16822658
58670,0.3241364
86467,0.97406673
44317,0.09791628
98086,0.12721317
145666,0.40878627
21979,0.71473855
41046,0.107020296
39072,0.27641597
115927,0.31251085
109912,0.088151954
88379,0.07837124
739,0.66934425
30242,0.56912863
136494,0.107728004
137233,0.20370653
59058,0.27179065
26567,0.34146014
71239,0.20211853
20139,0.13780294
52102,0.43823937
77884,0.15063266
115295,0.14427868
138563,0.087846
105489,0.39637434
58601,0.10496688
32221,0.63167655
23028,0.056478295
19011,0.09395965
36512,0.47657812
72920,0.43411386
956,0.2448129
133076,0.24717194
19416,0.78318715
83121,0.065965615
82260,0.112685695
29290,0.5699826
108264,0.7037345
3199,0.059729867
23038,0.5391173
17765,0.6160482
63842,0.10887785
73047,0.10366786
32164,0.27846894
62449,0.14856991
58382,0.5735095
18889,0.085568964
66881,0.9807874
135540,0.5972837
82722,0.13154839
85064,0.19208874
96026,0.09600138
131071,0.46277902
85132,0.33561945
58671,0.124504365
115211,0.5650203
37706,0.17690599
25262,0.6950544
22458,0.69768083
38576,0.12469932
48276,0.19382831
64858,0.04683311
87228,0.31677675
135181,0.059452947
140623,0.56653136
55796,0.28476617
40644,0.17801003
92440,0.14831442
58716,0.73064566
75274,0.57304597
34574,0.12967187
101607,0.1487001
25965,0.27906057
88760,0.12633966
38615,0.5520332
18131,0.083267644
105219,0.3968787
72065,0.08972547
27440,0.9422552
24397,0.13838464
95844,0.37209785
106979,0.15636122
79676,0.052486792
13779,0.16007867
45906,0.14959787
109916,0.67742705
41524,0.40019596
18147,0.4618831
70756,0.5449586
93014,0.062167715
75696,0.06873851
5311,0.089473866
40617,0.8717264
135495,0.17687395
76549,0.05634524
122987,0.106015734
108121,0.08678587
80824,0.05344438
75011,0.25358978
68560,0.22484845
149612,0.23721595
104648,0.5424115
53611,0.45827103
134603,0.09167987
6340,0.12508364
9720,0.13420323
141575,0.74128854
90253,0.13912243
78133,0.16682048
76777,0.35451367
17732,0.07526843
134612,0.092272654
118016,0.047209408
92910,0.29314652
64346,0.07838282
41454,0.09018137
137132,0.1685396
93362,0.6529962
68938,0.20628974
8873,0.1761274
34390,0.119300395
100159,0.30430272
39006,0.7120928
5246,0.14112383
8401,0.16240257
104611,0.29465914
92204,0.17356429
96812,0.49281463
143777,0.23967572
23904,0.6236437
29037,0.5251327
124687,0.45266888
64599,0.06933598
124704,0.34007162
1413,0.83364505
60690,0.20033225
31134,0.17385459
10796,0.2509054
115629,0.15972894
115067,0.46538514
81740,0.7126004
119794,0.640933
23361,0.05332163
144034,0.2660348
131113,0.25922558
111318,0.27236974
70574,0.5879475
134769,0.58584666
96960,0.20771112
118964,0.061939426
133124,0.11161062
47761,0.08582008
83279,0.060223464
92089,0.51683336
45210,0.34197214
97274,0.13105181
60738,0.4012695
119279,0.23998342
106626,0.4714184
1936,0.7565865
138064,0.2894893
146402,0.28828526
133754,0.18342379
105781,0.18296526
54227,0.17935741
14431,0.6110248
58886,0.67676765
144711,0.3001566
13381,0.12929036
76320,0.4022243
72384,0.15988941
129982,0.086538404
101987,0.3784589
7044,0.05255644
9804,0.16854085
80052,0.15568179
3705,0.54026514
5273,0.08969889
32320,0.19685635
121780,0.041220415
3710,0.083632685
139875,0.109077856
145037,0.37593925
112794,0.10039973
130592,0.07579544
15144,0.05895544
17370,0.29276428
73011,0.07176976
40744,0.3336191
89134,0.7334075
80525,0.11367378
81292,0.85736907
55639,0.15725544
53812,0.46360624
11295,0.6819186
92380,0.23852648
7118,0.97599685
61135,0.13312009
142864,0.18331288
89833,0.32230487
87791,0.6505202
95107,0.68371886
101126,0.672221
113759,0.29173955
143430,0.07447038
64567,0.31051308
133601,0.5335184
63348,0.14032687
85212,0.053644974
67054,0.19177586
33694,0.37341633
472,0.07214158
4962,0.45282024
149064,0.4837365
55755,0.6075844
139953,0.1728494
10368,0.56773335
15342,0.7823393
24013,0.09770468
11305,0.71096516
142840,0.58511966
119646,0.14438121
133021,0.088203944
108230,0.9661797
106814,0.093541674
10358,0.22701602
72931,0.13088426
94474,0.9556868
103771,0.87612504
137865,0.947983
83482,0.91889226
34922,0.12418695
143358,0.06664157
38183,0.14682582
122978,0.606864
123296,0.13756731
94929,0.13724273
109124,0.27464828
69030,0.06943562
63794,0.8915213
11573,0.10583705
103732,0.5218091
21681,0.091858126
85317,0.25197533
60467,0.13568212
55599,0.31013614
5263,0.24145766
96475,0.33095184
24167,0.07793205
76745,0.07217231
68842,0.07293636
147166,0.30878678
73185,0.08350932
130887,0.36696061
41631,0.085107364
128422,0.20123376
84878,0.15183587
83756,0.7902388
121870,0.96091396
133584,0.18252431
78257,0.7641111
106326,0.22429515
144345,0.14338489
10280,0.20158479
866,0.08908472
45250,0.061354563
78079,0.23005308
26980,0.4518095
16060,0.08553824
110671,0.8346008
63812,0.24626051
25003,0.6623563
129393,0.3058575
149437,0.092956
67170,0.14126122
65725,0.10810528
37190,0.62482977
116488,0.11067874
94391,0.33590302
146562,0.4693129
39521,0.16129765
141569,0.28502876
146346,0.7943633
219,0.27635157
104836,0.058555882
142518,0.7282461
50336,0.7471675
115630,0.20103565
122771,0.49844843
6389,0.24235113
96959,0.45667678
81902,0.6274633
104427,0.40410995
12272,0.30325207
76079,0.07076156
27917,0.11282134
124198,0.5669788
125809,0.58517194
52966,0.82247657
79089,0.16638611
110484,0.1876679
125031,0.44175336
148723,0.9539632
66805,0.056987416
43925,0.096496604
76153,0.09576736
73836,0.57062423
76598,0.8073914
98418,0.08524737
74456,0.06994311
34904,0.22404896
40880,0.11010318
131217,0.8325714
100620,0.084993206
71328,0.46807286
44697,0.34389836
16320,0.90403914
125284,0.050073814
47708,0.5033115
85987,0.49191546
121491,0.27533513
146161,0.32104123
147101,0.7378287
128411,0.4714374
122162,0.87100834
5626,0.15116185
36351,0.11117687
1012,0.8630998
30423,0.9193145
116348,0.1444146
62722,0.52758014
136451,0.32863668
126794,0.1324052
118201,0.1202941
55080,0.14015438
137803,0.20554897
136028,0.260914
66659,0.6167585
46734,0.2634451
57829,0.0667535
48239,0.89731973
72360,0.1209333
45108,0.27439123
128595,0.17479672
73585,0.17245528
59733,0.3004273
82516,0.8841091
40445,0.6359526
143859,0.7823147
75482,0.6619167
45855,0.17028008
111728,0.07265018
80051,0.14485684
14653,0.43822467
30848,0.26027814
53061,0.7146396
93513,0.16149226
50268,0.6014474
21090,0.20387575
82479,0.3006647
105755,0.38210848
100533,0.6485445
110499,0.13654861
55879,0.22686689
105310,0.20729125
45323,0.18032409
12870,0.06671577
42140,0.89995575
79507,0.08774386
85754,0.4081901
17763,0.06719243
111495,0.75010055
58667,0.33346406
49158,0.6004949
140215,0.23054425
71846,0.06914469
67101,0.79455453
135291,0.31448102
123956,0.3215569
3336,0.1544282
95262,0.9740738
120330,0.4363022
52968,0.087299764
94783,0.11051755
148226,0.16523483
63375,0.22418989
92049,0.9124762
102031,0.8414231
2778,0.030146208
46655,0.81209856
78284,0.08273765
48041,0.8000663
82899,0.7544784
30558,0.78042173
2927,0.076297335
59969,0.53651005
84206,0.3987257
133442,0.14255005
110903,0.10969697
64922,0.40205133
51439,0.2006945
42126,0.9409146
5303,0.09700582
116482,0.4232915
121188,0.97830725
128062,0.6594289
19884,0.15054032
79834,0.7783855
19889,0.06742158
102970,0.078676626
147932,0.19288504
111362,0.14817305
96567,0.6613488
91380,0.8683774
40386,0.086749956
62772,0.14367254
25835,0.10371697
67301,0.2543047
25687,0.18438502
10975,0.17465426
135522,0.07854193
10233,0.04947504
147004,0.17501092
145691,0.58875656
62707,0.50585717
1388,0.30944464
129011,0.8194518
143098,0.18621887
27914,0.64505684
86004,0.17878947
111793,0.48780578
58577,0.080547586
14240,0.9418052
117226,0.15216841
124878,0.8596118
7944,0.6385888
81336,0.09171056
9657,0.8862581
29972,0.39058104
44830,0.061692744
55652,0.8399359
149811,0.6593822
29477,0.103834674
128547,0.6985364
134934,0.09489772
42512,0.85710067
131979,0.95263624
111392,0.619964
38530,0.11814126
6970,0.66465414
12715,0.15435638
257,0.58644587
64154,0.9087086
114984,0.43354467
114007,0.073438875
110312,0.3853518
59689,0.09762677
10053,0.587576
131098,0.13447519
75213,0.25907624
83546,0.74833095
85361,0.1913646
59117,0.16633889
23365,0.098388374
26914,0.06583815
32236,0.30373892
127429,0.26089317
124192,0.63778746
130652,0.39501232
88336,0.8556276
29212,0.090520434
131744,0.39209014
8721,0.6921733
112422,0.35253927
143280,0.1420518
45610,0.8869573
127671,0.1292454
48374,0.6956496
138094,0.303926
41323,0.3706949
64681,0.15619129
34767,0.081378505
14693,0.4352595
31958,0.5024323
140726,0.2712218
110040,0.53611296
32299,0.21409962
127494,0.2947495
11845,0.2144574
144303,0.75952727
60344,0.079960786
37164,0.102653466
73385,0.07629664
16274,0.2060255
73366,0.39756784
20296,0.28582737
39800,0.15576062
12919,0.2514367
3416,0.14423662
71619,0.19731596
4442,0.511448
68561,0.9502207
4854,0.22817884
69542,0.07100317
43845,0.5422187
101641,0.10819659
9249,0.54271144
140308,0.640857
78159,0.6961349
17558,0.96745247
64258,0.9501646
72009,0.40015426
137469,0.17522795
28076,0.6393442
24314,0.92958
40057,0.21163136
47846,0.10307121
136003,0.15874329
96426,0.062753074
78453,0.14269952
78914,0.22999193
52633,0.104685426
101226,0.8616629
124337,0.90298396
41342,0.38141543
140364,0.10523204
128789,0.122978635
7381,0.056130018
1264,0.20764786
37249,0.101478636
80523,0.20312944
144996,0.11863362
96721,0.11959386
131339,0.21042678
85338,0.37487388
31293,0.046027694
6346,0.51570886
28754,0.720372
118533,0.10777522
5117,0.100290395
112780,0.30698338
138408,0.096505955
76212,0.08126369
14957,0.8847986
10123,0.69315106
93699,0.17544541
105328,0.112944886
71485,0.15853198
27206,0.0966036
102537,0.14708562
90350,0.39329833
28595,0.26613528
104571,0.15282474
22353,0.06789484
24224,0.092955515
43586,0.14186019
54262,0.6837134
78972,0.084863156
14456,0.17830445
33902,0.09718637
39423,0.24493487
135877,0.663887
32796,0.090516955
7486,0.61160386
128904,0.511308
91961,0.46800014
122275,0.20105675
127814,0.090044394
9514,0.49984604
29158,0.9717036
2888,0.08574544
121485,0.111821555
144913,0.19688016
209,0.34546998
19227,0.17149717
83860,0.373858
48863,0.65607476
92120,0.15905862
12030,0.33490014
5632,0.6698404
21167,0.16970211
31741,0.26272804
19381,0.09437585
51841,0.09001766
94553,0.81985706
102793,0.8408954
66786,0.46709144
58392,0.06710091
43235,0.18789582
120946,0.22768585
127858,0.09576616
69133,0.39832273
102860,0.24593744
59253,0.53443485
146765,0.07454209
87982,0.19496082
88098,0.805696
90494,0.06025642
149275,0.10085497
93543,0.26347068
146962,0.0699845
2772,0.07635532
113240,0.7292558
16215,0.63682586
38207,0.14949062
144756,0.05743956
65630,0.6820327
92787,0.10475439
9915,0.65426606
103198,0.5342772
3611,0.5404244
3412,0.2570856
18092,0.48161852
75803,0.14431663
39731,0.55078983
66612,0.43982795
5430,0.07062484
61232,0.23730816
145315,0.6487062
52615,0.15868752
79270,0.61714387
93079,0.18215123
113089,0.61148417
73707,0.25151262
117033,0.17393406
35088,0.6571146
39857,0.1994037
77315,0.45023233
694,0.90169895
130409,0.21062721
84367,0.08026308
47727,0.2317691
64564,0.69698286
58318,0.39391896
145496,0.7590081
70923,0.17498939
134771,0.22495049
30483,0.114315644
109398,0.18252675
11386,0.40036446
39988,0.17767343
57105,0.91605383
28568,0.31588683
22099,0.6187417
124661,0.41713274
97387,0.14414015
103966,0.07830606
77617,0.19139892
144560,0.10106911
93447,0.23985669
102964,0.70637554
96168,0.0905314
10351,0.18351854
34034,0.68226075
56349,0.05632609
43841,0.14684089
65037,0.24777436
96937,0.62280434
110059,0.0733398
82406,0.052278947
85452,0.21772581
10989,0.2330056
139710,0.5872007
71086,0.33757594
118424,0.6214243
71674,0.82998
35454,0.79996765
66361,0.8445851
115965,0.09168127
34022,0.12465806
147201,0.26798692
28190,0.06314176
75484,0.48103666
65489,0.31270945
104199,0.42412102
145943,0.064690895
71506,0.95552593
92808,0.104615904
25621,0.25111717
104254,0.14090653
135899,0.96219254
143034,0.120909
56109,0.05547119
83265,0.704022
68432,0.40190494
61008,0.0766099
121111,0.5329199
77577,0.33295205
53062,0.11904821
74681,0.020245306
140509,0.7437219
130841,0.9756808
78987,0.20776814
72421,0.15352075
43891,0.07828401
122234,0.06770267
109794,0.09289997
45197,0.16490106
58266,0.6912686
33156,0.4458815
83653,0.7077583
149168,0.11236133
109540,0.3993976
129814,0.26333004
66713,0.5019146
147889,0.5484767
10783,0.5748013
143517,0.7138575
66010,0.16833833
34127,0.13351062
132897,0.36457247
121108,0.12889414
76874,0.10769681
105988,0.0887415
97558,0.14083138
87853,0.76931834
10844,0.07345027
1989,0.03682747
22701,0.13806556
146170,0.08503968
87707,0.080931075
33442,0.12366152
56469,0.117259294
46523,0.061140623
124122,0.18192413
16825,0.09725771
37353,0.2887207
126266,0.3882803
71320,0.35743287
132729,0.118847445
133772,0.072277844
104460,0.105089694
17445,0.55938774
136167,0.07445094
143589,0.10314516
134314,0.06678547
131417,0.68814075
11049,0.23992796
15949,0.2579023
13239,0.12815939
48570,0.0528048
148363,0.1738363
65880,0.19008842
34472,0.041438144
90978,0.30685383
124965,0.071049854
55687,0.14207597
6694,0.84862214
84185,0.3955448
88771,0.15012889
27763,0.20368764
146064,0.11686142
18109,0.31902337
78871,0.06599316
122618,0.11292034
119018,0.18985583
36058,0.043382347
52241,0.13049003
88972,0.8058873
149535,0.07547917
85148,0.736917
25060,0.064890765
45469,0.45552817
20038,0.12933381
15185,0.5817631
101315,0.12669805
64775,0.055471364
48590,0.14285016
41165,0.7419282
66398,0.20361367
17707,0.57962143
11216,0.8449461
127961,0.07685782
27559,0.31491932
8799,0.20878974
31030,0.14486757
17225,0.16462466
141722,0.06388546
60421,0.26245242
95378,0.6032235
92163,0.090501174
120276,0.13335559
122406,0.051501125
38252,0.2564733
146484,0.17452382
46992,0.16879846
118912,0.122691125
91490,0.6529802
55591,0.082815304
47505,0.7510442
58462,0.56896615
31095,0.20251174
39034,0.41592836
81931,0.63132155
84582,0.13798018
3973,0.05052809
5712,0.23656876
79643,0.09294293
21408,0.1899543
130779,0.8729365
75709,0.45965105
9332,0.62630856
122521,0.1669518
48419,0.13525178
20997,0.20693912
84351,0.16499378
99649,0.05824297
33036,0.28623316
106266,0.44461575
117485,0.49925783
79793,0.4897163
41996,0.2765717
146993,0.055496465
65409,0.10852155
101917,0.69092983
99379,0.1578739
35614,0.31639948
69893,0.54108196
48724,0.390062
103243,0.4352489
22219,0.14406078
25024,0.2450816
75889,0.10447426
55433,0.63101274
145177,0.38136777
44114,0.050392944
103983,0.06641459
114660,0.11790003
76094,0.14600562
36483,0.6011324
8958,0.49622816
50783,0.111912355
103759,0.068567485
72427,0.097652145
11726,0.15213852
67633,0.06534993
62634,0.18434805
123470,0.094310455
5850,0.8479841
95057,0.50621855
129602,0.38952112
13420,0.27799147
146386,0.11245029
67693,0.33281016
76772,0.2560828
38528,0.6593333
119016,0.065139495
9630,0.97644264
51380,0.22463284
75212,0.8464403
125537,0.2890734
108589,0.11062466
137666,0.056498103
132767,0.43846413
53956,0.1302644
60258,0.14719151
19284,0.7295114
128819,0.06635607
103217,0.43830463
70743,0.9708044
621,0.15065247
86738,0.8645882
113629,0.21473704
64195,0.23452552
67153,0.10867746
148112,0.8385192
115835,0.17617962
111514,0.9317781
6223,0.07588782
122901,0.7116725
68147,0.72437006
43555,0.06237707
7717,0.67396784
21409,0.121644996
31144,0.059860382
117773,0.25198925
26544,0.18097606
115342,0.81528693
73861,0.08811735
114578,0.07631518
93942,0.86277616
31919,0.0868261
93507,0.47390202
37626,0.06929587
49986,0.9504117
125778,0.51683533
85075,0.32309338
91555,0.12610765
89852,0.16841859
19987,0.16563907
38666,0.08016756
41514,0.22822331
53329,0.12756126
26402,0.09354631
521,0.8342887
146440,0.1466625
109304,0.37408742
72027,0.853334
98583,0.94002527
113623,0.16947727
66707,0.1329509
37485,0.12083476
134397,0.64521134
83277,0.0672038
124601,0.21045731
72392,0.953731
92833,0.067346305
105060,0.11991252
121995,0.1673025
14283,0.13208814
27156,0.5806833
35063,0.915017
2442,0.6432142
35306,0.20101444
139138,0.7345549
42713,0.1577491
99763,0.15877678
97663,0.78706867
18998,0.07267894
7266,0.1496522
5773,0.6280128
69091,0.8119654
91475,0.073119335
37426,0.273515
101285,0.1354341
114648,0.14852315
53041,0.91388065
118537,0.07025497
129973,0.08757487
88288,0.57736367
57835,0.19557978
108463,0.44253302
55744,0.118194
7847,0.2729416
56483,0.33853987
124242,0.21757926
46258,0.925456
31661,0.09389421
14618,0.32115677
30009,0.11401236
36210,0.109668665
95782,0.78058505
97776,0.16204979
3848,0.1086546
25150,0.30869168
84084,0.07281481
94740,0.15658444
124573,0.095241405
145120,0.7320656
103822,0.09686109
70834,0.5361089
96808,0.052805457
32762,0.07461319
120620,0.21817277
90308,0.09937009
72751,0.10289814
119962,0.06243238
114581,0.17403246
121695,0.07153053
141833,0.1911622
43853,0.21004398
123577,0.08839438
35953,0.7313831
57171,0.11731311
89733,0.50148654
131815,0.082669154
110189,0.051134665
10990,0.07297314
20136,0.9257115
125409,0.17482467
144776,0.56678766
119025,0.45061052
116845,0.25324023
117419,0.22496249
125915,0.09108336
45164,0.22040975
92667,0.15074176
137319,0.2563149
56322,0.12257445
34755,0.27403638
29678,0.13988297
111340,0.113842964
59248,0.07364334
5869,0.1297729
115241,0.1207325
61692,0.38396838
12121,0.6403858
75258,0.23815574
23597,0.2044809
52135,0.31634453
149797,0.05073055
32407,0.12418195
37965,0.5724421
113161,0.15332128
80488,0.70224607
120281,0.505908
62262,0.27753732
123840,0.57310045
147511,0.5341166
67978,0.18170272
50124,0.072689965
147392,0.65123177
12468,0.7181903
136104,0.8099942
53224,0.92900854
81959,0.102435894
114428,0.120261736
13780,0.16071032
99605,0.0722808
109370,0.10446514
131883,0.1421429
43731,0.15425555
18474,0.11885283
88019,0.08448466
37732,0.08003131
95566,0.6156771
104599,0.1336338
70132,0.1400166
127461,0.060208123
36980,0.3762134
94046,0.44745553
45733,0.45564765
58148,0.33178332
114472,0.3716662
47471,0.081282526
148654,0.4297864
61343,0.13843904
121302,0.32495368
98460,0.24326369
71765,0.8423351
69953,0.36227018
82738,0.14046131
116579,0.14469491
92889,0.14197558
95626,0.07188057
136205,0.08117473
121305,0.091291435
138738,0.10867
127682,0.07555303
35115,0.43068895
56903,0.15146264
35327,0.30754617
22428,0.1458269
26248,0.092704445
145721,0.1368554
133085,0.08374723
35219,0.10407645
149034,0.896912
11997,0.20977695
38984,0.33434832
80426,0.9004522
17925,0.13105589
98320,0.7096828
46249,0.23240319
130389,0.2245039
111044,0.067791104
52339,0.3103651
44628,0.10758071
72028,0.117610484
44383,0.14226763
11131,0.2907696
97032,0.06957304
59665,0.21570556
41997,0.5489527
30535,0.6260689
43319,0.9099067
31676,0.358979
86353,0.32176507
87343,0.54929215
91766,0.09460316
46720,0.11822621
102665,0.10909238
83281,0.1329804
141688,0.19728805
135213,0.12361315
119618,0.3930746
104476,0.12367007
42848,0.10552635
101699,0.10130073
128223,0.31948206
51189,0.8811984
7853,0.14113098
121442,0.81071067
54521,0.52414155
56722,0.089151084
71473,0.25882915
55373,0.09838867
35860,0.08796779
108972,0.5255661
72109,0.6177737
140473,0.7860666
42984,0.74426574
79154,0.3213045
115129,0.084168255
128989,0.18270372
64747,0.23137265
17919,0.12669264
113218,0.56415457
81557,0.19246286
117336,0.13477774
136971,0.45397508
3287,0.59704804
77646,0.116805
97579,0.18599491
137700,0.8883688
24012,0.25157833
30373,0.6143639
13368,0.08229324
13729,0.48521373
76201,0.30641416
79825,0.21089792
132844,0.092997015
30682,0.70853406
131970,0.7409236
28392,0.6488151
140785,0.9403241
86231,0.18557434
36508,0.05353362
116038,0.4232739
36060,0.28859282
108059,0.15462363
32596,0.93013775
15279,0.101089165
107869,0.65221643
134773,0.34724206
122787,0.76775277
66071,0.16517833
85383,0.3553993
3353,0.920089
41887,0.9393365
9874,0.16021767
67889,0.24319029
128772,0.23362298
133984,0.32210842
42056,0.89749575
21539,0.47114813
137494,0.097673684
16883,0.13083899
145630,0.30162966
74612,0.06741534
88484,0.23730703
92233,0.1417129
65556,0.15887362
79421,0.911013
68380,0.13013552
61521,0.111426875
97146,0.4289443
140028,0.0481266
75076,0.2609123
102898,0.22107328
15828,0.14118508
91108,0.25180393
82262,0.62377363
141625,0.4326876
115384,0.2940665
46490,0.12789793
73850,0.7495347
59515,0.2734227
46633,0.19708012
60638,0.86436224
118607,0.32116207
122416,0.22053052
74447,0.16253452
10322,0.90701
61673,0.7799086
60718,0.07051597
136137,0.30639508
90651,0.095401056
46184,0.7595081
11371,0.29923075
66050,0.1103728
148407,0.14046578
59217,0.8454172
104673,0.6103596
147163,0.06192042
116440,0.1835908
23575,0.2439872
52337,0.082106784
11453,0.05618006
127253,0.66693133
141291,0.38354388
95011,0.10164967
26103,0.10288146
146009,0.13986385
22696,0.2783644
114892,0.09621905
137272,0.7027412
73494,0.069175996
26708,0.09848132
33681,0.92151326
65084,0.40968072
80484,0.06451041
73126,0.6186603
68543,0.25857794
143467,0.4378529
95308,0.4836372
69945,0.23869562
106435,0.4889401
34000,0.33430818
80425,0.05695925
98636,0.972253
94526,0.769516
80203,0.85242486
137105,0.6675261
8482,0.40612525
22907,0.11389607
141863,0.06427081
138354,0.12854408
26583,0.6659882
50883,0.25105676
54131,0.11094213
31188,0.24394049
14335,0.9150332
16444,0.22312301
50243,0.62603503
83397,0.11674892
29179,0.36492413
17317,0.566788
131891,0.63457406
114354,0.15663753
62143,0.14187448
30791,0.045174193
39522,0.15066274
69062,0.75284135
55759,0.24007867
118720,0.05362686
115699,0.5045747
14124,0.7925122
110424,0.0760064
64724,0.15481643
118232,0.25356975
15891,0.7954602
56186,0.0893353
114340,0.47336617
81343,0.40199837
78215,0.17147379
13177,0.11469765
20230,0.4696029
115636,0.14717638
105073,0.6262879
57167,0.060851783
130693,0.07423175
85684,0.54408
41395,0.5156582
64145,0.13721226
101109,0.13887209
11778,0.202376
128161,0.8454992
17651,0.116884276
4137,0.09269368
66531,0.7381613
131294,0.3042689
7490,0.14835666
64476,0.34544837
76009,0.2872137
131929,0.088442154
17519,0.15712905
55011,0.16977063
115209,0.23272604
127699,0.079582766
99867,0.09026754
80740,0.066626966
144021,0.04907142
59159,0.16839413
88665,0.7471019
86927,0.08312663
76500,0.12912837
107054,0.4949956
102931,0.15546589
140226,0.13864876
146666,0.17161454
147732,0.10653479
56787,0.09538348
104957,0.130923
22781,0.106658466
118452,0.0432798
52465,0.07766842
145558,0.06633516
108923,0.30559495
80696,0.12955065
57469,0.26988053
13375,0.6137566
136489,0.7102815
147702,0.092223756
143299,0.13205771
58342,0.8452672
135245,0.06129956
12002,0.43299675
79346,0.15296014
3700,0.049132224
86902,0.760377
16577,0.24807228
134310,0.11890693
8402,0.6884087
35566,0.2240468
14945,0.43929595
143849,0.09418981
82741,0.14592837
31016,0.62001055
18599,0.15055661
71825,0.23904839
58316,0.11061671
136541,0.15595599
38992,0.43983063
44645,0.6260822
140358,0.16978979
122339,0.1216296
31457,0.22136983
51260,0.055896413
94481,0.19702639
90703,0.5552179
38451,0.15482388
54759,0.35029137
39592,0.1170249
22225,0.1595205
19909,0.092872046
45982,0.41048518
143328,0.75012404
9464,0.5408778
131881,0.9111473
130100,0.7460388
111066,0.0402035
21222,0.13266908
93977,0.18516108
110685,0.08257523
18465,0.12349537
106174,0.36983883
7129,0.20513494
43787,0.065861724
81759,0.060981818
58328,0.08804299
104305,0.19929577
10480,0.63581574
67189,0.057627168
4266,0.9041302
40938,0.21202937
75805,0.12846294
86425,0.08672803
8161,0.09106327
97957,0.3184857
14434,0.61963904
107987,0.4753359
83800,0.34987646
80419,0.2353744
121853,0.214371
137966,0.08121721
20692,0.09874078
90137,0.21234028
16911,0.70762295
32293,0.11953638
138169,0.31276122
147909,0.055456925
21212,0.07512109
8328,0.13945003
13531,0.17616813
70046,0.47205797
115961,0.07964316
48158,0.50475043
35691,0.22081128
101490,0.5233441
127654,0.2931779
140859,0.0527034
13621,0.15626793
135079,0.75294715
125900,0.60860175
55864,0.097654685
70540,0.100974225
111756,0.7135573
49976,0.93186045
63209,0.10764825
126714,0.38574648
77798,0.22406116
22427,0.59930366
92599,0.056514945
19212,0.22957711
64687,0.15849327
93445,0.6085205
2112,0.10107465
98703,0.38141364
77883,0.1067597
82416,0.46353075
144695,0.13991442
148250,0.044477463
136572,0.27857554
88299,0.14840776
77150,0.32875186
26605,0.068706326
95416,0.3386071
88350,0.27722305
13249,0.1941256
52265,0.6021712
121921,0.12371354
35967,0.21444684
127870,0.15679291
107618,0.2361994
140309,0.054139964
17166,0.7083467
68487,0.13623784
80179,0.37548485
145434,0.1058479
117924,0.4324084
127595,0.25326702
5250,0.088704854
22390,0.10311149
52205,0.28548938
58881,0.11332231
148798,0.74258417
73211,0.21669862
73379,0.102237545
81150,0.97653514
41870,0.9368433
110861,0.04561508
15109,0.059149954
31920,0.3642713
134951,0.9009693
1591,0.834534
104772,0.25443754
36057,0.14040458
35366,0.4448436
55715,0.1468116
36640,0.07960804
104167,0.46553585
126410,0.62663484
121064,0.118965745
70773,0.56183696
77069,0.74402905
139700,0.9217865
131108,0.20629546
7933,0.80573416
15522,0.120816685
30076,0.19261342
129952,0.10120854
30774,0.3100191
42350,0.109139085
7722,0.28468522
1331,0.22035411
110866,0.68074787
28687,0.15929933
5998,0.15320086
115695,0.63076115
90630,0.18425108
37139,0.6804059
26783,0.07075717
31196,0.5880251
56859,0.41964012
19979,0.21586971
122826,0.5646091
113394,0.4730793
34620,0.6212515
133537,0.66555
75574,0.65419924
103523,0.24018294
149591,0.09105453
4197,0.19108926
107250,0.153714
141960,0.15672573
49255,0.4533475
149912,0.58132106
79598,0.1749008
73922,0.15815042
70335,0.29163587
106644,0.055635273
59345,0.33479613
107721,0.92229676
77548,0.052942395
14467,0.29636773
120004,0.06274385
60047,0.1492828
94417,0.14143561
89310,0.88512605
146537,0.35421994
6121,0.1635826
36035,0.11676434
108396,0.23509268
64960,0.11387546
100384,0.107081085
104855,0.079786494
134659,0.3263178
80656,0.2842622
87057,0.6595093
124129,0.1008996
85974,0.18751495
22070,0.22295769
80105,0.14327824
93532,0.14285395
130732,0.09027213
62439,0.94376415
26040,0.09442909
126989,0.39705893
90874,0.85155183
75275,0.1324002
4902,0.243861
64451,0.6438755
24103,0.089176245
134983,0.6272372
104932,0.9634969
91778,0.17395763
50980,0.3804138
94307,0.40051258
13669,0.96431464
88989,0.36908528
67098,0.79762304
39796,0.49321428
30030,0.22430897
34714,0.35325906
8473,0.092424475
90779,0.52480435
51079,0.8055702
81337,0.21026471
22100,0.20382403
19644,0.07974278
49667,0.08600495
6308,0.39362133
63811,0.14808048
71907,0.49219596
49579,0.069746956
143435,0.30948436
35407,0.07352627
113172,0.06520099
62224,0.0762375
95527,0.37131926
73927,0.11432758
143233,0.122846276
54588,0.3556369
60370,0.63898706
101582,0.1886839
18933,0.16894302
100514,0.21051101
36803,0.25596157
17321,0.59393245
148683,0.24158616
12734,0.09212121
97593,0.7328027
103698,0.59836054
126141,0.11476093
61973,0.07368888
45496,0.29675138
18467,0.075966544
97615,0.9466411
41558,0.35010517
46851,0.2079366
85197,0.06282045
21870,0.44730902
104355,0.32809904
77694,0.87206477
11811,0.63290846
65926,0.109740265
69377,0.47249126
46770,0.09687606
91059,0.07068653
78335,0.04532254
12620,0.13893193
24801,0.18231645
116240,0.25295776
98562,0.0963998
103499,0.42630464
28910,0.3415968
80566,0.13466083
36083,0.23809065
39260,0.30217302
135725,0.45439884
75644,0.0837845
38292,0.10693578
122205,0.27655518
146132,0.19281605
36643,0.5225754
13460,0.3696311
31728,0.12066851
127214,0.05429579
140893,0.2928296
89448,0.091021344
6562,0.47614542
11412,0.28348756
99550,0.9193844
74413,0.39688113
31244,0.5863536
123015,0.5645574
131645,0.21447966
127599,0.24111171
105465,0.24794957
68401,0.50167954
56987,0.8702604
30453,0.6042955
83305,0.4004036
67765,0.4840919
9917,0.8638729
41361,0.6160925
142708,0.120547704
89288,0.11129419
103443,0.38350216
5842,0.23298484
15410,0.106768556
105408,0.13867424
109037,0.090874866
12797,0.10278885
78903,0.637568
131368,0.11522308
60628,0.5786335
56779,0.19108322
113833,0.5025475
23887,0.15122877
83623,0.7529639
20077,0.07162713
23177,0.06092623
126320,0.47834608
46904,0.24823958
85037,0.7948661
69249,0.06824162
46327,0.40714276
68238,0.7798214
25141,0.10083129
88009,0.09282527
118447,0.64801514
138649,0.4218919
13789,0.18116957
63335,0.16130283
85332,0.06370959
19049,0.062338658
41070,0.3147559
66946,0.13243277
57070,0.13697009
114242,0.1884696
93476,0.46620855
110621,0.06929113
8621,0.18308163
28772,0.2055747
41847,0.43090037
73368,0.0787127
145854,0.08864881
39327,0.97479576
20241,0.96746975
78806,0.17791681
112537,0.080453545
29441,0.7156674
79400,0.22429194
34408,0.3183963
59534,0.6459568
37931,0.058083188
96863,0.6349618
53286,0.63689524
123948,0.8853627
102221,0.20710422
21503,0.12019844
42579,0.24630643
60469,0.8389623
41803,0.6924515
113554,0.6834659
60888,0.0867644
44690,0.6160349
75224,0.0378918
143566,0.12321362
35375,0.17392945
43699,0.20739774
9743,0.15711696
95991,0.59610957
7505,0.9665051
117263,0.23344669
94249,0.21556342
113652,0.51117384
80887,0.108903944
49353,0.26352674
149917,0.6736707
11509,0.23133004
123313,0.7908866
59078,0.24423006
83882,0.26110512
127159,0.06295878
68450,0.1063668
71223,0.8554976
98206,0.8711737
96184,0.54462785
23456,0.62049174
117027,0.6309935
119146,0.5119
135215,0.07585886
112723,0.9304783
45739,0.94784516
29794,0.3435008
48865,0.45926714
42477,0.26274914
61006,0.22956906
57840,0.79556125
9235,0.14321935
145623,0.078324296
131940,0.5965457
131187,0.94485265
67503,0.32433024
46532,0.2511059
8301,0.1291825
90813,0.12660411
122463,0.13097455
139063,0.571145
89675,0.09655681
53764,0.84213614
147225,0.05892151
102515,0.08090456
12388,0.75562996
46243,0.17104553
122448,0.064976275
73177,0.29646337
5779,0.755623
116784,0.059873424
99027,0.098674305
142392,0.1532091
31791,0.09126051
105002,0.3443569
21407,0.54253745
120115,0.36471313
130333,0.28465617
30385,0.37967122
108183,0.7405401
69228,0.36183327
51027,0.1528935
124973,0.110590026
81753,0.22699904
76389,0.9540337
66263,0.6051121
69102,0.62811255
97419,0.32132864
65040,0.6429235
122089,0.5229051
116996,0.67951095
69131,0.21408623
97732,0.7189405
147046,0.14298989
68962,0.08447696
131605,0.44169864
134737,0.18684907
137403,0.13272911
52834,0.0878717
21585,0.50564295
97466,0.8592448
72599,0.048370738
47783,0.66835445
63126,0.72403556
33718,0.6004446
91913,0.15702991
71458,0.120641254
55574,0.097877584
109699,0.1397796
18150,0.08217537
59462,0.76410365
31218,0.35516205
68169,0.48195755
5766,0.233007
52128,0.13391036
20615,0.044013496
122762,0.080368765
6525,0.13660276
86896,0.41448355
95633,0.22719137
16078,0.057200044
92674,0.24995492
97799,0.07334249
123027,0.16434637
116031,0.6038139
61167,0.18497773
101124,0.071809575
6500,0.5216627
107143,0.14341855
98712,0.49419045
98554,0.1195854
85984,0.5887942
69081,0.09208473
88745,0.06390905
25719,0.100509375
146604,0.7344626
21669,0.20020291
147800,0.7930258
104977,0.49627665
10774,0.07077983
89809,0.4919173
77357,0.25003564
105947,0.13015454
136252,0.18846293
20531,0.24827592
7002,0.18309736
5107,0.25687727
51947,0.076543875
89874,0.10567011
51038,0.072326094
71128,0.24236323
66714,0.27557933
31878,0.16515587
31705,0.18314789
114099,0.0819473
50264,0.07137532
52360,0.522792
31065,0.65022284
133260,0.12501615
89194,0.8577409
86954,0.5225644
43090,0.1442431
110082,0.65732014
132979,0.48385367
131286,0.1194602
148460,0.24132845
61035,0.33018082
145101,0.21569473
139315,0.1531713
124621,0.20507808
134978,0.5553318
6692,0.16459364
94643,0.73080003
26799,0.06619442
119074,0.52636087
65809,0.12677889
43148,0.12192078
11421,0.37942106
75214,0.23577976
114708,0.46864736
125182,0.44150913
63458,0.14142276
116825,0.11904416
4622,0.09844006
144609,0.2328329
128637,0.44064808
46075,0.3105682
48543,0.8227316
76022,0.2329996
50139,0.91358304
46078,0.19193956
19903,0.36377892
51534,0.39220715
40714,0.46055815
99248,0.19811548
8932,0.55501664
10306,0.20763384
31122,0.06532707
79313,0.08106263
63111,0.0730692
115348,0.1698159
69756,0.4545006
1948,0.061725378
55213,0.09798947
1480,0.2991132
67482,0.8877268
146558,0.18056212
60452,0.13148044
16929,0.12076894
97890,0.084006906
34924,0.1013587
7449,0.06367499
37149,0.38706988
62700,0.49683094
57595,0.11925392
22124,0.5811909
15928,0.8690006
86998,0.5113766
65304,0.1348363
100417,0.08937974
87549,0.17635222
17350,0.14936294
24854,0.13310124
84867,0.07815084
67404,0.68820465
103279,0.7375384
61193,0.12047477
114296,0.15220998
120842,0.19105467
31795,0.11194385
106489,0.33466247
86628,0.18133856
136544,0.06192303
139416,0.88333094
96702,0.05308545
7102,0.23680311
121255,0.81621486
135598,0.86849993
70130,0.109963655
14388,0.17510775
137866,0.11841295
77297,0.5734535
90743,0.41655624
83039,0.7753005
95027,0.30063474
98153,0.4981784
92412,0.12466266
79856,0.24417293
68310,0.13148525
76334,0.05637514
25596,0.10065964
96634,0.3596544
116778,0.94447035
3249,0.46875098
14494,0.23118655
135452,0.3970488
113542,0.6314039
1392,0.24614994
23146,0.105360635
41480,0.92105776
143345,0.16669087
138062,0.27883485
79761,0.4827829
79152,0.15634164
28421,0.14743236
38394,0.116916105
30965,0.2416608
55094,0.10849222
33510,0.56875366
122643,0.52127355
68931,0.12848164
22014,0.15379
27490,0.41535717
102369,0.12937453
20609,0.13614029
112951,0.6290421
100477,0.089798324
86784,0.11262011
94852,0.34260437
9956,0.19977535
96381,0.1496378
60070,0.08487745
64234,0.85237104
52579,0.17442045
52979,0.13518889
20039,0.06441686
131787,0.16093597
132354,0.05862587
83645,0.08039139
11501,0.05879931
14288,0.067655
66576,0.1439547
23204,0.08869628
41855,0.3940448
45172,0.30926323
38038,0.45139182
67420,0.10117759
104843,0.08802282
146865,0.10619832
105488,0.36080217
94180,0.13218258
137861,0.25520897
47784,0.10446218
17306,0.15011244
131215,0.50547636
103547,0.118933484
22021,0.22125469
87488,0.1655556
96696,0.070381135
139951,0.13297637
80370,0.17174144
128417,0.13825376
76374,0.8145565
117231,0.643341
14572,0.114442855
26095,0.64268285
106936,0.08817523
28720,0.0808205
36943,0.35449183
138831,0.6518941
45524,0.13251476
30711,0.13812795
32549,0.05857664
6009,0.58876324
129570,0.19047113
111852,0.11665159
95988,0.49622494
67234,0.7974223
108543,0.15945074
98527,0.15514064
125411,0.14083138
14636,0.055880964
15280,0.19190386
70040,0.09194237
136182,0.1267948
140907,0.100695714
8414,0.23863307
8472,0.069414884
148481,0.65077496
15973,0.86966574
131064,0.10613158
117043,0.1626125
85116,0.12008275
35661,0.13328296
12638,0.53816235
136076,0.13953854
105648,0.6945773
45940,0.08482657
44848,0.3597001
517,0.22157136
10347,0.23682143
89313,0.30083796
35873,0.3419237
69934,0.14908057
119666,0.14570078
138218,0.42027506
14515,0.11853342
123052,0.0596003
61258,0.33090714
68544,0.4917364
128171,0.25868976
138264,0.8563615
78400,0.08395441
102962,0.13536757
4916,0.11773497
143117,0.27435213
142927,0.035252076
23762,0.4066876
46679,0.102855586
68407,0.3016308
129123,0.270988
92498,0.95900047
108397,0.23469527
92556,0.08823722
108601,0.1011637
6421,0.24711746
145181,0.08502909
107018,0.12644647
132823,0.12588367
137989,0.24600063
143524,0.92401385
128205,0.6283473
134689,0.2759561
115213,0.9209996
131681,0.10942965
20359,0.85683584
72073,0.4232203
9610,0.9678143
42312,0.057287313
83829,0.11299536
101847,0.093315326
145668,0.09418907
96429,0.15915304
123976,0.1045965
54379,0.22469485
94925,0.1582131
10628,0.10189899
128241,0.98140126
18298,0.10507134
60342,0.066666454
111538,0.8898429
96153,0.40928096
30398,0.19154145
113018,0.23503174
98770,0.081830606
87456,0.2808681
109111,0.7535797
89068,0.14545183
52401,0.33738735
83007,0.16169947
69668,0.11256296
135930,0.33096337
100490,0.23840868
130047,0.83730197
30755,0.9431945
8381,0.486956
93635,0.75248086
39872,0.037360564
124379,0.19755617
94385,0.24834338
88824,0.1722025
119761,0.1431539
117172,0.406502
145007,0.5414871
98017,0.1685
30201,0.5709484
127144,0.06404041
24093,0.74983186
132228,0.12347903
83041,0.3335644
13826,0.23174505
65866,0.23936686
26197,0.53583926
104806,0.32559627
115682,0.11417422
81683,0.29751748
54275,0.22292691
149217,0.06311445
48448,0.6596655
126681,0.09189757
34926,0.4445071
41309,0.08472525
137242,0.49368265
62048,0.95912015
118546,0.0663104
93733,0.21700487
132030,0.09379397
70670,0.7747439
55266,0.71274835
129660,0.121090814
71823,0.18425526
102322,0.026408883
144657,0.068269275
118809,0.32184944
42351,0.13874592
93617,0.08765332
110994,0.54472536
79611,0.39515343
95202,0.9102628
34869,0.081410594
18991,0.11557055
60121,0.1120123
91149,0.62495834
32655,0.08863111
62691,0.78509563
39208,0.19356869
109536,0.21565422
78727,0.20420896
99308,0.07784224
74230,0.11007778
18213,0.8097918
44016,0.13842419
21258,0.35135105
137089,0.19475402
50173,0.11001498
28733,0.078299835
133579,0.75692135
110528,0.4358581
133582,0.08794855
35792,0.09083861
104033,0.21312967
4486,0.5729632
25308,0.20037094
59767,0.89639914
86891,0.6613118
18495,0.061030686
112786,0.23474099
65081,0.39285782
77936,0.34080276
37217,0.6409911
116864,0.18090189
103584,0.10554429
94828,0.5069444
67030,0.1482434
124628,0.14548182
58822,0.093385324
112886,0.5858831
145503,0.63563985
73794,0.16924721
137370,0.50288296
122145,0.41057748
102114,0.84722614
35432,0.8532724
33214,0.08184548
18193,0.8963209
48554,0.08908917
74238,0.10828024
79458,0.13581339
59007,0.22671376
43800,0.09837212
82294,0.07305692
95272,0.89102685
120090,0.09319138
100883,0.264016
98946,0.06563679
71033,0.44882408
55983,0.24360842
36294,0.6146553
31989,0.51581156
38820,0.6022335
65405,0.29202923
97169,0.37772912
73027,0.7181307
104917,0.35208896
62156,0.07025615
126492,0.15930715
31772,0.32799196
108465,0.09237199
108094,0.11057163
114580,0.118906684
115060,0.10917309
30295,0.9418202
35092,0.5672999
74949,0.19448005
55661,0.47348186
34807,0.31173354
838,0.19911239
6436,0.12870395
16234,0.23026796
32385,0.069863886
58939,0.1590593
143319,0.10624412
90852,0.9250268
12819,0.17701305
96390,0.4327284
54772,0.06398855
50241,0.06457243
139361,0.16625819
663,0.80715686
15930,0.08216344
44663,0.24989118
13597,0.23891188
119478,0.70308095
109415,0.12865679
113567,0.60646737
60373,0.38640526
75496,0.084771246
93097,0.79877377
91160,0.17520371
83255,0.12677792
13624,0.061741985
91133,0.3285445
66161,0.17462255
136530,0.3651641
51206,0.30191308
7615,0.87518364
68641,0.6464058
36258,0.042575642
137042,0.056066472
148588,0.17243947
21688,0.1399646
96970,0.2701697
18204,0.1410214
135387,0.41370988
29550,0.11796836
51752,0.07789105
140405,0.08886756
97463,0.41666496
22784,0.08543472
122695,0.68138105
148905,0.4655659
32902,0.16742055
353,0.95493484
108479,0.10224258
133642,0.5654326
128600,0.082050964
64418,0.15486255
104172,0.7275777
60763,0.8484893
140239,0.4385654
68186,0.95115036
147554,0.21221471
50202,0.12601444
16103,0.1286421
55538,0.09705681
68720,0.04595201
70630,0.25792307
149029,0.21977487
115223,0.18077044
4391,0.6510626
9788,0.28658354
69421,0.06483574
100023,0.8847242
139155,0.24072796
64163,0.15079118
126589,0.6042391
62505,0.12226572
81554,0.69183254
41683,0.062474985
103169,0.6760158
37235,0.121243544
64671,0.14156763
34814,0.50917596
103356,0.866857
19949,0.13295265
33690,0.17611915
32631,0.9382077
18708,0.17824672
63450,0.08385098
24275,0.08561693
133316,0.17128904
64851,0.07875509
140431,0.10248328
35144,0.211266
138219,0.52305996
2297,0.09831294
6695,0.5757596
100841,0.15786344
33359,0.6267081
71803,0.17078783
106022,0.08947527
126925,0.2668354
116408,0.12044233
39762,0.40818363
75835,0.35450825
99663,0.07628415
944,0.8856852
122131,0.45391062
10866,0.06557794
93444,0.17672923
118102,0.20311297
127901,0.0826176
62080,0.21786098
127857,0.61304104
109965,0.06851928
105833,0.19854449
132009,0.76306474
13792,0.1442494
107125,0.58684474
43718,0.17931247
56472,0.5882629
42080,0.89981246
117085,0.20632818
49503,0.32640237
145656,0.16381736
25775,0.27570775
81719,0.8695757
114257,0.123471566
124058,0.28693175
91262,0.2924661
76261,0.7398112
25755,0.3841156
78999,0.6781209
1808,0.2333288
68863,0.16182517
62004,0.075706206
20624,0.17931327
115134,0.05679484
90251,0.07434458
91941,0.539799
72658,0.2110987
98687,0.15549086
144944,0.17090355
35870,0.17759234
74973,0.91392136
129308,0.45615712
130069,0.06129738
8574,0.7590425
49312,0.07576368
48378,0.11597077
133662,0.06478836
123179,0.3669375
90829,0.7337352
149924,0.16486105
7737,0.5966356
113105,0.12842244
118980,0.536178
68959,0.08262136
70296,0.63163215
107497,0.08532312
12033,0.10315552
81297,0.08139017
133813,0.20294185
56215,0.945761
54177,0.11359044
42286,0.58148247
42179,0.088480085
103448,0.3580064
112701,0.4031877
114658,0.34449196
46068,0.11841233
115569,0.0814544
26530,0.8494596
92190,0.8320815
33447,0.18830223
54722,0.08100631
53763,0.38551447
24917,0.17278808
26873,0.783567
23536,0.5519673
144532,0.878709
114922,0.08670178
6764,0.47666106
119002,0.3906531
2622,0.15335108
83061,0.46984705
137333,0.77724874
28861,0.34209472
131049,0.047045115
80486,0.14499709
46868,0.8677993
140992,0.25953835
44040,0.068703234
102251,0.1919555
102276,0.8195493
9549,0.22989482
147640,0.064373225
73822,0.64162797
91636,0.5639857
9665,0.20919815
49381,0.2967628
6469,0.9120739
75037,0.21611011
48291,0.75463617
1165,0.16946612
116782,0.8134628
27316,0.13910723
110285,0.12854353
46263,0.09762024
83149,0.7272499
41695,0.2984702
88838,0.056080714
30404,0.08895922
136263,0.34144232
106233,0.3294613
101105,0.8916619
1444,0.5165571
1628,0.15514936
71196,0.44192603
21632,0.78985405
110511,0.10771608
109936,0.08094354
106052,0.12371162
136046,0.4497123
140807,0.080614395
26446,0.19798973
120518,0.08322976
122598,0.52198184
38952,0.08069358
18646,0.44950518
39489,0.27568895
109786,0.13730443
132951,0.12576643
64644,0.30480218
69214,0.5081874
23464,0.5036104
19524,0.14113188
47978,0.23397489
28884,0.06882805
100160,0.52423376
49778,0.45848984
50703,0.18247883
79062,0.20108387
37371,0.34309065
123240,0.20893808
47719,0.16820613
2469,0.91139567
25040,0.4072585
71629,0.6133938
98448,0.111631274
99825,0.18957555
26448,0.07269266
50332,0.121616766
137023,0.21644469
124605,0.048235297
114000,0.14705566
36273,0.17288238
33321,0.09730444
6942,0.3760095
120128,0.16099557
63179,0.111123025
39730,0.06672219
71402,0.9342378
133043,0.27301073
121846,0.42999628
31822,0.17859957
29493,0.20397197
25903,0.2239072
92354,0.119561106
288,0.37084252
45219,0.059095427
114592,0.44762367
4784,0.2539454
44093,0.3982642
22990,0.94362444
855,0.056943268
129706,0.053438656
10083,0.6532497
40508,0.07981517
114657,0.099229746
139647,0.05100877
40276,0.10546178
75131,0.09099947
123160,0.68572193
50539,0.19646753
78051,0.48032504
53985,0.9227192
131465,0.12248974
20732,0.124202766
120231,0.12162101
19714,0.13449828
43122,0.6598428
67904,0.4578128
74684,0.07031216
111254,0.08881669
95306,0.289091
95878,0.56165177
83428,0.122574665
92883,0.200832
140710,0.0962232
77858,0.5929701
68263,0.19772033
3256,0.079959996
109695,0.95369905
36597,0.2021938
5341,0.7226319
69896,0.18337688
43978,0.05800088
141558,0.52399206
55844,0.07939477
133018,0.5203463
28430,0.14043555
64505,0.060324736
122837,0.83015347
336,0.32704327
88081,0.16091762
116324,0.910914
81300,0.37947762
100223,0.14924401
69297,0.17621166
104853,0.54175234
143976,0.094857164
45692,0.10198634
3285,0.08285803
37318,0.641377
14797,0.13649115
121068,0.121433996
149364,0.11910786
55329,0.37433067
99418,0.57753235
132404,0.19186203
74748,0.1021651
134317,0.063203685
128294,0.16719477
122236,0.8296335
92452,0.15273525
11376,0.04546057
106091,0.12305892
124372,0.52247274
142943,0.849307
133833,0.10499609
71720,0.10966277
67547,0.22231877
104732,0.57290244
53452,0.14687508
33119,0.10635331
58833,0.1367869
23008,0.24623396
29904,0.56695586
94853,0.25987872
124088,0.98234403
49601,0.17169684
899,0.32368162
76609,0.079128705
124116,0.34774297
17772,0.6671731
84320,0.16089022
67440,0.67805445
50693,0.067666665
109721,0.41090938
121787,0.34582654
55826,0.2426878
19866,0.17503595
47158,0.07098857
58569,0.051545784
99519,0.46230677
74648,0.88376135
109897,0.6347769
71667,0.29139555
137408,0.14478293
60748,0.050676335
137973,0.62231284
65962,0.18229468
112884,0.09465608
102827,0.103243686
37480,0.0764493
90045,0.07171025
57475,0.48812956
129770,0.09348525
118756,0.13445562
55865,0.08594657
61715,0.7376625
106718,0.6620483
16524,0.07779107
78030,0.90205866
55686,0.55260545
88195,0.54486525
145501,0.9088037
120694,0.338749
68695,0.13331899
134476,0.21758322
82495,0.07683807
35937,0.3591183
49514,0.062383436
103235,0.38064378
10978,0.6312465
88253,0.7354653
7472,0.34453216
61092,0.11042868
11167,0.0402035
5228,0.23207541
87913,0.1628102
90268,0.11392195
110276,0.182671
35742,0.41123933
87651,0.6084434
45559,0.31634808
125593,0.13425799
136787,0.21523507
7212,0.17374489
133128,0.28550363
23915,0.9027648
108012,0.12353914
109336,0.10309623
62570,0.1341548
67336,0.5054664
102554,0.63992333
68503,0.21851662
117733,0.17146146
63408,0.34804273
53746,0.6453051
23051,0.9743183
96006,0.15169266
94119,0.03991348
101342,0.117706485
127467,0.19355096
35087,0.07703968
52572,0.10439967
143224,0.62295985
36218,0.4227564
87579,0.8093444
42292,0.36442122
137732,0.6224244
110070,0.28711793
78306,0.08716134
57605,0.04454798
92259,0.07268651
118654,0.93980265
16117,0.08347865
46065,0.05868457
70516,0.10445742
12771,0.16936298
124015,0.256675
20534,0.23287453
91485,0.11343337
127341,0.08741442
51385,0.4229066
12081,0.05642158
148057,0.15323743
79648,0.067456186
31060,0.9000271
116358,0.85185814
138059,0.22417876
124151,0.2699404
137297,0.17221527
26386,0.11675182
72383,0.11024239
63011,0.9008887
105278,0.1117437
122309,0.30321127
46495,0.29983148
128390,0.26391163
57571,0.2949825
99277,0.11105386
65936,0.30773494
136631,0.6275839
49014,0.41470304
65728,0.092624635
63071,0.098480545
113068,0.92286533
89984,0.15472631
130873,0.099631295
134055,0.11115958
86027,0.32992238
104156,0.72731584
46742,0.43660405
114729,0.679488
83415,0.6741791
114623,0.42665347
139039,0.112485684
74581,0.06122198
1430,0.13706829
56833,0.1452644
23348,0.24413382
136768,0.14924054
61329,0.3662689
120596,0.41960874
37660,0.08531056
30910,0.16970487
17706,0.24868448
54801,0.41412124
135659,0.35084006
125631,0.88110197
45995,0.48222286
106650,0.23427835
19728,0.96860605
26488,0.19009261
61558,0.101854816
139573,0.15219033
67689,0.15090331
39545,0.17490928
134316,0.12259009
20037,0.94163394
71035,0.26532665
100789,0.5277011
142034,0.10903836
109855,0.23178688
63038,0.146848
127512,0.07511685
53538,0.25904074
119062,0.2794235
93348,0.07439151
146268,0.39366072
27808,0.36951765
126430,0.20791107
122186,0.44637957
135201,0.63067716
15799,0.5503266
108495,0.8910138
115365,0.6819266
62024,0.27469653
101184,0.2625855
77467,0.33274698
92489,0.26966813
39813,0.20978989
18086,0.08389295
9844,0.05973007
46279,0.24215032
49363,0.07436728
118420,0.12049173
43888,0.4220766
49349,0.0636753
119953,0.37967405
6837,0.8739436
102137,0.91631556
138417,0.48877308
75860,0.37556654
132337,0.43083742
9000,0.123691455
122289,0.37117863
86337,0.41848713
61674,0.81788915
55862,0.7001217
139732,0.22809902
14997,0.066572465
139436,0.090690546
81782,0.07840233
128837,0.8825646
62067,0.07650462
97590,0.21256252
104786,0.11128624
47161,0.22025944
112603,0.17993297
140045,0.22049086
115333,0.94937617
98533,0.4262205
103097,0.057801247
136006,0.07804165
114160,0.10766515
104376,0.70067865
36684,0.50873405
70124,0.50761044
71888,0.13996193
82134,0.27609453
23720,0.9782406
75740,0.9656034
112964,0.85008454
65390,0.15866347
115273,0.11212732
123887,0.058125943
55084,0.3966929
18986,0.7932142
45907,0.06665867
13869,0.2330654
42184,0.17866877
129103,0.11329673
66950,0.18343155
77411,0.13336578
85016,0.5876952
112894,0.05474706
146174,0.06521194
97383,0.060772978
20025,0.16582601
126303,0.123800926
8480,0.14348383
43052,0.04725855
64835,0.109560736
2508,0.68962
92877,0.49393275
54733,0.16039
111987,0.15849611
148491,0.09637665
73418,0.27464566
29381,0.25620896
25994,0.066374995
130602,0.24392153
35981,0.054846603
2384,0.88602865
115440,0.45103008
131043,0.10151235
123457,0.5360031
111288,0.12371086
131524,0.463802
88791,0.6003418
16733,0.13846092
86333,0.08777593
108673,0.30221593
28896,0.046123788
87391,0.09413162
18844,0.4620956
42901,0.385449
76951,0.16091307
43317,0.10708176
4357,0.65335685
115392,0.31897637
1169,0.16724683
104631,0.4708827
49029,0.099372014
119750,0.06339333
995,0.18214996
103559,0.14311667
129498,0.9309962
129551,0.34437385
116834,0.10018703
18622,0.14636853
90652,0.52133244
75743,0.17105879
14992,0.096195556
31436,0.8398956
73189,0.8412154
113736,0.6914427
6438,0.70713484
107338,0.5726011
138289,0.5160688
62508,0.5992242
97416,0.15363142
82649,0.13225609
22687,0.06446313
3855,0.5802191
12266,0.34561193
45,0.12476711
46715,0.3012488
77967,0.3705251
15672,0.13069251
53510,0.49890673
15942,0.3251128
147969,0.072200894
26186,0.1234411
10274,0.40156472
97931,0.09935026
66960,0.12869748
91542,0.5327126
68164,0.09485102
5189,0.29093775
20047,0.24321082
125301,0.11049703
111216,0.09342156
33429,0.11228568
130397,0.32670212
147426,0.44691762
67497,0.22763252
13021,0.14621222
112322,0.23645191
5511,0.5633397
86815,0.5968439
104075,0.23949304
20263,0.7581749
67160,0.14246762
15103,0.46534982
124651,0.24650846
141132,0.21572655
88307,0.5524241
19591,0.094935246
113916,0.5430494
137755,0.20404328
81547,0.10625242
12120,0.120052256
110195,0.22847685
44147,0.93574554
139426,0.13441522
55717,0.23952737
90884,0.42170483
13162,0.19175509
72274,0.08416105
32910,0.095063
29652,0.2704236
47174,0.61659795
26242,0.16335447
44997,0.1783821
29323,0.13175187
131611,0.706595
49485,0.1557432
11105,0.1521666
58104,0.047273804
123831,0.1559372
39308,0.1763772
91711,0.10189539
131719,0.26782322
76802,0.22876023
28874,0.15821096
43619,0.19893362
4370,0.25940463
109785,0.14514884
80797,0.11710257
99373,0.160597
29219,0.121192366
98237,0.0886969
101090,0.9670493
103479,0.23664553
5092,0.05808418
126773,0.4626674
108580,0.22220148
134115,0.1609205
101197,0.5392603
64397,0.35707286
40760,0.8536779
26401,0.102678895
12843,0.06816098
131997,0.13118805
98729,0.21656284
71129,0.75374645
99347,0.24396722
107939,0.18734021
30276,0.075807035
28350,0.21432306
81954,0.09898768
73859,0.97793365
140115,0.36598784
83695,0.69185036
104016,0.17063688
43955,0.2977637
12192,0.5933249
119721,0.11539359
77136,0.14811645
81317,0.16508305
94946,0.27656898
71606,0.17765684
120314,0.5764522
23501,0.07435548
119791,0.8933285
55169,0.35200712
2596,0.22399564
120460,0.6553617
97863,0.1381135
128716,0.28238392
22544,0.05981199
6625,0.2929702
10285,0.42598987
132362,0.7379662
60025,0.11850908
80085,0.07870228
124667,0.19552816
30637,0.1249081
56570,0.5628039
47223,0.13694035
55110,0.26846677
67303,0.28286824
107784,0.5715131
121310,0.3723596
14536,0.12693655
125400,0.385713
126804,0.3689591
9542,0.1196099
66676,0.565765
120536,0.1568167
148004,0.15963307
142192,0.19718991
70137,0.20983489
77339,0.47165135
73264,0.21719947
127394,0.6158138
103606,0.07275767
104139,0.08689795
61567,0.95005107
45603,0.105385505
80688,0.2037619
88832,0.08516913
28746,0.35758728
41360,0.3260987
104979,0.6951441
81055,0.12775633
32405,0.34910932
144204,0.16242868
29273,0.24949878
38192,0.07539289
31582,0.09729868
149603,0.18168576
17203,0.16116408
97924,0.6069501
69903,0.36982217
78709,0.19058754
43730,0.3134744
106503,0.52433354
1571,0.17729867
31214,0.1572887
106404,0.5208631
18334,0.74052733
66207,0.12306281
65118,0.8530633
82803,0.26041353
57746,0.50488913
132377,0.88187665
65153,0.97895163
14465,0.93763
36235,0.06485319
100167,0.24780829
79003,0.07286809
5483,0.18919182
143676,0.5597519
31598,0.16106471
125201,0.07019511
132324,0.14074431
70826,0.41672793
16599,0.20190759
122054,0.064600594
12742,0.30622184
120656,0.14494845
94252,0.13481106
33199,0.18576926
103679,0.19041398
97691,0.12156151
72021,0.096533895
37622,0.07630411
13024,0.14930202
56777,0.80286777
28173,0.22485033
26360,0.24268323
52092,0.12846287
59274,0.31332788
13036,0.14212412
24528,0.8315733
23678,0.35353142
96143,0.09172285
137456,0.42270833
136677,0.1364636
87273,0.110987425
55820,0.13143314
74217,0.116930105
129710,0.08727069
99496,0.108264565
37032,0.46711743
64935,0.645565
94848,0.19392374
114735,0.08951034
129804,0.6767205
114837,0.7809194
106947,0.13343647
46358,0.08427671
92684,0.10828946
126209,0.1469795
118911,0.24681018
119895,0.2587412
92648,0.13865104
73580,0.52472067
44133,0.08594573
60577,0.15580313
26117,0.27136582
26113,0.27823684
20669,0.5799345
79123,0.4104252
139914,0.21763623
44503,0.20242284
106349,0.079671144
31328,0.0839051
76469,0.29185113
134501,0.10282409
121018,0.08179774
147703,0.5567418
32589,0.12241457
120876,0.10772988
53580,0.30795237
1677,0.20255066
139669,0.42862895
133183,0.08737757
141232,0.088581435
145226,0.8229387
51896,0.1845197
102172,0.19391601
44802,0.8684787
123317,0.4678076
123040,0.3700559
86668,0.1160237
41728,0.11719105
144085,0.43079194
13482,0.65082973
48607,0.13638341
28400,0.83451056
138418,0.96698684
139971,0.79946584
145993,0.2137172
71894,0.6080783
79252,0.6370469
56278,0.1170368
127069,0.18712933
92481,0.13638003
110858,0.075475834
12499,0.24553376
72836,0.15140155
124364,0.46508873
86379,0.6393125
33996,0.21455276
77074,0.22088225
13246,0.11548059
86437,0.69444853
118033,0.08775667
80325,0.35104308
19472,0.3497745
47567,0.108584255
143613,0.85966045
62718,0.07526877
57701,0.50749075
57091,0.42081827
69492,0.08034984
115904,0.05743565
120347,0.2878025
127604,0.073265366
5425,0.11404193
38626,0.77736926
77268,0.1006823
36852,0.31149888
129755,0.6198464
80547,0.930532
146652,0.05666782
23680,0.10993897
41494,0.79451776
8255,0.37295645
78725,0.085769325
56968,0.10398881
104467,0.053371
143821,0.25442356
108442,0.9294206
16361,0.68447566
101108,0.95489275
89215,0.50092936
43616,0.134683
147767,0.46469915
109044,0.06887575
128255,0.933356
44668,0.3120164
46195,0.1615167
18952,0.09604273
98814,0.59050304
108712,0.34777293
149123,0.47637334
47264,0.4864928
89636,0.09055962
95178,0.07197756
99815,0.24244504
14466,0.45878005
4586,0.24179992
83789,0.34123313
26393,0.1055527
67007,0.0837694
52967,0.20512821
13775,0.57469255
12113,0.6293558
105977,0.80054283
148117,0.40717667
115355,0.10741464
107616,0.12490801
57674,0.6492945
15986,0.40789542
28895,0.3623055
18185,0.29459605
37425,0.11863439
24212,0.2305996
67584,0.6264043
34099,0.8145156
107151,0.19381954
44101,0.45473197
103222,0.7570038
102081,0.09420145
55829,0.115528174
12172,0.33720064
127724,0.934071
4303,0.06040669
133655,0.20966926
133469,0.24128139
47038,0.1417876
24470,0.24264008
126273,0.88404447
31213,0.16198443
133586,0.7006942
6392,0.084232576
10398,0.5809351
138710,0.11533528
90346,0.38426244
23852,0.27597255
5236,0.06332322
39948,0.18225393
24823,0.13379344
51983,0.24360822
136369,0.06351637
53709,0.3400702
111583,0.10244033
55470,0.6135358
57447,0.19126156
125112,0.51672953
100587,0.15164618
76938,0.122730285
85316,0.09280534
42718,0.40966198
36429,0.22113398
25236,0.09909355
111995,0.19699317
128343,0.12159489
60974,0.06473946
124767,0.22315839
133321,0.7965241
42401,0.072484605
129939,0.25458536
74143,0.17383736
49713,0.24955082
26568,0.9066707
50734,0.9476081
136074,0.9475991
80676,0.28965235
123640,0.55909234
143536,0.21473621
106018,0.12753251
139752,0.106653355
119142,0.12014662
111115,0.09622029
6011,0.19459534
62128,0.35571074
97838,0.06168853
130519,0.39600483
144937,0.15467319
42729,0.6359174
137468,0.07721592
9518,0.08494087
139300,0.27772248
86061,0.4975596
115258,0.07509235
65759,0.3128954
89123,0.10051138
27302,0.8732362
87860,0.64404523
72215,0.4399973
103536,0.08415678
57422,0.68094885
52385,0.27875304
48925,0.14223568
77381,0.3981039
138005,0.26181242
38742,0.879001
6921,0.10098628
15110,0.104862794
120184,0.60538036
83951,0.69026065
112719,0.8544424
124760,0.38926083
41800,0.14566575
33282,0.088853836
52026,0.5669381
57940,0.12887383
88710,0.13682695
30651,0.17977333
90944,0.056122456
20945,0.09875005
134457,0.18671004
45637,0.22746186
106556,0.2627686
11526,0.15012425
62760,0.8983185
73075,0.18713388
48643,0.3233799
27911,0.071018785
25912,0.26470938
4430,0.46789268
31960,0.40731892
147460,0.14076665
41536,0.3610691
106279,0.59142804
40542,0.10599816
41122,0.24351534
102229,0.32678628
105132,0.10420505
144132,0.56771356
101944,0.11503096
91508,0.17333987
43609,0.9599805
132446,0.59056336
52462,0.15700273
12565,0.12761049
4200,0.7661191
7003,0.20305172
110743,0.6336226
19047,0.49774286
86311,0.26787347
23800,0.3241546
49069,0.04918702
47617,0.18687953
62834,0.7111674
109295,0.7156743
72824,0.26642278
48774,0.103412226
20859,0.27354628
21630,0.04883421
70,0.11178479
127556,0.3728762
145770,0.5533224
44691,0.82174546
124717,0.19393381
111355,0.3347151
77492,0.4951268
50601,0.35039607
74134,0.108677045
98768,0.40331075
55840,0.148574
21695,0.14458367
93287,0.9791074
133862,0.58601606
117025,0.36909297
89204,0.11265896
96904,0.211107
125377,0.109779775
137642,0.54589194
117277,0.14413379
148360,0.42440352
86596,0.11744253
34374,0.75668055
74273,0.2280487
57296,0.03625791
33628,0.3083977
65780,0.11333676
27020,0.41338146
4150,0.051410113
121421,0.59492046
67647,0.094383545
25023,0.109295264
141193,0.24263541
58810,0.8228873
91152,0.5721617
44090,0.2204619
73760,0.30882117
60651,0.13025379
104256,0.4222042
53550,0.66260624
139078,0.581387
102222,0.117614545
37634,0.12329211
93226,0.23684879
32079,0.17896657
140845,0.864373
133251,0.6598955
117653,0.07402947
106813,0.81887543
33461,0.20620963
4100,0.2609255
89273,0.13125648
84423,0.39901853
84233,0.3123048
145605,0.07093548
12701,0.24879196
144641,0.079740256
83230,0.8234541
120984,0.06749389
137696,0.34120598
36969,0.22231995
80925,0.8981471
149127,0.6443162
118174,0.06537357
74164,0.070080295
53308,0.6027571
51096,0.87786406
31986,0.13146071
3262,0.11927374
114342,0.5404665
41921,0.28970885
48270,0.8155152
58910,0.101895645
45720,0.77909684
28436,0.2799641
111286,0.42865247
39396,0.39908564
15991,0.6034277
84743,0.3042637
10800,0.093146846
91560,0.4524633
23460,0.29482016
22733,0.16394387
145949,0.07081901
131568,0.095073245
67961,0.9399867
44682,0.42734727
37938,0.28819725
104616,0.09777606
4952,0.16196822
68467,0.06493378
234,0.099321954
140683,0.68921965
129438,0.8664368
74744,0.18969503
145481,0.23113382
115185,0.7899205
87330,0.095846266
27291,0.23686153
130455,0.75772226
147374,0.15672044
139834,0.19000207
91661,0.16091922
74459,0.9542396
51935,0.66013867
104419,0.14015001
35818,0.42972347
73720,0.085232735
82689,0.39292198
134698,0.76922923
46608,0.06738532
16041,0.23242426
133988,0.7636667
91530,0.5586653
103297,0.28276747
14835,0.14087655
69976,0.09463592
60309,0.66530275
21210,0.09947846
138194,0.11166556
114480,0.093451105
48728,0.9013139
105421,0.089376144
91463,0.4172491
26300,0.42377272
138925,0.30008906
140266,0.07739593
76203,0.0934705
71520,0.15551463
73751,0.3114554
4696,0.7494953
53941,0.53143793
23582,0.11371278
26055,0.2819631
137045,0.12488483
4347,0.20020112
55857,0.73226637
17682,0.6055318
91174,0.6315215
64682,0.0446498
95617,0.6852187
52657,0.63545245
78603,0.11057961
144542,0.057923447
71409,0.24810685
6243,0.9506434
64287,0.10406757
137999,0.037769638
134727,0.23697273
79450,0.50908464
127951,0.8281039
55719,0.47678068
115121,0.05942834
104540,0.09775328
61103,0.48813188
136879,0.100882776
22143,0.12403432
78365,0.123157166
1483,0.045398414
97338,0.043652635
125791,0.15117897
25593,0.10388814
25957,0.76657397
116318,0.1333962
39912,0.4390905
53547,0.06990246
91887,0.33058736
33593,0.19091654
130417,0.15817483
112715,0.41837618
48741,0.13990946
67546,0.2279095
11806,0.30652943
132364,0.7227545
129778,0.14952599
10849,0.41962168
66469,0.9389156
45803,0.20382899
117008,0.28409213
18263,0.5452148
16189,0.23839134
7868,0.5460708
113361,0.5681054
128165,0.51350534
123161,0.5797549
134672,0.05224646
146363,0.10509686
108036,0.45263907
13138,0.49054465
79788,0.08410298
15816,0.4465383
77240,0.29764777
52537,0.88851625
11758,0.29667115
26802,0.28434774
68196,0.2115788
82318,0.062425397
128809,0.14670968
28368,0.1340357
85326,0.087777175
119444,0.24394962
117500,0.26709682
4149,0.3165026
8052,0.11733108
119876,0.42934558
96984,0.62379164
77207,0.47898403
89415,0.3181758
143919,0.07434247
77282,0.25687245
25431,0.7932981
80336,0.12011518
110993,0.07627808
41157,0.10693683
74880,0.46929464
97339,0.4001584
79381,0.24874008
54562,0.68114895
64071,0.26242235
44845,0.08338009
56048,0.26862386
134363,0.41652364
90828,0.09312386
73866,0.13159068
141220,0.23052943
114169,0.042635083
17771,0.58970267
50300,0.09566231
22113,0.49764708
143574,0.9034353
133353,0.5367652
23723,0.3013792
43108,0.9017732
44804,0.9576685
111090,0.6063479
53931,0.068153195
2173,0.17649646
117045,0.06396478
35955,0.70394045
37817,0.147929
51401,0.37831357
133446,0.12515996
19878,0.9438507
62817,0.15445986
15358,0.26726678
11942,0.32416373
2806,0.20860094
122615,0.13077268
68507,0.22943781
18720,0.14946856
102496,0.1389068
50425,0.19173819
36220,0.27177408
2149,0.06797726
316,0.70910585
32487,0.2183855
15732,0.9469065
140631,0.77127606
138086,0.41173306
64336,0.11330015
123087,0.10874371
109040,0.41636372
80113,0.51735395
68523,0.2746133
80145,0.1388845
83282,0.1963989
26845,0.497321
106994,0.3745666
1925,0.08746381
100103,0.119583085
114713,0.10848627
123537,0.100761734
120067,0.107650176
53717,0.10435401
139618,0.40039703
101169,0.1894508
72544,0.11224952
121167,0.5630759
22017,0.108737335
130492,0.065508075
947,0.13124606
110609,0.1313766
59815,0.12283585
48624,0.07985652
122866,0.9486566
85517,0.65869826
96093,0.67030644
90490,0.17659543
132568,0.92519253
21091,0.114480264
64525,0.3834099
43407,0.49503905
135092,0.11603181
72773,0.15603825
125616,0.24542986
149075,0.06128305
23485,0.95569044
86875,0.6036316
140223,0.6057698
28986,0.09024057
74997,0.67505985
130856,0.13597368
2136,0.72701716
91395,0.07537441
99808,0.5411456
16928,0.17377146
55239,0.23197614
97118,0.17435479
87514,0.7576681
76927,0.09849209
20294,0.5317378
82763,0.10163174
123043,0.9368433
58124,0.13817094
349,0.16288334
70551,0.86659646
129252,0.0894695
7669,0.55298203
43431,0.83611906
45716,0.6474594
41940,0.30794245
12420,0.96995777
101802,0.12653951
14904,0.71747404
35549,0.55881166
36241,0.13522904
97598,0.69193506
147564,0.3985117
145433,0.054112777
78177,0.30941513
51046,0.80066836
75485,0.5598906
80479,0.51488316
78207,0.6998156
8839,0.05390743
104284,0.12416095
62168,0.5869568
113237,0.1161947
88016,0.4993194
90174,0.58547294
78470,0.19090497
73726,0.27053478
29609,0.060285065
16592,0.32567218
87430,0.11471843
38474,0.2112385
38324,0.094151266
17448,0.057330985
60444,0.18903871
80977,0.45920086
22164,0.1551385
58038,0.45139024
102727,0.23844442
68120,0.66810733
22521,0.055398107
111002,0.6437074
60645,0.16765971
56535,0.09685493
78070,0.4772901
14899,0.9611192
8746,0.8700806
126999,0.09846338
74631,0.76758987
57400,0.14799224
5522,0.07055745
42486,0.06509905
48952,0.25241986
133142,0.15281841
5542,0.42801467
91587,0.1038077
21895,0.08340422
130223,0.49988785
125724,0.18598747
87678,0.49951196
76391,0.17070766
87064,0.09332247
66489,0.3090182
23665,0.53302443
126765,0.089073546
7968,0.090031035
129196,0.7325231
31665,0.057933636
111887,0.27889186
42829,0.28659454
32904,0.51819116
24802,0.6511028
92097,0.3096994
105743,0.09840273
140654,0.6097397
142937,0.23039758
27993,0.13125724
39655,0.49643037
84890,0.21008308
23292,0.09382233
78533,0.09671758
38883,0.4905711
79231,0.22431077
11949,0.07499582
65931,0.44016474
115270,0.09089091
119871,0.16034067
79645,0.5742029
17882,0.83969337
67749,0.20351969
49512,0.09387527
14399,0.08477456
129527,0.1000332
107717,0.7931435
46297,0.069785826
9987,0.14187798
108703,0.15882666
35341,0.8742793
124808,0.6291025
22246,0.048037272
134984,0.045789137
35606,0.23639193
140861,0.17284478
119605,0.43195048
63098,0.22786066
116906,0.22007594
122871,0.38849363
98103,0.11669287
50488,0.564781
5995,0.5090009
149045,0.7677682
17700,0.4428478
60685,0.24814555
44801,0.5356827
35102,0.2090708
24958,0.30935445
83669,0.7227965
139513,0.63199574
43899,0.13715833
36807,0.07767976
72095,0.2155789
1223,0.14081247
47320,0.8263311
129900,0.11585976
97580,0.92652303
143831,0.30840683
113898,0.08820041
77595,0.4746583
142345,0.05740176
107420,0.7304803
107896,0.06829429
55192,0.0925255
99369,0.13049741
71947,0.07186539
78364,0.11419011
117047,0.07254241
81862,0.1997005
86808,0.48793468
78321,0.5386376
29056,0.074608535
132925,0.0892231
75412,0.2000424
2655,0.11475971
51842,0.109507084
93269,0.8666064
26218,0.3277192
11693,0.56964743
113849,0.09560132
82409,0.60448444
28280,0.1299878
52004,0.9420028
113992,0.09868866
847,0.4467788
97152,0.70448804
39284,0.14770845
89385,0.05165906
28729,0.09031357
45042,0.23383948
128169,0.060619123
16484,0.21156636
85712,0.18863502
55051,0.29246438
73775,0.09618033
88619,0.41255492
29986,0.17372763
23263,0.92488277
136473,0.6965908
98142,0.64918536
10532,0.20992303
31571,0.0796143
32309,0.033463832
69845,0.4234107
55853,0.5475385
113740,0.15550992
29059,0.33959788
61531,0.13477996
111136,0.17158656
30881,0.22880028
62325,0.8334693
38395,0.28701934
73224,0.20234886
45063,0.7777938
85327,0.05387815
86084,0.4556603
138295,0.19838041
149161,0.7134045
895,0.115472056
145309,0.75356394
137039,0.42754883
139996,0.05441124
2460,0.69980425
111470,0.13583905
145400,0.22529198
62753,0.15820794
133517,0.54532343
120848,0.3730695
67752,0.7678812
116194,0.34135538
79697,0.90919703
9523,0.36349565
4350,0.2722581
119910,0.8690281
106196,0.3769977
4315,0.6313001
72432,0.21622473
22536,0.14584044
61698,0.20450284
10645,0.38933352
147949,0.37146547
139603,0.30544057
23019,0.10087553
63869,0.84610283
133580,0.9393031
48200,0.25035244
119836,0.15596311
39541,0.16140836
149239,0.047280636
105029,0.9561376
118342,0.88767964
59622,0.2940213
19628,0.85294324
54478,0.7614934
39255,0.39226848
69467,0.059899107
31530,0.15553655
2595,0.10937703
116605,0.81591934
64278,0.09393479
94590,0.09005737
24476,0.953132
22170,0.14227067
24272,0.3463837
1938,0.24688523
88059,0.5145083
92417,0.11174557
141704,0.5839371
61541,0.36779168
142845,0.07081501
133066,0.54260784
125476,0.13164471
51105,0.06442626
44614,0.05990944
20576,0.09248597
639,0.11789285
32554,0.113910176
48727,0.16843425
103557,0.13866119
83116,0.43024415
112350,0.11989689
68041,0.3958446
48318,0.60231024
58696,0.43785253
30285,0.072636336
104067,0.18290596
13315,0.17914116
16859,0.542952
116779,0.046376634
62899,0.17205706
56791,0.4297678
53604,0.88104254
116470,0.20160851
89835,0.545456
108464,0.2744203
108932,0.04978377
83677,0.11473352
131921,0.18531556
144977,0.3255961
137887,0.04338262
117081,0.16591161
127038,0.88517994
42308,0.4143662
122986,0.6232672
18022,0.18567525
35061,0.07891027
92220,0.1663138
106757,0.1996747
10711,0.6701399
68532,0.117190674
94814,0.07641738
5073,0.06304569
40844,0.10211608
22832,0.15137017
77718,0.6004479
129490,0.08117532
81709,0.40589494
146741,0.16248082
143634,0.3350856
70830,0.19752897
132784,0.35099772
30170,0.31266037
62615,0.061908852
22821,0.09370695
8832,0.35715064
146007,0.41419306
134065,0.26335335
140593,0.07168233
65245,0.2508842
66449,0.08787894
11840,0.30005386
60477,0.6407722
68094,0.25170922
44823,0.085268475
14234,0.90099186
33731,0.07714865
149620,0.5482648
17221,0.048747756
98922,0.059105806
146247,0.1573144
40027,0.065803126
99018,0.16442081
64366,0.7532109
98107,0.10984291
118575,0.476909
30476,0.1505043
133838,0.087147586
86887,0.13728039
116229,0.18516576
30077,0.060885962
141270,0.084211655
86445,0.752814
89787,0.16079593
126834,0.055830352
105508,0.11387868
13244,0.20454566
83139,0.4731735
28621,0.1563683
20448,0.21948418
110788,0.04913687
89090,0.0711032
14650,0.3848888
114268,0.80883527
14042,0.19757284
148771,0.100706644
71548,0.52326804
7344,0.5992242
66628,0.3625128
145394,0.4193758
51277,0.08031916
3078,0.19959205
39864,0.23847863
7138,0.7039713
48490,0.06742056
88790,0.39875716
21264,0.326721
83131,0.6617685
48907,0.063889064
140278,0.54830956
5434,0.065975614
143219,0.1300563
102885,0.4989473
49840,0.21249408
80024,0.6355886
30360,0.8513444
43474,0.11718656
59294,0.19799136
44366,0.28133503
21235,0.09361748
73675,0.1458112
48978,0.58711046
63863,0.8450297
53606,0.85543954
103807,0.07143519
92681,0.76237416
9381,0.0931057
100688,0.45115232
109713,0.3616736
110208,0.0851778
44153,0.17933187
119170,0.09319819
110138,0.59390336
81967,0.27139
20714,0.70048285
85742,0.14898367
1715,0.2626531
61965,0.18871821
62976,0.06430791
56712,0.9453024
120354,0.0677683
104961,0.071765356
20206,0.18501255
31212,0.3622639
39784,0.06602386
104828,0.4278903
106011,0.33420408
124461,0.19062471
9105,0.07900862
31740,0.2516641
46698,0.118441194
133291,0.10333864
34406,0.14444515
104382,0.17078547
49859,0.37413654
103632,0.0679645
110375,0.08928666
46014,0.10992437
132832,0.09774113
17463,0.268336
44863,0.09024437
61566,0.1487693
17086,0.24963026
112883,0.08952142
93594,0.9708301
131540,0.09326708
11271,0.07326046
135384,0.05696029
90160,0.08700481
141766,0.17738424
121069,0.30403516
47305,0.119010836
91608,0.044402946
58531,0.8014635
31850,0.87215525
98067,0.28998598
96043,0.052613236
74639,0.15321967
51421,0.2578846
138571,0.25654376
64936,0.18959099
8232,0.6025419
35704,0.10858684
41568,0.046217002
69995,0.2094146
71146,0.10688444
92257,0.76283014
52955,0.8512198
66580,0.51298296
110587,0.20342557
65206,0.11794167
80691,0.09271134
66606,0.092794724
147362,0.23364566
59268,0.06457792
20173,0.24376713
16014,0.73300606
46382,0.97904724
75529,0.20972443
57480,0.45825556
74363,0.63400537
14412,0.12671877
78886,0.3174064
49212,0.5747267
35014,0.45930114
86386,0.13594073
20553,0.86424094
4903,0.49999022
50930,0.081945375
100373,0.27271864
6855,0.29868987
23233,0.0990779
129053,0.55135155
97746,0.060103156
35470,0.86624515
84289,0.105294086
8195,0.27476633
20779,0.13549964
9825,0.5502781
50476,0.64960885
95066,0.6410566
49052,0.08201268
147466,0.18551877
142606,0.097766936
138773,0.16886841
88214,0.19689976
5781,0.2123359
108179,0.10382862
59958,0.37581936
45941,0.0660969
92059,0.06792221
50913,0.11312848
83518,0.8665382
146969,0.33979866
52150,0.2965915
57090,0.12012446
99854,0.1311134
134072,0.06845191
129225,0.9036823
10581,0.09799312
37152,0.23068294
101626,0.20775984
70653,0.21471411
72329,0.16278428
41697,0.08965778
37740,0.09302268
83959,0.0875243
8562,0.064797774
36311,0.104559064
52082,0.09877164
38328,0.061011963
122208,0.0650169
26828,0.14421494
62814,0.15640303
101973,0.48513433
7870,0.5314329
96367,0.27913836
139898,0.2337997
56147,0.954399
13667,0.38080126
38827,0.905231
51181,0.19355772
58884,0.29660508
148591,0.08911526
47533,0.33462
30162,0.085989885
144882,0.16261439
3333,0.068208
68858,0.072438665
98317,0.1387246
47030,0.118672356
93917,0.8945244
69044,0.35068345
52583,0.80132717
130722,0.09684997
27651,0.16173255
69926,0.13286316
142936,0.16709098
116636,0.49712172
120484,0.59285754
29618,0.18123814
45399,0.50675696
8653,0.41532493
70964,0.65743893
142645,0.40161353
1052,0.7104745
123096,0.0650169
121714,0.097366974
71598,0.17813785
146769,0.08031676
98196,0.11557534
56227,0.28027114
45980,0.0894091
14406,0.21436341
101227,0.07425049
59597,0.3435005
103841,0.1896968
61600,0.44941646
110888,0.06718073
2086,0.2409445
130116,0.1058862
123823,0.39388892
28354,0.8865207
95789,0.2908836
43935,0.76839155
27521,0.22519767
112828,0.063647054
79055,0.848617
60868,0.081274614
93137,0.09843607
91305,0.12488165
38008,0.7011626
87296,0.16670631
133380,0.52903646
79757,0.057189062
99064,0.099753484
140386,0.3741065
70521,0.07867343
82361,0.15562284
16729,0.08775692
7730,0.1248575
99686,0.64445835
368,0.35245505
15277,0.17410788
124073,0.06811374
76127,0.08773471
93103,0.1576771
116208,0.080363035
11955,0.106107265
104623,0.17340496
116534,0.20734525
50656,0.15156737
33572,0.10472479
35868,0.06578183
149069,0.06352999
123209,0.05504729
37146,0.0660709
61114,0.1926378
52078,0.063828975
56398,0.12806842
108165,0.7513781
31437,0.11470473
114126,0.062635235
93796,0.5836016
105667,0.7692515
71091,0.103588805
32627,0.14634518
7299,0.05409
24633,0.42288733
111075,0.4671525
70385,0.60382694
145292,0.09468939
25889,0.27165726
70042,0.27891713
115819,0.40444252
127057,0.09922113
88166,0.18426156
55475,0.66377974
134600,0.8154499
104366,0.28402627
98258,0.3623575
139548,0.5088344
107584,0.3054847
45583,0.698819
76260,0.07329833
37484,0.15125506
141505,0.095804974
97155,0.16517992
84011,0.32242736
41251,0.07129778
41625,0.33260316
82270,0.8327166
97807,0.3602349
40997,0.060496345
101026,0.55598557
105085,0.5111924
139449,0.08749938
95705,0.713288
121922,0.12696756
25156,0.1684776
101434,0.1681795
119446,0.7899616
108777,0.0661517
105512,0.2731943
14468,0.13828254
125630,0.73347247
22876,0.9032101
140577,0.44601256
38240,0.39152727
75757,0.081562
63587,0.1169102
120962,0.09861058
47672,0.77596015
72800,0.06641794
37090,0.21572934
105537,0.1177922
23236,0.019570876
14455,0.061607186
86422,0.234365
23254,0.12981492
58544,0.06756227
117071,0.5450701
146151,0.93576944
26761,0.1544437
18104,0.14116003
105119,0.13572505
147383,0.06739295
56231,0.27590844
59908,0.101568624
99968,0.84545493
14845,0.055766206
69013,0.11942208
63374,0.6841906
135828,0.06789973
90530,0.58826464
96834,0.57928246
148906,0.06364736
27971,0.09955274
45582,0.09537814
61621,0.3301246
116216,0.74018013
84581,0.1590338
99130,0.37216705
135172,0.06557127
97975,0.111416936
149853,0.10289338
113507,0.05351119
3707,0.14408389
136526,0.16920644
82186,0.9066524
80382,0.2229721
81318,0.75834054
71677,0.07385213
56086,0.08645539
64912,0.59091663
43688,0.24770515
97177,0.12830976
52993,0.068996646
116442,0.6220904
56869,0.19603439
136670,0.4199392
49066,0.14900625
32947,0.42943296
59113,0.44285288
58819,0.16962871
84555,0.15540327
44737,0.2147657
81428,0.9585244
27829,0.32490584
124547,0.13631892
140887,0.1067597
142128,0.9371743
66634,0.8158544
119038,0.07207155
108050,0.71960866
22975,0.08528398
140312,0.22558443
52958,0.09525106
47166,0.1882989
60729,0.10162669
51821,0.14195985
136159,0.30705532
16666,0.221769
36056,0.15497996
128458,0.10596037
127846,0.089300215
92719,0.20011403
130423,0.08853763
59361,0.95768815
88928,0.92282283
49135,0.11997278
71791,0.5250683
21180,0.10121385
16144,0.17419519
26794,0.69555545
92564,0.3669843
51023,0.8610741
62186,0.42434075
88920,0.5214989
145141,0.09683947
43259,0.20053262
84674,0.13528132
70512,0.07471977
41689,0.3038898
68637,0.29170352
46313,0.19799066
77683,0.55954444
73721,0.6099962
134532,0.32198554
56715,0.5892275
147595,0.13554214
119381,0.12643209
144474,0.55428123
3176,0.11679545
66382,0.15742896
7519,0.32298076
65939,0.14143182
68217,0.04588362
92293,0.3248739
112081,0.6799837
94658,0.3692
53170,0.05200213
97624,0.04695241
86001,0.10342766
83386,0.18551697
50909,0.180682
109272,0.09800693
25444,0.108948335
111284,0.19210412
125893,0.1281713
145607,0.15931983
74735,0.08862071
10489,0.090193465
96277,0.1352337
29000,0.71538913
148136,0.0759034
132697,0.5899053
1892,0.11066076
102334,0.11190208
126960,0.96493715
141368,0.05773898
58055,0.1262821
120997,0.28551108
77152,0.9130543
116799,0.26556093
52779,0.2646545
139192,0.0877808
21667,0.31961513
24281,0.07805824
61467,0.13111867
85293,0.081675634
81987,0.16100502
12864,0.12986936
143483,0.3674577
139636,0.06924295
141595,0.46808562
106584,0.2851341
8764,0.09920903
56123,0.40059102
147196,0.6083457
65111,0.20096686
58845,0.12408064
27433,0.091495
113288,0.13107216
21496,0.18918754
62404,0.49601814
32784,0.45471564
56099,0.29510993
107409,0.056610253
114177,0.09514202
15114,0.11335608
144322,0.13519974
79164,0.64711267
16027,0.4564703
89522,0.0705722
97777,0.5479381
131526,0.26352105
83110,0.9766036
54286,0.27439684
17143,0.09767377
143797,0.22151172
141628,0.31999245
50343,0.94188535
105111,0.4998847
110730,0.35869786
116582,0.7331788
58585,0.11264887
32075,0.14663091
61796,0.09875705
129154,0.6105631
55035,0.27036238
131754,0.099562466
66387,0.26475123
6077,0.056106977
122052,0.31677225
10983,0.083986446
48295,0.12800789
145810,0.6665536
123861,0.30226597
144125,0.11760489
48039,0.10463735
52528,0.24588215
4349,0.904643
138515,0.11599574
57493,0.09568752
7320,0.09551378
11684,0.09605687
79872,0.104627505
76528,0.3441786
145312,0.11105901
7145,0.06252497
99555,0.6673351
29576,0.6973293
144746,0.5735391
44639,0.15009293
84115,0.13490266
49549,0.08983395
18565,0.14645377
148130,0.3779801
88151,0.43859664
102716,0.11804752
100976,0.073640496
65212,0.6036136
89604,0.063823976
133733,0.10804676
42268,0.6821096
53049,0.2432742
39124,0.25852823
54507,0.06671887
103910,0.39704192
51269,0.10224782
93110,0.16709569
123795,0.08497457
48152,0.6196104
34339,0.12310975
80639,0.08113658
123534,0.11636304
142566,0.24177633
122945,0.20010094
68093,0.07540246
68431,0.068905115
35702,0.061556265
120667,0.67044944
113263,0.7885469
143914,0.1034063
68187,0.29329062
92271,0.58446884
23768,0.034209248
136313,0.2858786
101892,0.27000472
70272,0.10422417
135784,0.3517576
54421,0.15155634
35680,0.2269403
55606,0.95002085
125166,0.12799217
148778,0.39804965
105051,0.41151482
132772,0.5289219
149401,0.15880203
91998,0.07091967
94232,0.57455784
2303,0.15014222
144456,0.21429026
117896,0.6809437
20756,0.0936592
123427,0.10978029
98541,0.9397356
139541,0.09415114
124476,0.08709944
109960,0.25035
56887,0.050869446
28057,0.069793686
132774,0.6434747
86281,0.122949295
133150,0.13793367
1884,0.39115158
48264,0.4665256
31343,0.13817866
24090,0.0823173
93936,0.09557022
35887,0.18682076
127408,0.14462201
123174,0.044582393
89938,0.2662893
109675,0.41289416
92978,0.26097545
14108,0.10460048
50581,0.22409354
26355,0.1766864
31619,0.60402036
111201,0.077411205
126831,0.112846576
133223,0.39932868
56568,0.06466597
5229,0.08298029
73696,0.09331486
10415,0.9569686
124429,0.18195823
99848,0.08042517
69729,0.553408
148383,0.9132847
96372,0.3122873
136219,0.33721453
69808,0.10579978
69005,0.50615895
90151,0.3227874
60398,0.09166775
80644,0.79013246
99088,0.07665363
107048,0.034355566
140217,0.17859936
11419,0.20231242
79027,0.94134504
99133,0.17822629
96787,0.59775937
144267,0.09660443
31158,0.3825469
40877,0.05935574
52466,0.37212735
135284,0.27314135
16333,0.23606543
26831,0.1354078
33830,0.2979631
124812,0.4981096
39974,0.06774777
65147,0.06638934
21757,0.43905947
114313,0.14226407
59630,0.09443184
86481,0.49561155
54494,0.5347127
130937,0.34293082
81871,0.36236435
49043,0.06562249
88988,0.15812673
38671,0.4332604
40119,0.16675733
112046,0.5615072
62077,0.22068638
32759,0.13622037
29057,0.35680583
141934,0.41406712
113343,0.29290155
112397,0.43899536
29507,0.079564415
149965,0.5394523
90910,0.18241085
119371,0.78543705
13168,0.26609188
59977,0.8087033
6553,0.7586334
62174,0.079160295
733,0.30423394
66352,0.22878332
57929,0.12209744
98262,0.043985724
141674,0.76866996
120134,0.34779823
15232,0.6639763
134646,0.10110509
55997,0.42625135
139961,0.17070742
88150,0.22524668
21691,0.40313485
119334,0.33547375
127317,0.20338288
4792,0.14417602
67618,0.545474
98381,0.14784436
71161,0.22078937
19668,0.26590717
97809,0.08377616
142731,0.29765332
65696,0.5255411
127497,0.19326456
115512,0.14924401
116793,0.0666603
76678,0.54125285
87463,0.401872
15971,0.11211836
43885,0.16216804
4293,0.932415
80023,0.1543781
56291,0.10358629
111122,0.41763723
42598,0.10997322
94788,0.08941082
92342,0.11839587
132092,0.08220909
11118,0.5521959
43178,0.26728335
16246,0.09557078
81279,0.1293359
42270,0.47137955
138504,0.11282134
39218,0.07328469
82365,0.85324264
114400,0.18731949
3765,0.7892642
56039,0.0769312
90497,0.82849526
3023,0.077312805
37177,0.71054804
23277,0.42681697
25814,0.7847948
82607,0.16750619
22119,0.09820572
112817,0.7489159
54220,0.57869726
74439,0.5416002
33452,0.16727747
121418,0.4947859
71505,0.1282682
124945,0.17751063
35794,0.305751
26973,0.5749617
125206,0.13952926
86674,0.17784083
48311,0.20312151
100830,0.20911734
46066,0.5729803
61959,0.25289574
119999,0.20090276
37345,0.07527511
12697,0.10273361
66337,0.39997554
128121,0.2436783
40034,0.21345189
98774,0.31482238
126419,0.093724675
57262,0.07507577
101272,0.26547348
74985,0.72761655
123360,0.1227947
130087,0.08454411
140995,0.060145345
67794,0.5848214
44877,0.9577903
51644,0.10179054
131511,0.82372826
19086,0.056669552
90229,0.09455126
137743,0.54964006
68058,0.33418155
44461,0.9406837
67610,0.2674974
17052,0.28942782
72996,0.16639732
77571,0.22317098
46544,0.7215261
148957,0.17112882
10777,0.09799849
12336,0.39848757
37336,0.461306
139812,0.12802552
26987,0.24456857
30744,0.8368135
148473,0.12721786
10294,0.11805464
55258,0.55070454
145966,0.20235412
50928,0.59555906
29575,0.34377784
71980,0.15453029
99809,0.16486569
129747,0.11209034
144373,0.5268889
109322,0.09499272
60037,0.7593228
148288,0.80525833
75068,0.47503033
137134,0.15792896
31907,0.30257204
41785,0.7934346
147258,0.08067598
139854,0.16634849
127232,0.3996958
106590,0.7642925
89119,0.84592104
31005,0.7543932
100114,0.31436223
89354,0.718672
121943,0.133102
76781,0.46746525
87612,0.2268927
82967,0.5282418
40487,0.052569713
3146,0.08066523
71182,0.194875
44565,0.6381421
125795,0.08386494
13167,0.16357978
6212,0.37317002
147649,0.20467415
23919,0.07800329
114677,0.27358994
78078,0.15073194
101282,0.57587147
19200,0.48063493
144399,0.6280818
118267,0.6475838
144110,0.3699397
119835,0.6775759
118389,0.323257
43091,0.056399025
25278,0.7453947
63593,0.3025201
15286,0.22475186
78507,0.42158037
73584,0.07913793
41832,0.0702165
591,0.1847445
57892,0.27588946
9062,0.29158968
55667,0.33757985
70958,0.67557824
132745,0.089287594
20171,0.18693
86208,0.05930165
140574,0.60782415
105519,0.086787604
58943,0.7026064
22815,0.20856372
92094,0.04740189
32827,0.23482257
138342,0.33958226
97822,0.15343936
136414,0.6231128
146492,0.4283693
144288,0.15273537
132462,0.85559344
130653,0.2685306
97511,0.13387331
100954,0.11181683
65590,0.29138118
102249,0.5130819
39105,0.06314875
24851,0.6878014
92907,0.12538393
100054,0.27363628
106530,0.3065725
103371,0.14261962
33592,0.94960344
104410,0.18497023
143609,0.67495173
37065,0.5525034
72244,0.6196366
3127,0.54994094
74138,0.17661214
114409,0.51845
114522,0.73765785
9747,0.1059536
56514,0.069461115
95603,0.44629452
22445,0.21656583
89409,0.30035836
38633,0.0742674
9400,0.14313996
93600,0.80224377
118052,0.49844712
69843,0.60399234
46553,0.51379305
17994,0.45253593
119938,0.9310011
100142,0.16015686
89832,0.6121743
31077,0.9629279
129408,0.27557522
47604,0.4944952
73934,0.08424801
86767,0.3119606
120459,0.0558734
94911,0.39429802
49697,0.67286843
81256,0.059996027
93427,0.90834206
72586,0.09792499
72192,0.15384126
53590,0.09974325
20844,0.0900452
41671,0.73736656
24022,0.31397077
128393,0.56363016
84718,0.08688014
61564,0.09419289
123113,0.07997956
68271,0.244413
83247,0.1951285
9203,0.12059961
58008,0.3265394
67397,0.3770969
16140,0.2279026
24123,0.28935114
29875,0.44198194
12154,0.4199632
83450,0.17477153
29653,0.23572426
105858,0.25548604
48231,0.44220823
133146,0.65602267
52554,0.08737975
72038,0.119278505
81962,0.641937
143267,0.13577622
129511,0.08668368
135220,0.1795598
30974,0.376967
107119,0.7765441
94235,0.09994343
33675,0.078920215
74957,0.18949416
25041,0.060757983
12208,0.6035651
95954,0.15448937
56666,0.2643171
5112,0.065962836
122189,0.5077099
79518,0.12856966
136721,0.88553643
83354,0.47610012
39692,0.21852781
113903,0.6259505
80379,0.7706931
63289,0.1181302
146541,0.25739315
134441,0.14489025
32792,0.17375779
139981,0.33827645
15627,0.5759135
104687,0.53195536
110049,0.11308522
81477,0.6630185
57352,0.17160676
149476,0.17895274
87498,0.40515625
41319,0.45041808
64536,0.51628923
13115,0.09978102
133508,0.8442816
73518,0.106848925
89546,0.33013344
133774,0.49090147
106532,0.24430218
36937,0.7967297
121535,0.07056249
10127,0.34082332
123857,0.17688195
55358,0.27125517
2434,0.20224956
36857,0.15994118
110574,0.109271795
85254,0.05400507
141478,0.54274875
86339,0.6457548
3414,0.8258524
93216,0.085928
111146,0.25076786
43338,0.2102412
105778,0.20079921
47546,0.101388864
60653,0.24481118
112650,0.0978394
118010,0.08949117
149271,0.11402765
52058,0.09153054
91444,0.0800143
5083,0.23156968
39831,0.2871318
15626,0.5729613
106654,0.24390411
54184,0.28657484
27636,0.08999681
93497,0.8143144
144867,0.26507214
85494,0.17978701
98487,0.24715035
24296,0.14269967
130170,0.7404655
9480,0.8504994
86405,0.86534566
19612,0.5207207
128299,0.49136853
72366,0.83754086
118503,0.7013279
144039,0.77673054
33857,0.08173422
114929,0.3600683
63903,0.10601781
45368,0.33005518
113627,0.16521803
146403,0.87107265
82605,0.46965614
80764,0.6970141
28353,0.82395935
9607,0.080543034
40917,0.622801
94259,0.29134035
93481,0.079847604
19968,0.63563985
140733,0.18605419
77005,0.5700165
91327,0.13107432
37720,0.04956001
15796,0.21489719
120769,0.3709
12394,0.06657818
48881,0.85449195
135680,0.10859527
32483,0.8944638
7410,0.55418646
40842,0.5216426
75648,0.17952155
111742,0.20401077
27737,0.22834966
8747,0.14203182
104784,0.23482825
79504,0.75023067
38053,0.078658774
137256,0.08537312
53043,0.10782757
39017,0.10806057
77795,0.16492563
57760,0.57915753
32020,0.112602174
124387,0.14431238
24474,0.12249649
86646,0.9537806
70735,0.112613395
44843,0.16173969
58499,0.6233945
138742,0.12655358
46759,0.61548215
19029,0.42501554
57741,0.14491336
133319,0.11656161
88560,0.09940666
135103,0.7988971
135507,0.20497943
54022,0.097968295
23736,0.3146276
17111,0.08547261
117552,0.78594714
116635,0.4593121
87311,0.10520962
87721,0.1916563
116660,0.10247349
52535,0.22337751
58260,0.08178678
38531,0.46531346
69565,0.16420761
12260,0.13344699
56721,0.4180266
92928,0.09912477
68516,0.6036844
55387,0.35843644
148986,0.52230084
115103,0.15161696
49104,0.22575082
118811,0.50551003
57179,0.32481036
28185,0.29409653
126853,0.56822
132870,0.21886301
60144,0.0928839
19744,0.057380855
114674,0.5934266
87649,0.3393809
114023,0.09469773
142984,0.076583624
21956,0.10411884
23403,0.17215373
81662,0.19166654
68129,0.29143843
65984,0.04238368
82033,0.8499837
73604,0.12407777
3174,0.89337
41527,0.3476906
13761,0.07992931
50272,0.27023035
1727,0.73093253
144780,0.06986344
59933,0.2699565
69509,0.43330884
50398,0.59841347
147657,0.44377425
100600,0.17645381
92800,0.12623659
137665,0.50896055
123485,0.14374496
37147,0.18756628
64245,0.8117767
144016,0.31816015
117271,0.79225504
139349,0.28691122
126898,0.6750554
83658,0.07777516
128295,0.5763991
5782,0.13121939
69765,0.16624245
141284,0.08825039
76046,0.117097184
1491,0.49134377
118521,0.0650096
42111,0.05922944
74224,0.09788251
10955,0.6063279
115820,0.5704991
6879,0.40004915
40614,0.37893027
17429,0.06382117
60219,0.53889185
22244,0.5221761
32714,0.057926066
84792,0.08445898
147230,0.42028093
146649,0.22171457
69704,0.11108418
26790,0.25102857
15890,0.8903293
61171,0.131995
25840,0.084543765
41666,0.08190781
148277,0.23068948
110588,0.14449812
134539,0.1142811
64706,0.34568602
126385,0.54794997
107174,0.120783694
103508,0.1113611
148943,0.12067499
38592,0.11100514
73577,0.26791286
45529,0.13434274
108975,0.90231305
107350,0.07168393
143100,0.933356
22361,0.37116668
10425,0.41561115
110290,0.81713
63277,0.37107936
76306,0.72392124
116161,0.45026124
76734,0.18651466
57033,0.13338746
49204,0.73211
19096,0.27546418
68626,0.14265685
148789,0.18925613
54965,0.96948504
147337,0.1313761
82309,0.12618695
103741,0.9271363
42448,0.06619466
138004,0.63850135
67078,0.9462756
52473,0.31134135
59148,0.12702455
77105,0.06694159
133970,0.09449075
104587,0.05387815
20820,0.17505093
146050,0.14364505
37313,0.48209187
138446,0.20073289
48407,0.9160701
70432,0.21725765
147492,0.3471132
112840,0.04903541
16230,0.52275175
25977,0.0722625
117590,0.28604716
70951,0.5129036
115935,0.30779678
22356,0.25400895
50580,0.14542264
133992,0.113803685
24610,0.7167895
88740,0.91145205
47221,0.12679696
90792,0.18371373
84331,0.26964137
141931,0.14096275
75074,0.07132692
88678,0.79165256
8224,0.08577002
43898,0.04142081
454,0.94746846
38716,0.057187304
82720,0.43172106
135988,0.3625439
19702,0.11317566
49198,0.3822962
35399,0.7197475
30238,0.20193206
22579,0.96828896
131596,0.35592002
78959,0.6105716
104883,0.5216664
112595,0.16047972
125480,0.29667327
120589,0.74716765
143722,0.3920331
115845,0.069044106
33866,0.16124484
33582,0.45353353
134101,0.5714792
3953,0.23476611
81067,0.53650033
121195,0.9336847
141689,0.20287065
119073,0.6547487
68504,0.6075119
52864,0.49113002
89200,0.4746869
63488,0.51306057
64690,0.50672895
29243,0.10842935
86690,0.17312887
52539,0.32843253
40900,0.3522458
67834,0.12260138
62056,0.17592467
135232,0.33680692
47850,0.1838
52632,0.09721715
46491,0.69265115
49270,0.10294241
94189,0.36225986
41015,0.21308047
134032,0.07470329
135036,0.23273091
23432,0.31878942
58248,0.09853821
95489,0.7349928
42646,0.101666935
29990,0.19547331
97874,0.6969338
63771,0.1040627
15677,0.9535285
6148,0.12607676
109149,0.10720062
69596,0.70481944
52861,0.25733715
39758,0.106848925
52593,0.22998886
87079,0.665679
34824,0.08914793
73735,0.20455521
79222,0.37198037
31286,0.0726795
51204,0.092265144
43262,0.2959307
14883,0.07729303
33312,0.0693828
41212,0.27539527
80820,0.11640376
28108,0.23130174
45283,0.121048406
52278,0.55853915
72631,0.075407505
137818,0.49281788
61699,0.2204185
25643,0.101892926
96775,0.15806699
118438,0.20193972
46245,0.2903361
77815,0.08849282
1203,0.20592228
21150,0.11237581
42812,0.45545968
90709,0.45868322
28191,0.06761404
5018,0.9058714
61486,0.5801895
5227,0.8450797
137821,0.4091374
15338,0.6208003
52990,0.17073694
67088,0.43548226
128056,0.3540807
110420,0.11421789
43270,0.23829982
64948,0.3662227
38958,0.18582977
62105,0.4622545
22481,0.4199804
108541,0.29351187
18586,0.8430987
90314,0.21098109
41291,0.11284764
24849,0.5738326
15067,0.71703523
77822,0.96685034
66643,0.43691924
129119,0.14204767
96188,0.13616791
46863,0.83545756
44518,0.16263925
103470,0.0519857
52810,0.34650984
134325,0.05603221
132751,0.36128274
13892,0.19456153
37829,0.5748112
76785,0.18442886
77484,0.15736389
17779,0.20573917
35205,0.930997
87704,0.030450143
20132,0.60107076
17575,0.36647153
95684,0.5277489
86456,0.52655315
70531,0.2802617
105398,0.10854631
20565,0.2063628
129666,0.29530635
61869,0.21197931
62963,0.17082778
137503,0.07222129
4326,0.072581
122179,0.3277796
78187,0.69845766
70383,0.17436321
13754,0.42477974
129125,0.7090962
71290,0.09295674
51322,0.27147815
101385,0.20166165
27067,0.4580128
34518,0.18031803
66202,0.1758931
16498,0.69698244
111080,0.22563541
116127,0.7000568
31751,0.12658565
93436,0.22683209
117323,0.2920612
134556,0.124001205
8411,0.14575927
65452,0.17567877
139456,0.16466492
19782,0.13688621
89098,0.255268
124346,0.14917336
48171,0.5358805
12677,0.15938894
84108,0.07349083
37694,0.8263787
26099,0.08335524
97738,0.041528367
126783,0.5817447
87706,0.31130484
77444,0.2613531
3415,0.05154271
38969,0.45922768
105611,0.95694405
111617,0.2756601
106725,0.07368645
18605,0.55277205
33002,0.49151266
90255,0.18156491
59801,0.2088202
6471,0.33307314
19262,0.5456561
77396,0.08117473
65698,0.11341719
24282,0.044263434
95470,0.6666622
101159,0.19621266
54701,0.3156767
9145,0.16310847
4675,0.24401031
11564,0.5727525
56827,0.36329946
4216,0.33578718
11862,0.05831797
55625,0.08337734
14667,0.63408643
110535,0.15911706
13397,0.75757897
20116,0.6289634
32854,0.128153
80983,0.3601486
55069,0.6579542
138637,0.05387861
61557,0.068618454
26910,0.92116404
38513,0.5379387
21922,0.07305226
73672,0.053312037
83294,0.097530514
51041,0.5862589
59972,0.52012956
56450,0.6745359
144477,0.63925874
22926,0.7105783
13684,0.09259413
110919,0.056906622
35147,0.078155585
780,0.077217035
114442,0.06765856
63779,0.14524665
124968,0.57299054
42397,0.11333748
12466,0.22307447
33122,0.13328235
106685,0.12863153
11822,0.06368122
94737,0.06457834
60353,0.9596537
134803,0.15568203
117744,0.7801561
141047,0.36828718
25315,0.118920736
121857,0.121770285
142904,0.9249538
70302,0.49484983
17433,0.19893777
138674,0.31007153
48595,0.08807615
113880,0.87955683
112295,0.43326613
105885,0.07285609
5110,0.091781184
78383,0.45038274
88957,0.14704365
69363,0.06917502
72003,0.06549631
6992,0.09261677
120464,0.089787155
136862,0.09578311
16201,0.12367449
69329,0.12297982
118454,0.67087233
58521,0.11026277
80097,0.20178235
12801,0.07939908
125114,0.1567204
71958,0.6444368
53877,0.9630653
115780,0.113756
97390,0.27956077
17294,0.44178516
142584,0.079979785
133047,0.05916891
67962,0.10230814
27309,0.44752777
95820,0.20800859
106149,0.5496092
71318,0.6847407
106053,0.53742814
11350,0.17348926
69457,0.1074589
109178,0.08181988
147516,0.6977834
2946,0.08528022
6512,0.17705862
130783,0.16142713
107149,0.21162345
38260,0.08203641
135915,0.74005985
60159,0.4668239
17842,0.36979464
65062,0.05904166
103896,0.52644354
25665,0.08407505
58164,0.62175125
26050,0.38278446
28106,0.14510675
26015,0.48562485
3794,0.08857552
66122,0.93290025
88986,0.10827955
145945,0.060377706
41973,0.41164318
90267,0.22323923
94881,0.061591547
41495,0.16919701
88534,0.34696376
26267,0.13539408
114709,0.18440248
12675,0.012607047
146056,0.58674014
30657,0.85535616
19259,0.6117441
80879,0.87237084
128889,0.060125224
36107,0.6514974
56312,0.3774861
78273,0.07893441
3205,0.24294408
134358,0.07137213
2321,0.57022727
108041,0.17095059
83698,0.14358802
54488,0.37831846
4647,0.06516586
23454,0.14732926
94614,0.44650546
21055,0.06753274
90273,0.6139184
66795,0.24837585
141311,0.72362185
64052,0.1600473
27169,0.066964604
106132,0.46942016
45969,0.18049467
106119,0.077625
59752,0.10447994
99652,0.2696837
71171,0.19867979
79720,0.19081876
94341,0.08885664
128441,0.13470478
111329,0.29195875
123532,0.5976828
126924,0.52304596
55944,0.6934281
19076,0.115310535
147198,0.59103733
78985,0.06857446
31976,0.17416686
50894,0.20053649
113756,0.24125211
121639,0.20860389
83898,0.20340085
17837,0.31697395
96180,0.113091074
27603,0.031090815
109891,0.06086917
48423,0.17182681
40009,0.53427804
44220,0.508677
141149,0.9209724
1555,0.081271626
85322,0.52805805
119249,0.16122217
28511,0.14984459
110254,0.3705001
60836,0.06111285
54297,0.082941286
43396,0.536426
46550,0.026813725
118918,0.6061123
113943,0.5600814
7461,0.258748
132427,0.2545941
62699,0.12569633
82415,0.101504765
121398,0.60670024
66472,0.08445109
19446,0.115073204
129835,0.10628671
61248,0.9332645
51866,0.23672508
128157,0.5287329
141095,0.5973842
56266,0.10785065
95923,0.23728773
10297,0.41762856
89315,0.2617778
28468,0.31106752
120856,0.08081095
35975,0.1795353
38741,0.521653
48459,0.4860955
31640,0.11855416
53255,0.06829292
112199,0.24211022
11442,0.08003047
110379,0.39098734
57616,0.71494
36332,0.41604406
134777,0.5474922
146181,0.06628703
65593,0.3157393
118197,0.39069
66549,0.80463755
19104,0.8699872
72813,0.083073206
94899,0.1964764
14829,0.7484923
75360,0.21366444
40522,0.325887
9184,0.1848784
51048,0.14261736
49692,0.36949468
65318,0.558676
119828,0.26637375
28909,0.13382527
61720,0.0671542
55107,0.069840774
148734,0.07156485
134339,0.91569406
60388,0.1594995
57755,0.32508296
59326,0.46910003
95355,0.5900219
112153,0.08206761
59731,0.69757384
24887,0.15548079
21693,0.5055773
82779,0.28651965
69286,0.69148964
129626,0.31328836
116754,0.17260914
61320,0.16443644
107654,0.1460471
124796,0.6569167
32504,0.31564057
44910,0.094962284
6876,0.12003021
44414,0.25949064
125375,0.5817211
94710,0.4022145
48235,0.8878862
99229,0.59290314
35804,0.2960172
17866,0.59969234
127891,0.8723615
130595,0.48885652
67564,0.088269584
31394,0.5102532
83587,0.13409449
37330,0.13945316
133521,0.22799125
96163,0.27118722
39991,0.08566154
16454,0.20209697
108214,0.17049237
120272,0.15321583
13975,0.9788711
70725,0.2949247
141167,0.07843803
51844,0.09595309
112688,0.08893407
59162,0.37472135
132794,0.07196041
105871,0.1842515
16073,0.104082376
107553,0.13560827
86465,0.3393054
68323,0.08483505
21527,0.84270054
148493,0.06891703
74713,0.37753958
84219,0.11110313
90149,0.15986745
63527,0.09226639
7515,0.193928
3675,0.3113249
123600,0.20442064
67319,0.18302155
110357,0.6105856
73761,0.05870909
45841,0.3653943
90799,0.09661294
108337,0.5672563
35349,0.6836463
34728,0.0777529
59047,0.62868726
144263,0.4244404
99452,0.54160506
15743,0.30593425
135030,0.11034758
85339,0.21464108
17179,0.5085566
85372,0.8966197
6725,0.25541785
64721,0.07912393
67716,0.22500747
34177,0.78925425
37908,0.10095643
6147,0.06905669
132591,0.46976727
61658,0.5785482
44600,0.6060033
62805,0.9596596
139467,0.13043655
2157,0.13621414
110471,0.9492728
141407,0.23015092
43209,0.10664722
106863,0.18002544
24452,0.10264163
103438,0.0987533
56579,0.58658165
13914,0.6049103
118792,0.09913382
108605,0.18225865
38562,0.60271007
68546,0.30328116
75194,0.066074744
114693,0.14208184
35963,0.10093226
117331,0.12913263
113270,0.26082203
45336,0.47436005
135171,0.0638505
142114,0.1528506
105658,0.146173
10660,0.088397786
148630,0.25209954
39377,0.17618541
97212,0.44080558
93379,0.12427364
102105,0.073514305
148203,0.42895266
92514,0.15311195
43916,0.09216594
36287,0.65414983
4741,0.5511694
100207,0.105698995
17644,0.08032903
109036,0.5466754
131507,0.10681345
89285,0.89215225
69849,0.12285947
72838,0.9061755
146958,0.18691492
98273,0.36249742
114413,0.05724825
55852,0.18609005
21614,0.9429319
108277,0.5128246
68114,0.052824743
20514,0.112103775
35651,0.1411372
141513,0.9262771
23048,0.89441305
41922,0.54737
72886,0.15566668
27727,0.18331099
109280,0.09898373
141848,0.04884638
121065,0.6644898
146163,0.113757655
21885,0.088455915
117625,0.2560848
12041,0.30210298
103646,0.057208285
14367,0.052050814
103904,0.07120079
111988,0.13379271
34917,0.54577893
119839,0.05202755
72077,0.48196745
104810,0.2771894
87027,0.32044178
23591,0.42011297
118876,0.3834863
134734,0.08396039
121493,0.58543354
81877,0.06250964
108294,0.8370979
39371,0.53222466
142202,0.07307475
143546,0.53349906
95484,0.80603355
148602,0.12554814
48830,0.65324754
3957,0.08590609
142024,0.09613239
102478,0.18504551
59081,0.5477414
118609,0.1297895
101579,0.17757197
38702,0.09043755
2182,0.31251132
128010,0.20099881
110116,0.07809109
70319,0.4253493
4341,0.19899265
33923,0.5867184
93044,0.71822363
37708,0.55475163
7862,0.4185705
141421,0.1757065
9782,0.47262707
92103,0.30472094
134268,0.11143614
131314,0.5538071
109376,0.65290976
39119,0.33541974
46705,0.08042343
125147,0.20078947
35960,0.9766519
30414,0.10973272
122023,0.27637386
26136,0.48724744
86253,0.113986656
94496,0.083561875
23463,0.14215167
95065,0.8076874
75885,0.19694933
62427,0.22451466
86916,0.8106297
36897,0.06823442
4396,0.1020397
147289,0.4182889
87787,0.27360427
5210,0.14181231
115013,0.12113449
4759,0.5270119
115095,0.890219
42232,0.09516945
31189,0.21412471
15707,0.063739076
120892,0.9544743
110348,0.87514967
39316,0.09588584
20027,0.22881633
10377,0.23118442
106425,0.26184753
48832,0.83664787
134561,0.08692131
32823,0.7640602
136131,0.1464838
106396,0.17709972
94864,0.11447475
126333,0.09870605
44174,0.5193911
130285,0.11030623
11604,0.6993532
124856,0.09554059
130554,0.082831606
26290,0.64081734
58589,0.106703244
88641,0.339929
88801,0.105522685
54348,0.14802352
92854,0.5527867
44501,0.24820523
147014,0.092647806
85272,0.7947861
13611,0.31463075
113373,0.88113225
64112,0.18525821
84806,0.9413801
131405,0.83418703
34775,0.27576616
18391,0.05136335
66052,0.17223161
75182,0.82024205
42218,0.100507125
52398,0.3412148
19871,0.16768655
56218,0.13860655
29294,0.12624434
7533,0.12965252
80974,0.17736924
107663,0.101791576
18743,0.23207779
108235,0.09599139
16891,0.4851986
71468,0.43223515
20716,0.39893362
19696,0.07858209
36874,0.14302364
19108,0.5314512
135395,0.27756086
83180,0.30032164
1217,0.34095895
72161,0.53720105
93136,0.09192824
132366,0.2513724
139405,0.8164464
44930,0.598257
123690,0.20213214
28346,0.8406296
55356,0.9656055
43176,0.79453534
27125,0.14922182
6154,0.085073136
50430,0.63077533
132668,0.35083136
31377,0.1493668
78650,0.4728714
62294,0.07941683
98674,0.08432173
29765,0.223568
52514,0.9402979
79912,0.12606838
54410,0.40950587
122668,0.1081002
122735,0.6049974
616,0.075515606
50323,0.63729805
59609,0.1995015
6683,0.58784145
148449,0.7640464
19716,0.24765226
132218,0.22120014
115674,0.29598558
76397,0.06310636
130095,0.876448
14492,0.11942387
134599,0.74582124
98790,0.43339655
20980,0.5887373
67324,0.4794073
49365,0.12537226
59375,0.05255736
68497,0.1797714
105841,0.11555295
50623,0.3125038
53206,0.20414099
30679,0.7174981
140261,0.18297409
83601,0.13131873
56510,0.78924286
51160,0.06626945
44857,0.05932041
98597,0.45122802
136010,0.08027145
59748,0.06850446
149179,0.17020951
128076,0.37336028
104743,0.06862744
80026,0.91103697
77354,0.77882695
88664,0.124818526
110014,0.17149465
144265,0.60782313
146039,0.08958149
42122,0.55279624
75970,0.57794094
14172,0.19409728
34496,0.8363614
7607,0.16965975
31861,0.11285165
5937,0.51481515
84347,0.15359868
122364,0.2082841
35371,0.47671723
72555,0.9398128
68942,0.8779722
108545,0.06706832
106050,0.13078317
96265,0.36954573
32541,0.19190942
73283,0.50077516
72407,0.121465616
18049,0.12306808
29402,0.107128665
83742,0.38963926
8486,0.29999354
87947,0.38465723
72413,0.076857954
92137,0.20504542
148606,0.6040809
143468,0.8167943
139438,0.49736488
29901,0.5378938
95195,0.13610971
109633,0.4153289
6371,0.81070155
40779,0.14237447
90781,0.22589804
69571,0.109138876
134987,0.8078174
1510,0.17197716
123276,0.9251508
34208,0.7904096
119689,0.554867
127638,0.33226866
7205,0.36290982
106031,0.5901038
115410,0.21819372
38267,0.9041696
129478,0.4120828
130720,0.85579973
39714,0.38057312
77847,0.9200538
49439,0.0661587
111693,0.08468941
75882,0.19686945
109313,0.22108321
41749,0.6032729
122963,0.19016182
107724,0.74219376
77896,0.14987527
83296,0.8983986
41639,0.048503146
47245,0.10659131
38158,0.05291689
101326,0.15156749
23122,0.8785143
83607,0.11334891
118915,0.15266387
127243,0.20775323
37342,0.92395127
120290,0.1440193
138138,0.065520704
121123,0.1305171
75525,0.41938838
131134,0.29539245
32449,0.31153238
57679,0.084721684
19707,0.78848773
137065,0.09416212
25144,0.85007316
134472,0.23485215
19055,0.24280652
83157,0.047991678
32076,0.07650765
93500,0.38356707
92921,0.13681063
111413,0.40133032
5279,0.101133324
122834,0.061658468
145326,0.26112476
90549,0.56088984
126793,0.2833779
32934,0.079083644
73008,0.4090833
84222,0.1721725
124746,0.09899823
55295,0.16714196
25799,0.0732517
93874,0.19317167
83555,0.38795134
63406,0.23862076
65392,0.5615018
80509,0.09477201
110081,0.6145501
80967,0.1539732
10535,0.06925961
596,0.089798346
89423,0.20998251
42618,0.66041625
147057,0.32442856
42945,0.31574613
94657,0.7923313
11443,0.07255779
73486,0.04455631
23954,0.060037524
61841,0.084523425
125161,0.665465
43287,0.06373118
110846,0.118851386
87888,0.44025064
148320,0.4607586
102876,0.09344966
146086,0.8598853
100074,0.35818574
78314,0.22488143
51268,0.27140722
11721,0.5354196
40065,0.20254374
9842,0.1857664
67260,0.2571083
98393,0.8144893
57134,0.2807125
97413,0.6675701
126611,0.14374244
72016,0.059040364
21174,0.6096097
138623,0.07948539
16855,0.882885
19657,0.116372846
73033,0.25542128
143823,0.8620091
28903,0.79005426
42753,0.120210156
78798,0.5031898
96622,0.04422189
26534,0.87371475
26241,0.16174178
139957,0.07903277
110316,0.07916283
125870,0.22257482
67549,0.067770906
118860,0.7396885
15027,0.26548487
18550,0.5421222
143059,0.8263471
5687,0.124611445
141785,0.89652246
91839,0.3116145
28125,0.05557116
36422,0.29646832
950,0.0547383
24183,0.8456544
72798,0.42293352
91654,0.6329922
89397,0.14198068
33345,0.14148359
27091,0.16350494
60764,0.112457596
40864,0.9371743
148465,0.38950995
6832,0.91133577
126344,0.06387432
136809,0.8494305
112251,0.17428279
27482,0.21595865
98569,0.91535014
22400,0.3570482
24517,0.47504753
100622,0.15596418
143057,0.15607631
128730,0.7443613
130640,0.09846177
121724,0.82621527
43125,0.25034192
136669,0.076949984
70174,0.20713058
91134,0.9693439
118961,0.8953073
79363,0.28560278
68847,0.75066453
28745,0.33501124
28489,0.8249506
31646,0.09254506
43926,0.6589818
63617,0.2000469
51299,0.20654197
137811,0.8981637
75495,0.17546016
98880,0.2339693
1259,0.05125834
25205,0.082869336
108106,0.615895
5378,0.19888057
53355,0.10590699
24243,0.10417098
96236,0.9287819
32875,0.25920168
146847,0.22678867
36912,0.11374998
119032,0.16138133
41506,0.261348
6920,0.67184734
126821,0.21723852
123262,0.17202032
129263,0.3447889
140203,0.08295509
117213,0.08571666
110824,0.15622205
32885,0.08678109
303,0.120621674
56043,0.5646154
26596,0.11327582
100997,0.15795161
138443,0.85459006
42148,0.09979397
52319,0.6427134
10458,0.10335576
37477,0.53726625
141072,0.924277
69260,0.12696923
17234,0.10277414
121120,0.8617469
9713,0.33229432
11928,0.05029495
100147,0.17385048
40016,0.42924702
116150,0.19257042
30075,0.5921842
16152,0.09761801
108136,0.6864343
70658,0.15256047
81147,0.06237695
137714,0.2541467
36698,0.27351397
102017,0.21562603
115162,0.4196098
26543,0.20909232
78345,0.47586796
135605,0.2579647
77878,0.09453922
16620,0.30578652
144341,0.7907237
63283,0.20210049
35310,0.15008439
16166,0.042395417
42481,0.06100276
116105,0.1795618
14095,0.50491583
146326,0.33539632
58348,0.09478327
54662,0.1488551
38989,0.084668584
34088,0.59192467
84235,0.96333903
35634,0.09405258
113709,0.34484416
55299,0.16143233
62081,0.3705992
146191,0.38209972
59567,0.4191938
104729,0.04460089
73690,0.26704982
141515,0.14735661
68244,0.4979406
147334,0.5213698
112444,0.32313594
118233,0.56837374
17898,0.08017644
40527,0.07645481
92138,0.2167663
113941,0.9413085
20092,0.19760747
70005,0.2767295
68822,0.075229876
75470,0.34817356
53937,0.0903646
42709,0.13684599
118128,0.21112902
140441,0.34131277
12829,0.20612599
108761,0.24807863
48281,0.20540413
123891,0.27492952
144948,0.28318432
35559,0.6302599
23065,0.061349723
30083,0.33731705
660,0.23856767
14923,0.59268695
119404,0.42779076
104988,0.126246
148595,0.15077777
35983,0.11678408
6362,0.36148736
116195,0.89709777
75831,0.108709425
128282,0.5333635
149291,0.06531018
133351,0.13244614
11531,0.287389
55140,0.05805375
78069,0.33084548
72771,0.20421451
119356,0.57584697
14913,0.18649781
102386,0.10552842
133553,0.12357752
81746,0.38808724
21028,0.097029865
41339,0.0682104
137268,0.5035768
93906,0.07391306
122494,0.28718874
111361,0.67120576
86503,0.75587654
51122,0.7771078
98685,0.15369025
14410,0.32673007
49178,0.45257705
67117,0.1029719
67525,0.14887026
126264,0.12366846
28686,0.06365872
114783,0.5716994
56135,0.19079584
74577,0.5199214
93126,0.888913
113021,0.3547358
9773,0.63728046
32584,0.94524854
9460,0.941346
67841,0.889076
6991,0.4142551
19624,0.17079267
70673,0.70159715
116962,0.3717452
120129,0.0657763
108022,0.17187041
120327,0.11464287
102494,0.12788357
82281,0.6698737
117999,0.37638566
77507,0.1524669
55228,0.082227856
30954,0.101680025
122081,0.16644984
60740,0.3705936
23570,0.71483666
141001,0.052545957
119424,0.3733761
102770,0.30492002
143055,0.94307715
125100,0.95999444
40080,0.87289345
124012,0.83770126
4101,0.077986844
77182,0.5554052
9242,0.25044408
72280,0.13078311
116548,0.42527926
148788,0.12395421
67391,0.23613138
26478,0.116005495
121203,0.07155605
138534,0.42271787
145732,0.74233407
60042,0.06297583
98504,0.12539792
79513,0.11979635
66994,0.10229019
43490,0.93462086
89526,0.08940604
19234,0.1295487
38924,0.2788966
47257,0.14125817
50677,0.6088452
81042,0.065475285
121791,0.9594385
8815,0.7791403
103444,0.64545697
32093,0.12445396
62176,0.36205965
16896,0.46818107
5925,0.11000191
29019,0.04643049
35423,0.73409694
74528,0.6167677
34606,0.08706132
103803,0.6778924
119626,0.80519736
47929,0.8270905
145808,0.48216963
115562,0.61246616
64806,0.2103444
60043,0.20172152
82830,0.092193626
51399,0.07662827
60977,0.03995506
93828,0.28056535
81211,0.3049133
12813,0.41041425
91467,0.3416458
86587,0.11981061
127481,0.157971
11011,0.3065298
25604,0.09642809
79199,0.66701645
52621,0.15080124
38057,0.92989004
139713,0.59613264
125132,0.1255339
148735,0.3195393
45353,0.12350201
32201,0.22161232
133976,0.32525748
86531,0.28508672
9174,0.9337668
124232,0.9440524
129226,0.57363325
36309,0.09159486
86593,0.05935634
4667,0.077899314
123260,0.62148565
63829,0.37137765
58870,0.22561349
120664,0.14238842
88491,0.0834077
33522,0.80017734
5135,0.2182062
127282,0.1905248
58465,0.08143966
35455,0.15668163
96226,0.73723894
50416,0.08786732
136051,0.4099791
101049,0.26855198
37833,0.6876033
79185,0.5316737
48086,0.9196284
93461,0.94211
3002,0.0907201
70677,0.47312087
128537,0.26595905
134725,0.12696794
86023,0.17003001
116805,0.52746767
132583,0.23591115
105711,0.18300842
61048,0.27977133
135353,0.5373356
49194,0.9214008
107793,0.05237443
5314,0.0980518
93503,0.07729094
17605,0.12891138
13307,0.64281505
88848,0.42347535
30460,0.29917946
32705,0.22228408
5548,0.43651885
38711,0.89573455
111655,0.15243879
125260,0.25130576
58438,0.37232792
10818,0.28098184
29388,0.5409734
98236,0.91754127
52008,0.4149068
97920,0.099754386
82373,0.09246586
45612,0.21680991
18627,0.061267316
129638,0.1395061
59892,0.8565729
71296,0.3134739
139435,0.3411603
113059,0.50667554
142176,0.18035199
141860,0.45261213
2512,0.29001895
10121,0.94624245
102208,0.08384448
75920,0.94171745
93971,0.122732654
84170,0.07828564
144483,0.10668837
140844,0.16050029
48546,0.10555387
128115,0.055997983
130118,0.24004069
124042,0.89835787
110757,0.12972969
91495,0.26305932
110719,0.20392808
110162,0.16449033
26193,0.26629168
77844,0.3271145
129718,0.07735003
75958,0.55974597
16869,0.4771905
137856,0.20397316
76674,0.07423863
55124,0.5363913
109656,0.16846812
13823,0.12284527
2050,0.07339134
26407,0.21215592
78178,0.90876853
38644,0.18571307
66252,0.3939281
93214,0.3100301
75195,0.7362357
132014,0.17209226
113221,0.06881096
87325,0.17313953
117872,0.8639468
140979,0.3684818
89541,0.09328578
17131,0.953823
3391,0.11517832
89399,0.08949429
32814,0.7563264
133448,0.8334374
18111,0.3142362
95966,0.13034216
135762,0.17229383
68191,0.13296784
64210,0.9554151
116243,0.9448914
99528,0.2146374
50258,0.055763282
132225,0.9151336
119520,0.09778368
133777,0.3533776
92,0.09789182
42297,0.16392298
119795,0.6351011
70342,0.101446465
50576,0.27764457
70067,0.89660674
25185,0.14498335
99396,0.06295762
89120,0.18160981
135478,0.07205921
15316,0.27532065
14804,0.10565105
5573,0.1376617
81615,0.049402773
141977,0.15302356
105453,0.15328005
111644,0.6658328
13284,0.063747235
37661,0.042197354
127355,0.69929117
41353,0.19827022
92215,0.9507694
119785,0.07830965
85025,0.059715983
60851,0.10559064
132273,0.46914756
98035,0.6481908
105464,0.89100057
31839,0.5181181
10910,0.26261812
20476,0.33847284
22747,0.17540061
70911,0.21743551
74736,0.29061896
65026,0.05697134
110188,0.07808982
20677,0.05999423
6178,0.24897781
36659,0.11094713
48910,0.44102
91039,0.17131682
122344,0.21419273
118615,0.44444025
21157,0.055918746
19718,0.08096631
99722,0.091208264
115370,0.0690852
10269,0.48046964
11535,0.6576709
143349,0.75119215
43503,0.077208675
117416,0.115015276
134104,0.08665968
108743,0.14598902
91498,0.25939122
50981,0.9307932
78944,0.92566997
1095,0.098431654
63152,0.15437406
133711,0.97740835
6899,0.09932705
117041,0.4622504
145308,0.85113716
93561,0.07218053
67044,0.6847226
46202,0.97213113
99792,0.63469666
97530,0.9689488
124748,0.364263
38264,0.7538342
115453,0.56812054
71546,0.12508918
22659,0.07588855
74232,0.21923545
73566,0.14862828
115075,0.30088
33980,0.87544113
141429,0.33844584
74546,0.0756728
70467,0.14852901
105048,0.2683168
16542,0.14912124
67502,0.61334217
23549,0.465666
22494,0.7469595
28583,0.122011945
86037,0.12927838
40803,0.956145
95510,0.16079399
37867,0.3077742
70114,0.8999598
13687,0.15322696
79037,0.089489356
75072,0.3467363
82966,0.09658985
55408,0.27987698
85349,0.25970384
110641,0.4955702
90719,0.106787026
83945,0.24123025
149031,0.06033067
23128,0.114971705
94866,0.08347417
19202,0.14369488
15801,0.11747542
138885,0.124968104
30039,0.9241761
6843,0.91485745
17232,0.7345665
98207,0.117501065
40129,0.9726246
106651,0.17976771
39564,0.17860201
30450,0.07486634
34299,0.17904922
69718,0.1639622
57537,0.3886153
47548,0.839169
130822,0.7952932
135792,0.15244447
142628,0.058439385
132728,0.11042072
143276,0.43578252
43591,0.62182176
113298,0.15142417
31631,0.4666724
6505,0.11376825
37453,0.16518472
17704,0.85796124
29100,0.20614405
100105,0.08673731
28121,0.07220704
110853,0.44595093
136619,0.19490497
62377,0.8707124
44095,0.17906797
25855,0.119705185
90750,0.47521907
120619,0.13537651
119152,0.06835931
23141,0.3470074
137748,0.18012112
62311,0.5331102
130491,0.29231343
75503,0.10613126
93902,0.6568564
78490,0.10403678
35148,0.2884746
6510,0.20442975
106271,0.1226516
147665,0.7668913
7825,0.12598057
92743,0.5563206
77565,0.17236592
5999,0.512792
148838,0.090477645
36928,0.10750391
12083,0.110688575
26820,0.59760535
4008,0.95505315
143833,0.37484434
137151,0.5135402
109731,0.10914984
136737,0.095818415
5017,0.05911759
96979,0.116854176
127607,0.22651917
140808,0.5021121
130386,0.29154238
103080,0.13817686
146636,0.11442347
34024,0.64702326
23407,0.14683506
5662,0.76149225
116445,0.45660222
58333,0.11478775
83288,0.106832765
12573,0.16567934
114277,0.1567063
12631,0.16066568
147922,0.89637417
99923,0.15647595
124209,0.5278177
140976,0.12010837
25371,0.4293226
80260,0.47552893
77987,0.36209112
107128,0.12827446
61760,0.07677386
81566,0.247532
12060,0.12626489
95357,0.26717982
85009,0.38360107
122852,0.10818484
64167,0.30113956
80761,0.1282712
17500,0.7185596
101207,0.08515882
83213,0.23293246
111141,0.88786894
2373,0.15986356
47635,0.124059156
2877,0.14608365
116323,0.092096396
145420,0.53496915
32546,0.51521146
75749,0.13953616
107911,0.4087178
10836,0.14141166
44515,0.07663932
47736,0.7662495
96206,0.24396138
92956,0.13024278
23568,0.2744203
138639,0.1736355
60602,0.12315481
73890,0.26881048
122320,0.13818404
84413,0.13605791
9238,0.086262256
3443,0.095573016
92476,0.36377445
73466,0.079582766
35850,0.94307005
119266,0.3728839
123919,0.045314144
89869,0.33240303
84958,0.106543526
108005,0.0842459
10022,0.8916379
87093,0.1550581
52549,0.1118026
41356,0.094180115
23682,0.31888703
25022,0.42331195
79974,0.14097983
87347,0.18573907
80420,0.3394949
51309,0.15718265
122249,0.056868915
65768,0.13173312
107739,0.23022917
93905,0.115019806
115624,0.12207353
87866,0.20465386
109827,0.3290416
125889,0.18185727
119205,0.53379625
97389,0.6546617
65942,0.52765435
71639,0.11980849
58259,0.12952112
28492,0.107001185
47694,0.16138113
97938,0.14091656
18975,0.121460415
40366,0.11694383
131539,0.341449
89952,0.3884032
79006,0.5890621
62162,0.06224069
108999,0.08362846
119966,0.74124414
83175,0.5238767
22878,0.10479952
147908,0.1967316
123478,0.23135675
23874,0.10994796
133799,0.24766196
57740,0.109787725
95455,0.09332103
49001,0.38675615
41311,0.3170481
10472,0.53957725
116346,0.11664336
53964,0.18080312
18911,0.48563182
3269,0.82125217
141462,0.20097415
103254,0.0714164
127271,0.6516079
114403,0.24397962
90808,0.096039996
25561,0.22462796
19679,0.47093537
119181,0.5950403
99005,0.120562285
148685,0.8867503
68820,0.7039183
135594,0.16699836
21713,0.11787935
1408,0.28784087
104298,0.3292186
87320,0.56905013
90752,0.20702937
90189,0.49735168
96248,0.9352113
1732,0.17659739
90883,0.08208025
44867,0.12337599
18506,0.21738029
130531,0.13660748
142931,0.3145302
1740,0.71859896
17618,0.55837244
89864,0.5401374
82896,0.10409851
61972,0.9688324
82994,0.3246896
91099,0.30024475
25505,0.15588114
16275,0.33479244
117319,0.1144623
134281,0.14066473
42014,0.25405455
34242,0.9508488
106136,0.1751434
16679,0.05614801
137726,0.06526852
77950,0.39385036
132042,0.13288447
69698,0.10243381
143595,0.57401365
19372,0.10863306
72249,0.6180353
139272,0.27176207
35749,0.17650521
90793,0.577483
29346,0.80996835
125185,0.26925197
93728,0.28012252
98609,0.1411848
94778,0.08104627
143400,0.130052
994,0.28274494
87534,0.8582606
53198,0.05603313
49099,0.2687002
103439,0.086955115
68881,0.044832047
92705,0.27295837
61951,0.09098395
48112,0.3263178
140892,0.07448957
92025,0.15150148
18362,0.2372921
90783,0.4153811
17619,0.66354716
90477,0.077112675
68163,0.1436581
92398,0.3136284
69289,0.25894716
43507,0.18173379
7765,0.12893362
84095,0.45596224
36911,0.6192662
82067,0.2728497
33948,0.42650628
112770,0.634854
127182,0.19221279
29755,0.5657657
84286,0.8771144
102175,0.5811851
110957,0.65870607
36030,0.07526397
118543,0.17270608
61873,0.13129763
8780,0.055382464
84403,0.7413138
21475,0.10661316
131016,0.14638406
47113,0.14976875
111351,0.8446642
70922,0.27456906
77338,0.16666749
134724,0.12800631
75416,0.21621175
129636,0.16349739
104933,0.16940257
52935,0.1124496
104527,0.18035327
27376,0.25942796
121752,0.09434657
68029,0.43525967
53233,0.5773938
101625,0.12117149
118584,0.08085702
48942,0.6902579
100242,0.112787776
145004,0.11863805
22806,0.31816658
86357,0.62383217
131858,0.6320559
128088,0.2343753
99735,0.15673974
67283,0.5928711
71600,0.39951354
137312,0.3951678
72548,0.92539185
33530,0.2805874
121838,0.108845845
52075,0.087409094
67266,0.08415011
72678,0.22724044
54480,0.058621768
129432,0.0837178
76372,0.8758781
21354,0.09474115
139846,0.12511702
80818,0.7989834
98940,0.45682958
83976,0.07418868
137182,0.40545714
34017,0.06441106
67057,0.18836649
112582,0.18910761
104300,0.12622659
77679,0.39627758
119889,0.35983327
107326,0.11200969
27061,0.10246367
133405,0.15489745
25570,0.96162516
95873,0.13661692
140764,0.472366
115139,0.19642521
30293,0.16980563
33595,0.6411538
112968,0.12013932
11821,0.15956204
112788,0.544848
95434,0.4422731
59903,0.4077986
77470,0.36240858
45501,0.1096118
63371,0.1633796
74727,0.44343823
43792,0.12384154
51998,0.5234615
84332,0.14470363
535,0.14979419
25107,0.29322213
20134,0.1709454
9045,0.12053114
53451,0.06942119
90850,0.100984894
23034,0.5990584
26102,0.6061272
137117,0.17283826
102765,0.9447887
138084,0.12697034
105857,0.07449419
141829,0.201809
144664,0.26012716
75778,0.17324512
81624,0.50758755
123187,0.9688393
105240,0.08866775
148110,0.33538264
38818,0.08440079
91849,0.18924123
148369,0.28457582
133231,0.24856816
69135,0.2738748
108884,0.46961138
42555,0.11776521
148756,0.15801741
34580,0.27265266
6094,0.60019314
120902,0.08829868
60810,0.7776097
93129,0.052800808
145974,0.15882689
132580,0.18835144
9375,0.77158546
76348,0.11770213
132497,0.20822446
82277,0.079647474
68893,0.5633177
60769,0.16583984
78815,0.71728826
104077,0.20727289
5332,0.8217058
29281,0.23922625
32450,0.10509691
75689,0.21543902
113723,0.11761664
16949,0.21443167
120715,0.15154453
32059,0.9198498
18266,0.116954036
148761,0.7381458
80305,0.104926534
79416,0.09285664
67129,0.06880753
94437,0.34755027
107467,0.3635745
85568,0.97813976
100578,0.30646303
125582,0.10591826
129867,0.78047436
51387,0.1958352
147450,0.27520564
74028,0.17360288
42365,0.14100966
34278,0.112653494
111389,0.14030594
4688,0.5198172
145282,0.20517698
84055,0.2514138
149395,0.11834259
80240,0.080367
114885,0.049245168
39860,0.19900587
58197,0.2988694
134998,0.6165888
87271,0.08190186
88610,0.12620333
123999,0.7136061
21275,0.08875668
71077,0.2968543
22767,0.3800454
133257,0.23015122
149939,0.5770771
99976,0.31755972
88542,0.08796888
93326,0.4981571
119566,0.1586911
138600,0.3095385
101929,0.5465325
34255,0.17421907
16045,0.15372294
35856,0.35151848
114989,0.12415523
2383,0.09242742
123617,0.08890855
126347,0.44926885
66503,0.24702682
112644,0.06020849
90504,0.21255295
14368,0.79930305
76086,0.40525836
62694,0.46975592
61013,0.1289845
103039,0.119144045
84898,0.1432856
1357,0.2455808
80007,0.12965454
38800,0.47690797
1663,0.6624032
104386,0.0639757
57944,0.08192
73546,0.0673515
59690,0.17095694
8732,0.09539052
146380,0.11000097
67314,0.48830482
23580,0.192583
83402,0.1645091
61273,0.42961356
59508,0.5450701
105892,0.17306001
57320,0.17159969
120750,0.6407736
103615,0.5744054
122621,0.8629855
29144,0.8637456
50452,0.45641172
108447,0.080640465
149458,0.32153356
51200,0.061341483
81574,0.2887286
16956,0.24891539
22408,0.05687497
277,0.04592455
89097,0.107147895
30529,0.8621379
71469,0.083171345
22324,0.569782
105559,0.22689834
61097,0.06483382
122496,0.16040303
46761,0.5012245
34636,0.041813813
131060,0.6282537
70768,0.24483205
119022,0.2621931
118936,0.21692581
149019,0.19428773
97591,0.107199654
135494,0.59742105
1221,0.20343196
127405,0.17954344
99515,0.070186555
49724,0.14404352
54454,0.09704467
39458,0.5317129
115753,0.106335044
32346,0.9203726
20112,0.09597122
27327,0.63563985
123981,0.4257573
126707,0.646594
74271,0.4849514
28422,0.92534494
40305,0.20919347
55968,0.25018486
63377,0.44782
66494,0.11475039
108261,0.07925012
111294,0.333107
78139,0.069425605
71431,0.14372918
73079,0.09099602
15392,0.26203242
27597,0.053762008
142855,0.08364768
65853,0.28267744
7890,0.8724358
94352,0.4632959
138811,0.29940677
48957,0.33581126
70547,0.34116748
16186,0.9325789
121603,0.114859834
39491,0.07089121
125770,0.13380316
124147,0.41080096
68418,0.071611136
39362,0.46467152
113417,0.46221069
45609,0.46349418
97318,0.40194964
120735,0.591449
22617,0.20387658
121471,0.19985195
101290,0.14592232
137574,0.18635124
26460,0.6905526
26410,0.12543929
29055,0.5270912
106248,0.17645381
81204,0.30058467
49174,0.91762483
145425,0.20260593
87819,0.098023534
13173,0.07992884
93272,0.06964598
21342,0.20012903
94026,0.11182573
108886,0.47900087
95648,0.8980355
125324,0.12146131
80531,0.8844396
89112,0.20114961
126187,0.09225402
32488,0.80144894
60184,0.72299707
83858,0.26255694
29039,0.67249423
143512,0.15718475
12048,0.7762787
105584,0.27624166
40936,0.27928105
23012,0.07128683
101593,0.13308547
93386,0.47255248
89147,0.16917413
72976,0.22488217
44833,0.74595815
25948,0.065853894
63969,0.10287039
106968,0.2633905
5892,0.09073433
77869,0.077004865
70241,0.45700848
114307,0.16492255
129040,0.18457857
10788,0.8144126
135985,0.06789964
17906,0.13036112
50127,0.077679604
73169,0.4820844
74489,0.12271286
46308,0.41746935
40831,0.6800857
140883,0.05522921
111184,0.671564
74314,0.47831395
141774,0.08043444
12290,0.21368225
149635,0.1684926
87114,0.13966985
130818,0.32341608
44466,0.018980952
19581,0.5948554
14983,0.20254275
20488,0.09471378
130800,0.28651288
101012,0.75354517
74629,0.5502596
10427,0.15556982
110109,0.074976906
132957,0.07887938
107826,0.43318972
36265,0.5119406
58681,0.9203108
44426,0.12324093
25598,0.44809955
47829,0.21730146
85511,0.26124835
57885,0.08883681
90909,0.885181
74974,0.19445775
119670,0.37753713
92867,0.08346081
115815,0.7210762
45766,0.49537563
20407,0.70925623
139782,0.06412653
122600,0.52951956
131779,0.51021254
582,0.9052026
121582,0.76621014
127113,0.36867312
5081,0.11435657
34752,0.079041675
128825,0.13962646
134941,0.80080587
56654,0.06876419
132449,0.061321612
114154,0.5335611
118065,0.06864956
91135,0.9651472
36284,0.05839586
2392,0.1252286
83252,0.35322282
126075,0.2677657
48022,0.62939054
75047,0.09125883
82664,0.16052525
102789,0.6887606
118025,0.7250676
73941,0.46228838
99541,0.28615224
140488,0.07157629
128003,0.1664955
102314,0.06573033
79280,0.5255921
107888,0.14424795
17928,0.62189364
7142,0.09043442
8540,0.09401704
17460,0.23820554
141097,0.15877883
88219,0.07369128
143275,0.969713
136500,0.5343057
56818,0.14357767
64243,0.2264787
119659,0.52522457
115826,0.20474425
134656,0.36533388
45678,0.48810008
96913,0.3761954
116049,0.162737
51713,0.5374485
9341,0.3316042
22522,0.5213312
31874,0.08114143
14866,0.3087544
7415,0.056039967
114973,0.038581293
144794,0.5069503
110306,0.16462232
132776,0.22812778
62947,0.094099216
139301,0.12903
105305,0.26191792
40655,0.8146474
116972,0.061749127
87702,0.2165026
32721,0.5924151
2276,0.7823583
22761,0.07459913
69294,0.34839827
81717,0.08247034
51703,0.5849909
29501,0.25973377
81739,0.09681429
59879,0.70303935
19026,0.8300719
53847,0.14013547
44188,0.8631977
75184,0.35291913
141161,0.41304952
69189,0.04870724
141257,0.082959965
146944,0.094464384
63658,0.23327552
34181,0.2877702
81563,0.08867414
111546,0.13197723
3822,0.5088271
107083,0.588381
141114,0.04947672
72336,0.19597346
26331,0.24687819
37145,0.8929505
102689,0.10592735
55366,0.121458896
128669,0.33709496
2257,0.09039655
32733,0.45310268
93940,0.17365453
121059,0.84035736
148641,0.53125817
27970,0.08104856
57103,0.47511566
69644,0.21362275
124905,0.08389689
31964,0.113765806
11886,0.06896083
122043,0.10649476
109140,0.16851436
45620,0.15592076
5169,0.12293185
99303,0.33664152
141776,0.06107072
270,0.057605457
58211,0.08588917
105209,0.13954993
77342,0.9308353
69465,0.37232217
98828,0.09454971
14471,0.0875899
130549,0.15869868
123432,0.30370557
122363,0.39352784
135333,0.5916387
32538,0.22098644
21793,0.28120002
130662,0.49656245
125053,0.18644124
29409,0.14483213
16285,0.66975427
28431,0.055298407
60671,0.42943284
64658,0.5206005
76831,0.5620535
21031,0.06438518
84478,0.8349603
47815,0.04943524
15872,0.049224243
72297,0.11934968
66827,0.7999327
11992,0.1185276
38153,0.13094279
113932,0.1667388
26496,0.07550836
76666,0.80866086
34001,0.15757324
80856,0.2877663
39202,0.40208554
84679,0.07142243
62933,0.2912579
23475,0.5488001
84008,0.19891544
86457,0.14930044
16291,0.7264716
22596,0.11009162
45300,0.12636861
47124,0.065462485
21358,0.23659195
2908,0.2845501
5903,0.584158
30021,0.115581095
3273,0.39695984
58848,0.24242592
100654,0.07040296
62506,0.21570332
119065,0.43237108
126210,0.32537135
77691,0.85879856
147855,0.3564373
123686,0.3769581
31703,0.15041398
7753,0.13705957
23125,0.17831945
148382,0.48246264
129590,0.54103446
92935,0.15151547
99144,0.16014057
2476,0.11284702
9110,0.47929567
21473,0.4587909
115995,0.1480972
20918,0.17952658
62743,0.18985765
121757,0.104289
19913,0.3173485
23440,0.40388137
121494,0.5904306
41325,0.92271024
81582,0.13874702
10028,0.08682433
115634,0.38354614
132910,0.37898067
37096,0.9125569
10286,0.07484528
47822,0.77784336
109743,0.0931233
61181,0.142764
50194,0.1637951
20963,0.29372832
112597,0.04710579
93142,0.38474777
104105,0.579839
81785,0.7035685
49428,0.5174195
57625,0.0519254
10627,0.114140734
83661,0.12494632
112353,0.53734124
48068,0.15107666
42153,0.090803884
66060,0.35408667
106742,0.07072675
682,0.06711116
105690,0.8092709
71256,0.08493548
83632,0.26077977
86459,0.8149526
4594,0.1318214
136163,0.7350734
40626,0.96310645
55959,0.73181665
46486,0.13419048
29071,0.7137189
63067,0.38039654
146733,0.28265285
61188,0.4012196
63577,0.1424383
16126,0.12716775
114813,0.5840487
57432,0.101792455
70721,0.46784893
87092,0.11528813
9412,0.06458862
65764,0.048189826
139309,0.7234455
86021,0.4590051
71942,0.14454366
116289,0.16446525
144240,0.6750737
25122,0.58830935
84829,0.8957886
116421,0.07838084
13821,0.09288436
125997,0.43489528
33653,0.21740653
93799,0.19543053
112771,0.54286313
95099,0.6127274
20549,0.32337368
131470,0.5296539
114068,0.06439346
76150,0.28789848
72179,0.08038462
108490,0.05945991
15951,0.06923214
69551,0.20265253
33209,0.07074864
70758,0.2663467
88026,0.08749213
4031,0.08909817
69623,0.089948
1200,0.05290204
109114,0.69990957
36378,0.91332453
74150,0.22838703
51689,0.18752693
98444,0.17151357
94543,0.45772645
58354,0.120992646
122712,0.18860132
72204,0.11098538
137608,0.8289448
47194,0.6779985
37385,0.84710234
143141,0.21280876
39435,0.62264895
25613,0.4838229
8054,0.30127865
124571,0.22470433
128787,0.1079728
41541,0.1455037
22513,0.31735072
32992,0.44447538
64294,0.078443065
49103,0.22221181
142929,0.12700365
148920,0.082833506
146414,0.9494399
62759,0.94532543
87812,0.7139254
79836,0.5247185
107429,0.20850125
61560,0.289456
61577,0.44597775
80501,0.108078726
94668,0.1870572
143131,0.71625024
83602,0.18140164
95858,0.1783467
40813,0.87931603
9540,0.6950944
57197,0.91267174
141343,0.27821547
97252,0.42992932
121232,0.057854794
131868,0.48303178
91657,0.17210476
11388,0.26605374
65074,0.7507484
8809,0.18417484
2569,0.2699381
20332,0.9617518
17628,0.11110313
74377,0.30666456
68500,0.94667166
78817,0.2211118
50527,0.7092366
55766,0.109989986
130895,0.71672565
123599,0.13638167
105644,0.20073758
122935,0.63453954
35884,0.10626775
56029,0.084887505
71689,0.32879987
82868,0.25294873
23272,0.75275195
147218,0.09024748
111831,0.1952323
17255,0.30635798
123923,0.19408777
1440,0.15977222
98709,0.13932303
3456,0.06996142
109358,0.16547112
13373,0.9590286
104934,0.11226005
149497,0.31090266
91340,0.078809924
96562,0.81297284
122228,0.3749071
25293,0.22784853
97451,0.15111478
42980,0.11138067
40298,0.2595661
85395,0.106275044
32421,0.15826002
28266,0.20130125
51468,0.12735203
137510,0.3203515
75026,0.25206774
18124,0.13591214
39429,0.20074579
54927,0.20482296
144069,0.62552387
52895,0.64892584
32691,0.26547754
66832,0.15005891
135611,0.17217442
131243,0.47499064
86163,0.15422049
118139,0.3442799
68953,0.2529056
139644,0.1301141
99457,0.09260328
87327,0.97258276
81486,0.119452596
781,0.80543905
12072,0.96845454
82498,0.11316173
65220,0.4168406
60726,0.31815556
17773,0.13150904
30458,0.1340517
40010,0.14436121
27282,0.5936399
94932,0.9691845
43296,0.54498124
48848,0.07849698
146302,0.5294886
9759,0.06086823
84962,0.06776598
132293,0.26482412
125802,0.4630597
86239,0.49562266
53795,0.1124689
52112,0.16704147
64432,0.37763375
62109,0.24307878
90241,0.06969257
133653,0.06448548
148490,0.41690138
884,0.08740672
41268,0.10681898
98784,0.0884624
142073,0.72950786
73195,0.6907142
60709,0.59144
76146,0.44277298
109243,0.5062714
63666,0.2324779
25796,0.3854952
105812,0.2144356
112260,0.10395984
18274,0.68522066
141699,0.31581953
15032,0.60355324
121319,0.8727459
83872,0.96623915
21964,0.33725482
31825,0.09557801
88559,0.064112596
122817,0.059615836
125467,0.7489429
80605,0.2046607
114071,0.23409267
140685,0.2427461
47767,0.40293455
82187,0.88300234
25000,0.52683
136645,0.40201294
141092,0.30125204
122354,0.73381376
130886,0.35474372
125392,0.46921206
145680,0.20722993
123271,0.42820206
15329,0.3109777
83674,0.5407939
25471,0.07542991
118519,0.7172027
9169,0.376225
84282,0.17226876
23173,0.2864882
98428,0.9558074
116276,0.3613181
109426,0.3809086
13335,0.4548219
77416,0.21824968
49628,0.12311581
126845,0.2976302
16870,0.7525855
69158,0.12739092
105034,0.11936009
686,0.28602782
89981,0.43662232
30435,0.6082393
24938,0.06736887
23947,0.24990827
142981,0.32413304
45665,0.6160713
142223,0.28512463
105269,0.29557607
35655,0.109029256
122127,0.17594747
128437,0.8567134
81402,0.13033962
44749,0.10423518
74352,0.5648287
10781,0.8123125
34338,0.14273764
53226,0.8413965
3055,0.48968673
30142,0.57438266
81819,0.14029594
57887,0.4959077
142027,0.8796146
67510,0.6927396
69338,0.95531297
16164,0.12930253
78389,0.09846327
102086,0.23598573
98160,0.26215667
73145,0.4355609
5969,0.07614807
113927,0.13778207
121175,0.7321941
138291,0.5865396
125704,0.31334046
127832,0.13335271
30179,0.109170526
44642,0.107849404
73328,0.49791914
63595,0.31986913
143321,0.149581
76793,0.5046521
134275,0.25738162
87374,0.6404269
136565,0.20387664
99526,0.055007778
37977,0.11665304
2134,0.80678225
125010,0.21946962
19192,0.21700694
5895,0.8193154
140470,0.28932512
28643,0.11866727
20828,0.15629934
38212,0.119029164
96146,0.6755727
79066,0.12194355
85870,0.41209415
113109,0.8025735
110125,0.07215606
143750,0.39864588
89748,0.24640691
31880,0.06808686
85845,0.6536936
14578,0.25317913
5702,0.8895538
126772,0.22008333
18276,0.19314218
19000,0.575257
46031,0.39326012
47024,0.19022235
59628,0.55447763
110289,0.17460072
104630,0.13442415
39637,0.26955244
148346,0.09913235
126653,0.12248269
20722,0.055237133
48305,0.16051155
36077,0.17586045
50850,0.50709337
22444,0.4922923
137620,0.59498197
141211,0.35813266
9465,0.35240725
124045,0.09234763
2499,0.030717658
37570,0.5340824
66175,0.78885555
79093,0.7177577
13202,0.9462756
131975,0.4283327
74495,0.6996502
77060,0.27870247
63266,0.70356023
84455,0.08363738
62454,0.06992052
127998,0.85291636
61383,0.34975076
79864,0.13821281
22693,0.115704864
19759,0.3258163
143674,0.47469324
107917,0.6784885
30787,0.112773605
38937,0.41504145
119969,0.42795658
136029,0.55965185
65166,0.057578634
3341,0.6077893
113087,0.12822898
147838,0.100649044
2898,0.114543065
26062,0.9052506
18668,0.22876723
129508,0.24455853
30790,0.42001143
58892,0.3420881
36055,0.72869205
135886,0.12207791
62155,0.4690888
9163,0.5171188
143455,0.54754096
144049,0.6212378
63884,0.21670945
20903,0.15036325
62621,0.6752618
50497,0.9495017
57138,0.5931189
135825,0.1031988
46650,0.47719273
57905,0.32126296
77030,0.581424
46372,0.13223363
113299,0.0741067
102113,0.25014696
73904,0.14316076
24268,0.15289034
25674,0.0957567
108807,0.95099306
42770,0.07202477
1813,0.077541545
72257,0.08405873
44197,0.39740625
33858,0.12738733
138879,0.5637535
130454,0.15800376
38604,0.03253178
9670,0.06668266
142557,0.33676666
134536,0.07432014
22107,0.87197274
129682,0.14205045
46985,0.57884216
24162,0.5630808
58897,0.39559948
100731,0.06412309
99356,0.15940373
784,0.1299981
83125,0.9756284
99062,0.14755745
14173,0.32536215
42920,0.95319164
66481,0.2918015
31197,0.5091238
20951,0.32556328
102294,0.8928707
125488,0.18966965
40416,0.6277069
74323,0.10189864
84481,0.14991327
134400,0.9415741
78198,0.068363525
81346,0.065206096
85164,0.27248412
31097,0.07940885
53212,0.20541687
61809,0.22798704
75054,0.43451354
11183,0.46997645
127422,0.15092108
87808,0.14881076
147102,0.08779942
138133,0.17102416
102812,0.16267681
33467,0.31417832
136202,0.4653848
42636,0.30914617
19789,0.0973023
36685,0.053887617
48983,0.41942292
133493,0.20089541
105384,0.08536915
102025,0.35799003
47488,0.89336586
77161,0.19225372
6566,0.69129306
104112,0.107171364
33011,0.07194225
77876,0.51217383
54520,0.87284464
124444,0.3963273
98846,0.11643266
114544,0.099214695
75998,0.27613798
22373,0.3014806
62995,0.5279055
29667,0.1342463
85492,0.21658896
87983,0.09415811
96150,0.11557569
79115,0.20307942
16503,0.0830342
115421,0.40457842
15671,0.11871235
68926,0.46602714
147139,0.34167403
31669,0.595168
86634,0.18673891
51106,0.13847621
128887,0.13241072
46639,0.11901036
10357,0.46548554
37572,0.22993171
71379,0.048219513
69923,0.42672578
32399,0.12346482
30264,0.110438265
97238,0.09018006
127643,0.3194219
44651,0.8580355
135620,0.082357705
124531,0.32510573
142974,0.41439313
130598,0.65952015
51483,0.09018259
16370,0.35061926
143695,0.24847375
49719,0.90689045
36143,0.080601424
52328,0.10487811
123387,0.48212492
4316,0.6820293
148565,0.06580865
118112,0.96050566
109077,0.17664379
28864,0.89256984
37223,0.20018965
24228,0.8632438
56274,0.097100556
45809,0.45885575
137210,0.08300286
131644,0.04334952
143579,0.7902015
115154,0.3737595
82114,0.33013353
136282,0.9646326
39615,0.055896413
139967,0.53359544
134830,0.8635456
102672,0.42378503
94565,0.10364929
6350,0.784645
106150,0.3770773
80170,0.22485298
65168,0.7061711
47519,0.045711383
26350,0.11601853
139998,0.25590238
28100,0.12210192
1297,0.9022531
26958,0.28326744
42022,0.22161953
79396,0.16852878
62447,0.4085848
144821,0.80830777
36484,0.09546901
71193,0.099502064
35923,0.6752188
35044,0.1878173
106995,0.105759166
99267,0.07337015
13184,0.11389914
3621,0.060483623
74201,0.4012088
134002,0.09753718
10561,0.14997375
36813,0.2746338
112726,0.19413695
114357,0.36477828
95539,0.73691106
8681,0.23240004
16760,0.5068344
38878,0.35044348
114697,0.113618225
9608,0.92620695
102379,0.32808718
51472,0.34691435
48170,0.40858555
35013,0.27648106
44767,0.08306943
72721,0.36208147
143987,0.2604607
32960,0.44939584
33285,0.17723262
101133,0.23097987
70605,0.10132962
77776,0.2248332
111963,0.32292873
11528,0.7001896
74807,0.17039812
56746,0.24703805
73030,0.08530441
121515,0.29389432
35441,0.06076854
104608,0.5185694
142779,0.14860293
68594,0.23308027
96232,0.07928616
14327,0.060451694
38370,0.07899672
53387,0.6985026
77188,0.38170525
67051,0.5555457
102670,0.06991874
14544,0.14768268
40922,0.13186218
8268,0.2717736
132824,0.12911241
29847,0.046786856
33069,0.30992174
71713,0.6161598
55293,0.09073887
90838,0.76946604
80429,0.42237204
22979,0.45282856
82725,0.1663674
52253,0.87825346
132384,0.1510774
77417,0.48960292
5894,0.34175208
57451,0.3238079
125659,0.26784047
113750,0.15852743
18269,0.08549051
115201,0.05918558
92516,0.19865751
81742,0.16690226
52996,0.3381285
109435,0.054503128
123016,0.122707546
38473,0.27048576
113038,0.07590231
102205,0.22949229
123736,0.15766148
143555,0.22193766
144997,0.7613136
14041,0.21438599
19977,0.14449133
96380,0.12316789
87029,0.7023968
90636,0.035296984
133164,0.30643955
25711,0.6539262
114393,0.22475505
57735,0.29684004
93473,0.5649027
27717,0.7670749
113518,0.13889334
45577,0.10720796
143784,0.2036094
78324,0.16832533
19836,0.14259666
124846,0.79285824
39597,0.102846
3059,0.93560916
132217,0.07627948
50388,0.13689426
74437,0.37608522
54183,0.21047036
15729,0.27532423
92527,0.06646087
119111,0.07036838
60880,0.22490521
61356,0.06413456
63322,0.11393815
75145,0.3023307
140572,0.40641496
139366,0.32865918
18658,0.117247716
111322,0.6392385
141297,0.100182965
61150,0.28778005
13388,0.155653
78729,0.6411333
132118,0.1992979
56189,0.10809782
91234,0.83971477
51564,0.15444545
85267,0.20688257
136471,0.28904298
76616,0.9140609
23156,0.6213694
9627,0.90765613
106858,0.82627213
133404,0.11607222
81722,0.023261592
113463,0.067039125
99327,0.25936645
127195,0.39941198
49490,0.14474486
8367,0.717209
130447,0.7531824
88604,0.35000834
87695,0.123406105
43358,0.44865662
126206,0.48050082
142818,0.13202626
79538,0.14375213
62993,0.09571634
134087,0.21029472
110331,0.95194364
122954,0.16628735
4548,0.5783269
20919,0.12556697
103079,0.171811
15497,0.14277352
41372,0.6994923
24329,0.44410768
122730,0.2116035
87180,0.66157323
5391,0.54267496
89402,0.0774539
68023,0.9310557
128112,0.30113903
67746,0.8684361
71715,0.88346946
10366,0.112429805
46800,0.2896316
128184,0.6962143
102781,0.12568596
129895,0.3045792
57633,0.67662907
15779,0.08537038
88174,0.12443607
81980,0.46221286
81886,0.48567277
147584,0.2325323
11530,0.5231465
60561,0.13375632
28227,0.27736565
35977,0.5915069
12632,0.16825512
78330,0.06445361
142987,0.49807954
110147,0.06315494
59070,0.028304577
52845,0.17676954
13575,0.5922818
131657,0.059481308
35134,0.2757768
55426,0.36329594
68392,0.49261054
94152,0.61454445
60843,0.44226742
67793,0.2955974
144491,0.6862416
96530,0.424556
51185,0.085179925
2477,0.88997895
75439,0.46465474
74785,0.29502153
32124,0.42963552
138280,0.28521118
136302,0.64600474
73274,0.12431096
2958,0.51594937
148646,0.49171853
63620,0.18847719
43828,0.075894155
1559,0.08707749
133375,0.17425631
95728,0.20557992
50178,0.063516915
141803,0.16458288
59428,0.1925296
38681,0.3583446
77788,0.21476325
109339,0.49671426
14890,0.49922585
16846,0.17109947
20310,0.2635775
73931,0.88282764
102156,0.06746331
34119,0.100017615
111183,0.11884253
35277,0.55746216
67281,0.2384014
52699,0.045225415
70939,0.5958982
25822,0.41994426
95102,0.27444056
33995,0.9687834
113363,0.49980778
100182,0.31072953
9224,0.29066676
79855,0.1276642
49260,0.59948105
98111,0.2967604
144753,0.1794434
31042,0.738599
100311,0.6898533
76093,0.78653365
66615,0.86076564
142427,0.25250927
48056,0.80602247
64674,0.5410342
35841,0.20338337
47949,0.17785981
85062,0.94061923
138614,0.21504657
104054,0.09737848
88632,0.5047509
53465,0.9368689
45903,0.094913945
101411,0.05587231
33100,0.2330303
61542,0.023315579
120531,0.09612463
144537,0.27867416
50838,0.9438781
106107,0.3100038
149369,0.92445314
114769,0.3864351
145577,0.5115855
29374,0.18537253
138819,0.4326228
25230,0.115516074
45345,0.19990833
94014,0.07716743
78881,0.603477
14075,0.6701615
11555,0.71454
5033,0.15719515
46050,0.13161768
52107,0.49122587
121559,0.3177219
96231,0.23206589
57805,0.045006
23159,0.07126649
113312,0.5477386
91823,0.6135086
59247,0.538464
49106,0.094685465
10259,0.021400128
82183,0.13087888
89322,0.110024296
41988,0.20556831
73124,0.67163587
32230,0.06814755
14949,0.55958223
119003,0.0806719
127124,0.065828435
3991,0.05387815
83887,0.6671711
22357,0.2118103
39938,0.08176677
98648,0.30674583
106019,0.10874355
125780,0.3476084
113689,0.103771105
96013,0.31059176
51240,0.18070254
118129,0.07895624
5287,0.8256424
9469,0.099509135
108593,0.29358587
58538,0.28874838
126559,0.30418
128880,0.053059418
89786,0.09370451
69868,0.0830374
92968,0.9102885
137661,0.08989212
18801,0.113140136
33803,0.1327891
128776,0.30551466
112030,0.094711505
48336,0.2077777
67227,0.58933043
57697,0.20007782
49680,0.676977
125712,0.12213268
82463,0.503572
106202,0.3175138
90731,0.04083242
130533,0.9371472
89070,0.0749033
44676,0.14809684
16139,0.8029448
65346,0.13463351
83885,0.09521811
126657,0.32294115
36045,0.07847977
38595,0.18569976
47420,0.5351826
57675,0.11409349
132234,0.4188348
108390,0.3183558
74791,0.08947527
25359,0.7938934
61339,0.15332875
145522,0.20962724
54009,0.07599304
86331,0.2045104
51660,0.866819
115864,0.13142121
111545,0.6601069
107341,0.18125057
138299,0.64654726
140331,0.43911108
26397,0.10929802
25630,0.08542123
6443,0.18495801
128615,0.14296061
5072,0.1697975
115460,0.099394225
28637,0.45256093
116044,0.18229267
81933,0.3792077
107559,0.30628493
46049,0.83685946
4053,0.17521179
138007,0.083120674
60208,0.39797434
62770,0.05699243
97942,0.55871683
23491,0.5847691
67851,0.17623124
118182,0.89361566
34066,0.15400381
129088,0.03936519
79490,0.96425295
77761,0.046084676
18618,0.39956042
146869,0.6602192
135873,0.14626367
91593,0.60182583
9106,0.32400557
101672,0.053793453
70368,0.12790363
137569,0.15645455
18140,0.110269554
93741,0.5490804
114523,0.23501801
115406,0.17410354
44889,0.16146043
106629,0.62430644
122024,0.77407193
8240,0.08594784
75077,0.45923018
139455,0.34634158
60751,0.22478396
55322,0.95778275
42892,0.3197012
39877,0.85129535
29385,0.07107718
69319,0.24344233
113474,0.104195364
135876,0.07058995
59408,0.12536189
18767,0.1671581
70986,0.43959913
130026,0.069864415
32502,0.075829424
72894,0.2558347
6659,0.7294456
72749,0.13678537
30962,0.4748178
5251,0.82665163
51779,0.32731885
20750,0.44711637
82570,0.08519692
136036,0.15646257
66087,0.18814996
126131,0.14259915
131394,0.058133524
6974,0.354492
108951,0.18797098
2377,0.26641303
148247,0.089029156
87966,0.11956888
119178,0.70193046
112021,0.34644637
82072,0.34983844
96519,0.21242093
65894,0.643436
116351,0.054542582
84479,0.05248817
45307,0.3323241
62418,0.100015424
90780,0.3347473
12214,0.19969748
117936,0.61819834
140968,0.10673461
39455,0.055071667
100059,0.3225069
7470,0.121887505
92225,0.39491615
141605,0.07623715
138755,0.1229749
39920,0.14348201
17088,0.08771148
30612,0.86181223
57220,0.14186876
13437,0.27988848
58766,0.24597727
48375,0.534375
140491,0.14093538
21947,0.13290845
48681,0.18840298
137774,0.07876299
56428,0.111205876
16690,0.32934693
75748,0.12277321
127252,0.26469296
106848,0.20369853
132976,0.17274547
92999,0.4430055
147292,0.70716995
105410,0.78063345
5222,0.53390616
145243,0.25324118
39323,0.10948505
7781,0.64988196
116808,0.17609902
102356,0.12133163
128619,0.14062092
62170,0.12847213
14508,0.82791847
147081,0.59308004
94065,0.06696386
23879,0.36130908
49044,0.6465207
120689,0.121551394
71342,0.8168449
10925,0.16898078
59448,0.06143337
137328,0.1590666
101976,0.18738198
149906,0.05052946
32469,0.107513405
60453,0.95384914
98599,0.15105353
129567,0.48798406
105368,0.37884498
35698,0.35531333
70837,0.24601674
10843,0.12802038
9823,0.54408467
136520,0.64688194
85387,0.7123907
60425,0.117418855
83996,0.06904289
72794,0.2600145
58673,0.85264087
1243,0.083280616
111562,0.6584434
1247,0.43985692
54930,0.06489272
67346,0.17054719
138259,0.13593774
7433,0.20026353
118305,0.24266711
129326,0.4643991
55955,0.124707505
47960,0.17797674
79749,0.23046364
38295,0.4611398
2012,0.21852632
42246,0.8390201
47832,0.38213265
79336,0.25289515
30699,0.42305508
132703,0.09655617
93896,0.38066098
532,0.09010476
120552,0.42897755
97941,0.11594121
54336,0.103482716
37498,0.113558374
115156,0.11517832
74424,0.96087295
38051,0.0721522
63753,0.3739284
8194,0.5947978
123056,0.34198618
112165,0.37379467
126948,0.10728558
94200,0.9455128
42807,0.530762
132095,0.17159368
25707,0.42489326
116604,0.15043786
100761,0.91980493
41880,0.11949226
28123,0.18654628
103971,0.14862908
32225,0.08559874
121160,0.17369343
132073,0.93526125
73839,0.11995587
26255,0.47996098
40947,0.06306375
67623,0.15072654
70016,0.18751943
134870,0.22589609
9562,0.8556603
75917,0.780988
63167,0.13571784
67939,0.07785114
114573,0.2828405
11574,0.27479818
98165,0.67306286
52361,0.087966055
10917,0.10563267
85832,0.05512772
111440,0.4497271
61714,0.56032246
98865,0.19694984
56753,0.3304792
88535,0.82370657
1648,0.2264475
149381,0.41417286
25142,0.09554217
11797,0.17767105
1590,0.43875712
115395,0.5841631
39222,0.078640565
7542,0.9106346
97529,0.45897555
57439,0.60051763
10662,0.21327731
13969,0.82044435
35305,0.90871
39025,0.09010353
73167,0.2822653
69602,0.9306163
24586,0.09661536
117302,0.83648837
57172,0.1330018
36028,0.17825122
2411,0.8842363
63151,0.058185097
2322,0.19329257
43449,0.14324418
40191,0.06730368
87539,0.28614917
87901,0.61060804
74110,0.12774014
46935,0.25407296
61392,0.14853922
46906,0.25090802
54687,0.054546025
98614,0.32547805
61161,0.17158435
143270,0.06907036
49566,0.9536444
136344,0.7279774
142677,0.5077252
71178,0.12830172
27859,0.5349247
118512,0.32758176
69236,0.5094742
106623,0.91847974
3954,0.34719467
114575,0.52125
63805,0.55808187
53815,0.10298698
132638,0.17978999
75737,0.9760391
97698,0.19448385
133949,0.1646876
96916,0.11843539
93795,0.28140634
34223,0.5097995
15435,0.47151285
126778,0.1769158
41529,0.16690212
85868,0.8743466
13757,0.08395084
106070,0.40755948
40239,0.8121165
122782,0.03338826
135693,0.06581805
4975,0.30067718
24862,0.45902753
102544,0.51234573
83474,0.585762
12322,0.3015123
82030,0.17275725
147490,0.861112
49629,0.18558323
79497,0.2814666
97814,0.3056037
106021,0.5652796
38591,0.42862552
35972,0.1073078
133880,0.5551094
23892,0.42560846
122873,0.3608659
14689,0.074176125
38352,0.09067424
120995,0.38044125
149749,0.19486962
106251,0.055124167
144783,0.54177344
80512,0.550406
84645,0.4484322
141268,0.1519456
6733,0.05219184
6867,0.08665886
101239,0.48423365
111271,0.1558452
1700,0.23326321
33706,0.13190702
58733,0.09308834
118275,0.07727599
4805,0.3030463
145379,0.6265065
112383,0.22015153
21777,0.28983396
139568,0.5762045
68024,0.09930603
17502,0.09560629
110667,0.5364424
50908,0.17815255
72712,0.5119096
453,0.3096665
67570,0.12404616
20050,0.091593824
124245,0.10613258
71166,0.15357643
12021,0.44975147
37047,0.11917267
3764,0.41017276
134867,0.0893476
132407,0.1709779
146927,0.081520565
19150,0.19108729
29843,0.03995454
1541,0.194822
81231,0.56005174
113909,0.80173784
96004,0.95929974
66902,0.7280825
71084,0.19721389
100685,0.48464298
90148,0.21565934
91795,0.3402721
53748,0.16873479
22053,0.45855665
74466,0.48024744
32797,0.58375853
95660,0.6530613
63681,0.105144836
145008,0.13662459
115426,0.41196728
75041,0.18354322
25749,0.059833795
57687,0.6380727
141490,0.18724188
36304,0.31154543
122427,0.103371866
38774,0.13685077
90178,0.581445
133348,0.63397837
98022,0.09845076
92952,0.085064225
76803,0.8929729
142819,0.72921044
70188,0.5854759
37210,0.29619476
54766,0.35576627
92739,0.17949675
134479,0.13552563
134058,0.6182981
110654,0.21492635
132069,0.541255
115802,0.099603154
26842,0.09565928
50227,0.8448356
118779,0.9162312
22527,0.06656634
68902,0.1591302
14055,0.07891731
5897,0.13937932
85088,0.13546662
95643,0.9436363
83779,0.053715453
59494,0.08553649
33355,0.06413464
30580,0.30739218
118578,0.18251571
143166,0.11561204
32942,0.6953063
96227,0.3804019
13304,0.117990114
106772,0.8150116
106140,0.3869142
59106,0.2804291
25487,0.32426086
139844,0.42412367
145984,0.12880504
70980,0.061966613
136832,0.23720978
116586,0.8790357
6109,0.107406795
112386,0.1827092
148357,0.10234085
105548,0.92526674
119186,0.046567693
54907,0.10035662
60125,0.15911016
134688,0.2534956
43724,0.25402004
11413,0.17284977
50864,0.33552295
68221,0.5567887
68660,0.1927053
130557,0.10000206
85973,0.06816898
73958,0.32745796
88671,0.4942594
115055,0.47756147
14976,0.33544156
725,0.23911732
18748,0.8472018
4549,0.21799953
86993,0.054003976
17311,0.17069288
19563,0.14950134
95542,0.19183241
139321,0.100013755
47649,0.24615407
78702,0.06445817
117618,0.09770311
133077,0.124672644
1027,0.10862629
373,0.06576843
119850,0.21294619
122165,0.24972767
26077,0.51504636
47732,0.50356585
90124,0.57849145
91571,0.23239562
117598,0.46650925
82076,0.07376389
4678,0.9277828
111262,0.40121838
16053,0.65123326
25281,0.12948881
41613,0.13487954
5325,0.47150576
55226,0.05732792
10356,0.20816132
43168,0.067998104
13625,0.46155536
93066,0.6012233
89469,0.05935197
45844,0.29195672
121729,0.21216743
128164,0.5886774
111171,0.31047606
35237,0.08407988
34909,0.15509862
50785,0.24129146
5048,0.10053215
142988,0.122347504
26791,0.06879674
72241,0.048212904
65551,0.2274005
109856,0.18709707
141226,0.24252073
15740,0.6120867
111434,0.28740847
149941,0.55544704
131480,0.08779728
9910,0.3487758
105499,0.62523055
52116,0.2031561
19290,0.14205873
36859,0.048942972
33370,0.7985754
7528,0.9282076
68266,0.24352539
89610,0.24619551
82094,0.13945897
112042,0.18407878
40839,0.08244925
34609,0.3947404
2704,0.91960245
9114,0.045926496
148925,0.033991046
75321,0.1530508
113609,0.14454825
82554,0.4945236
89071,0.6667328
142586,0.3523509
3761,0.17655914
113822,0.20642357
43082,0.27346444
144751,0.2115998
114747,0.07597737
29470,0.9612354
132705,0.14709608
96077,0.08848547
146991,0.58186775
51436,0.45878005
76452,0.77621216
100145,0.05500453
66372,0.12386884
124049,0.07392354
127318,0.07351926
8957,0.6388496
5771,0.12204068
1595,0.09977573
4568,0.08448291
122937,0.070678994
2420,0.12675615
134783,0.063954376
13751,0.7917659
55570,0.16669087
114255,0.13848451
28370,0.13811913
31778,0.27190182
16338,0.12012783
140949,0.311467
128690,0.6745334
85262,0.12659755
21065,0.106025256
124930,0.101558894
89022,0.18956909
47040,0.22934605
30034,0.9390653
143884,0.094715334
63267,0.14614992
56000,0.07462814
14874,0.3157436
103152,0.10912666
54453,0.108522885
80987,0.20831536
47970,0.07921059
70839,0.15915006
96701,0.29946578
87106,0.07907113
15702,0.47948137
64088,0.8797383
61498,0.20303561
5810,0.20327897
111137,0.16529404
7630,0.8949284
133942,0.09961586
63189,0.16930182
44427,0.6388333
124589,0.060752746
98050,0.056811776
60311,0.33883885
57279,0.294527
10441,0.08540812
59470,0.48389766
17989,0.6212461
39191,0.038494807
61812,0.9756783
84471,0.113439195
96669,0.16284639
115311,0.16143537
110830,0.062015284
107855,0.19746484
5472,0.6696699
120950,0.7479594
30386,0.23445237
83651,0.1224479
65342,0.939477
114909,0.19270481
122350,0.31478295
45880,0.6182557
49939,0.33941096
106872,0.919381
17286,0.16950485
2917,0.5933265
86100,0.31900558
110363,0.16342711
32226,0.2700772
116702,0.10254113
12936,0.07709549
38421,0.14735664
22212,0.7842312
147497,0.568316
105339,0.06913102
51646,0.063766345
46621,0.35070089
79690,0.34402952
931,0.113245174
70134,0.09991058
57535,0.10292649
112461,0.15483569
26749,0.09222679
16240,0.57422674
21324,0.16405372
117198,0.7486697
28120,0.27662876
52824,0.12285681
106423,0.6921381
125165,0.25129184
79984,0.47452155
64825,0.12159306
1644,0.46535358
149012,0.19914418
132901,0.20327787
93252,0.87262946
99559,0.23148921
66281,0.2476763
93333,0.6068007
8999,0.13157803
24609,0.08015874
93924,0.20843077
34468,0.11384486
103871,0.46198648
113002,0.2837754
26556,0.10493946
110809,0.5316082
85425,0.4093909
85734,0.14163856
125692,0.08331128
113825,0.16867112
26208,0.8492544
45073,0.31612366
93652,0.1507759
90041,0.3027247
119904,0.66718197
46779,0.48999062
56319,0.6262966
123492,0.13363416
2294,0.5071854
134075,0.18244086
52987,0.079883315
101147,0.24029043
110236,0.24823423
43836,0.16210921
68987,0.17318623
64863,0.56591374
146923,0.5747034
43276,0.08329367
64155,0.9601035
95253,0.939297
71659,0.5953519
97361,0.39744192
95327,0.097667485
141254,0.59111404
73564,0.80331117
447,0.21940379
84786,0.14216338
31492,0.1519067
83705,0.13008316
143631,0.12991147
53529,0.9064542
45333,0.5854863
127651,0.18845597
121278,0.23722844
94283,0.37004638
20515,0.27544373
33213,0.24093664
47010,0.040348433
101921,0.10138985
111249,0.086541854
29633,0.16654785
102333,0.21912174
109700,0.10847121
30524,0.08318815
40538,0.08828301
116693,0.23743632
3227,0.28007355
84648,0.104423806
66039,0.46071944
20707,0.058413535
21933,0.2612288
78350,0.19232537
21741,0.16859637
14506,0.04677433
31866,0.09505572
39990,0.057855647
55057,0.05954125
105468,0.957277
141827,0.19060631
80491,0.730047
102070,0.921716
148828,0.13660069
139569,0.20471174
14253,0.10944275
19326,0.6063359
48144,0.43847942
99851,0.65505636
36454,0.22220945
122625,0.074494176
83158,0.10004605
74825,0.1083447
15202,0.17786886
4673,0.21380933
127396,0.514352
51771,0.06498568
124205,0.29150286
46755,0.70967656
111297,0.15593572
92164,0.8722127
99822,0.09229527
41913,0.1882414
124126,0.19665709
20912,0.0765275
126771,0.457494
19721,0.2163763
9860,0.5253354
139794,0.544342
31177,0.66288865
64118,0.89612967
137937,0.10438133
91177,0.47655645
82306,0.39229116
141374,0.048950087
75467,0.87276167
50021,0.32311642
45916,0.08717794
29394,0.09612189
125184,0.054856267
28463,0.19890516
146728,0.19874293
139968,0.11604784
114382,0.050949432
79142,0.29453158
139269,0.77902794
97813,0.91736186
14309,0.2575368
91456,0.9797243
30797,0.08763598
71265,0.0789818
129249,0.22697178
80483,0.43475598
147794,0.1118993
70861,0.49538133
27913,0.92116576
22590,0.07629995
104226,0.16495544
142491,0.12571405
11729,0.6041406
13074,0.13569425
132330,0.13477553
74704,0.59075207
108227,0.73380256
76559,0.13314044
86838,0.1332875
92021,0.2270244
38385,0.44564596
4410,0.13734049
120717,0.48568147
32496,0.11668111
77803,0.2303326
110737,0.4030787
13028,0.67774224
8375,0.115260415
57617,0.15521066
49685,0.3973572
17290,0.15544343
38073,0.7884787
103411,0.53818715
135644,0.08187413
63601,0.11231445
16194,0.13241309
12581,0.12350722
16314,0.576733
97966,0.21802124
31934,0.80149984
35593,0.3263413
14806,0.24190189
40616,0.1166976
49953,0.28895777
79361,0.68970263
99362,0.24302731
115260,0.082612395
94948,0.1650626
65254,0.13283503
12013,0.12154153
140120,0.117198996
36918,0.057440087
55384,0.45471886
115747,0.38452932
78050,0.1185115
60103,0.46032777
8124,0.07286209
28069,0.26961577
49478,0.5394868
72401,0.22516726
14821,0.12872024
54502,0.4968124
130470,0.15508246
133211,0.3204871
36067,0.19762953
45114,0.43139377
108549,0.21911588
18169,0.9825454
120392,0.17674883
111421,0.11546475
103540,0.25753307
134157,0.064072
34418,0.12742066
33683,0.4263401
105397,0.66116136
18706,0.5380515
31220,0.18063387
94360,0.38179177
140050,0.6483958
18592,0.47914308
33571,0.08974202
57858,0.7539763
101623,0.6934521
48958,0.07916719
101515,0.07065671
5964,0.11694383
56406,0.13355915
83824,0.46248192
13002,0.09689381
65361,0.12285344
73432,0.29737556
13884,0.13985886
103044,0.5980793
105999,0.2417561
139314,0.057440087
3578,0.106559664
139060,0.21672566
138034,0.08589557
2578,0.90140194
46598,0.15318784
76471,0.12020628
107673,0.0648828
102422,0.4177474
74326,0.7936278
95014,0.5454887
28162,0.7788893
45098,0.60209477
54093,0.54274344
44487,0.70331764
11702,0.07563628
115560,0.22773501
70307,0.20547414
27762,0.38016075
125849,0.8040614
7559,0.063790806
19144,0.97626716
84710,0.048873812
29333,0.5255638
84945,0.077186346
58748,0.65173393
52321,0.9316724
78105,0.2764843
70990,0.42707616
130066,0.07610892
6634,0.18317306
90593,0.19412325
84361,0.50175023
62944,0.4286764
149173,0.25644308
23513,0.8908228
26221,0.96421736
4956,0.28673944
13998,0.5329162
99665,0.46969584
70104,0.6439216
144498,0.1695463
8389,0.48463273
41107,0.5934629
89563,0.5578986
75810,0.1280532
101962,0.5859097
106394,0.17975453
89170,0.93226284
137019,0.608662
98836,0.06488628
102450,0.23427607
30174,0.6638564
129927,0.21869163
140118,0.24307884
84646,0.1681169
52597,0.1023012
102498,0.10349869
127736,0.798049
101422,0.47541195
46752,0.07025425
125357,0.22350311
120422,0.3522189
3011,0.8328717
25731,0.6013351
24237,0.17684689
111776,0.09746835
107382,0.46212015
50701,0.07758254
135674,0.090520434
30826,0.39270863
94713,0.5234096
93396,0.34236526
33940,0.32045043
142424,0.13055313
101984,0.54939675
56082,0.06299004
96354,0.56599987
23035,0.28654608
45030,0.10616187
120349,0.2650236
33329,0.44515586
47149,0.43906623
88291,0.05401009
127152,0.07047619
131516,0.055227503
147878,0.24380802
76450,0.38518754
100802,0.19302124
75940,0.39178526
47272,0.14352319
65141,0.2654879
100332,0.12379166
2410,0.33660567
69753,0.7843993
144315,0.08677817
139607,0.09047847
105980,0.50119734
15752,0.29522726
26859,0.694062
86477,0.1630179
57634,0.15853672
39744,0.9047493
116830,0.39771545
142234,0.34517685
84305,0.06265212
48484,0.13216554
33253,0.64766294
118774,0.041813813
35783,0.2792742
21097,0.26024058
64997,0.23334847
93088,0.10549267
113559,0.8916747
109486,0.208137
25999,0.10002954
110129,0.15289879
76615,0.78193617
97092,0.3131136
47254,0.12454189
143480,0.05811082
68303,0.16250029
36495,0.7343937
16459,0.09153709
148926,0.15631542
127853,0.059652586
16437,0.082941525
49180,0.40799603
95898,0.066234194
62950,0.45369932
140523,0.113889515
137953,0.24202193
1079,0.2669009
54258,0.055242732
110212,0.31443864
87944,0.06022785
108788,0.84608525
10691,0.8667418
81948,0.1460962
32083,0.07055772
136170,0.093920626
114404,0.10521419
47067,0.8101828
37067,0.2245589
54483,0.8030866
91565,0.15375845
88074,0.14246346
48173,0.10748534
140325,0.1227411
121449,0.6626521
81846,0.8240602
112279,0.1715302
106171,0.3172195
21068,0.40270957
78097,0.11153037
102062,0.30254325
29292,0.25273058
2665,0.40490782
100476,0.2219147
123952,0.5435145
3879,0.18986544
89924,0.5034403
142972,0.18037355
132656,0.10049478
96831,0.14550683
32941,0.54357266
95029,0.3873155
98225,0.26245058
115871,0.881485
16044,0.93993425
21900,0.63684046
7756,0.41300735
30406,0.14625113
86346,0.095607735
33138,0.3567185
30441,0.06504942
11720,0.52464265
104428,0.2623173
121897,0.39280266
143603,0.11238589
6262,0.12859024
83552,0.13684154
13081,0.12555884
13841,0.12312414
57429,0.88888603
61243,0.77536094
140288,0.471987
282,0.77124935
105059,0.09990541
133440,0.3875285
41416,0.92797846
107096,0.9502436
1269,0.060784478
75434,0.22761214
29428,0.4932877
78580,0.11731345
38713,0.21089187
124577,0.9073073
16711,0.12846452
65059,0.11176308
27120,0.41829357
109502,0.106030434
110651,0.1133908
47396,0.22739042
73575,0.63425547
58219,0.403827
26748,0.08007192
116999,0.21206033
84724,0.30562696
106892,0.06803198
53021,0.32909167
104945,0.12920238
145653,0.9262322
129086,0.1194985
69225,0.3155704
92299,0.06388062
81970,0.22272743
52695,0.08551236
21537,0.59493595
40700,0.07923726
49299,0.6936706
28785,0.16611964
16513,0.064047396
77185,0.073075734
122748,0.08154489
108300,0.61400676
41030,0.14708893
63020,0.12390724
144119,0.1345425
40213,0.93206954
91768,0.46189693
25232,0.5435203
73214,0.94897515
3947,0.709468
117601,0.101150446
46120,0.17126952
6589,0.16456957
134884,0.97165626
76286,0.06820278
62571,0.2519745
31946,0.08339221
251,0.13480665
54389,0.058826473
145361,0.09368666
132031,0.09074646
85107,0.33722916
56176,0.6045005
114755,0.08970574
134497,0.19207214
135948,0.5463163
113902,0.1427812
7181,0.7422305
131817,0.1183681
17113,0.13205077
77517,0.077055395
64910,0.19252354
9781,0.099228084
135042,0.109551944
103589,0.35750782
4545,0.51221263
29466,0.3210618
125209,0.9513806
33455,0.27135673
135246,0.08725601
139088,0.39825007
37506,0.17049466
8370,0.30579403
116618,0.7856579
110370,0.09837808
115217,0.14397469
39901,0.09402951
125521,0.5590383
145671,0.6378447
81240,0.20639491
53866,0.6522328
141223,0.41139668
86513,0.0765596
89867,0.23247829
88010,0.7800116
124365,0.14874779
64038,0.06474106
99874,0.51938
81988,0.08772395
75978,0.52999145
101631,0.39832357
102702,0.7561019
81351,0.49615788
51971,0.0556012
122617,0.30697408
148266,0.2849561
149128,0.1836712
46248,0.059475254
82050,0.44443575
109059,0.14174962
133627,0.51090175
104055,0.22089136
4243,0.12574975
77665,0.12124074
64850,0.7312094
23542,0.38758695
110127,0.18446054
11507,0.9478638
92279,0.54361826
92605,0.061708033
59828,0.21138586
147475,0.074229375
89424,0.071504824
145069,0.52748024
125667,0.08002157
5918,0.2350525
18852,0.16226166
97748,0.3546666
25726,0.20906807
137947,0.0847142
20989,0.068398066
12591,0.4929096
19825,0.060844846
143927,0.6237125
96835,0.2561774
115610,0.06973783
4380,0.1116156
140007,0.39316103
142540,0.2626466
117369,0.07796854
27766,0.08466685
113515,0.12130349
65553,0.3967807
82534,0.068482965
140295,0.2536927
88666,0.21159498
23183,0.16328835
91499,0.29669288
65683,0.063199
125684,0.15532976
22360,0.1783907
86476,0.3472097
96409,0.20760642
143404,0.8845679
18316,0.14618602
8171,0.11578852
37158,0.4562967
24794,0.41351992
23274,0.6761353
125199,0.47466272
122897,0.08239781
133350,0.1489273
106257,0.3045985
92334,0.057371844
86612,0.08902492
131462,0.17693564
117986,0.19584993
84892,0.1481418
18817,0.5361837
82125,0.10760928
95817,0.12938145
95430,0.088209234
93768,0.9193237
25450,0.25242308
88722,0.31511986
130003,0.18513606
80624,0.25119644
21865,0.15525854
5863,0.6605017
60770,0.3113961
94381,0.8398659
39464,0.6120447
96922,0.57467103
141188,0.6169742
43491,0.17823435
129260,0.15773368
89269,0.5116884
6400,0.7320656
147308,0.65180147
41053,0.54686356
85344,0.051800046
26542,0.64983606
135089,0.22112997
124754,0.37612903
16135,0.25263083
114057,0.12846863
93221,0.09654304
144710,0.24543057
44771,0.058275383
94956,0.27978802
143583,0.5282405
34207,0.1600475
62758,0.6404881
113278,0.18573588
103336,0.16957878
31647,0.87335044
56413,0.14652346
105466,0.63309973
4926,0.13154852
61284,0.45833713
15693,0.4667045
102452,0.110250674
99116,0.14906788
56809,0.6802069
24847,0.1140819
36856,0.07922227
18428,0.07387124
148056,0.112894125
46545,0.10558508
43267,0.18182915
8624,0.18682641
53986,0.64254975
119341,0.17017956
20498,0.78247184
3470,0.19236821
58341,0.2407516
28285,0.06050019
116431,0.115933225
83606,0.080910444
92773,0.56742054
35461,0.9370909
19592,0.11674297
76270,0.33754447
102087,0.28050342
43524,0.09927868
35502,0.08027679
117254,0.26747042
128378,0.10911871
18937,0.056747567
49764,0.958774
146732,0.16525464
1456,0.48451564
3371,0.5468418
4420,0.10271117
115280,0.054640915
9095,0.23332779
114470,0.7322604
52637,0.09761768
78033,0.17817579
53702,0.04953784
138231,0.08186692
126971,0.11314573
25852,0.4314152
119481,0.10026064
58605,0.5498066
145324,0.15510829
146730,0.28023943
30316,0.119256675
120310,0.5852781
118278,0.68718094
130909,0.83136505
110961,0.14137049
148141,0.062502526
73641,0.32578167
101953,0.16500066
35840,0.17836829
142964,0.21716276
96531,0.29006863
127499,0.07180592
14341,0.9707489
31632,0.1260911
37604,0.10144777
13356,0.13601491
56526,0.10822634
105315,0.122344755
98605,0.7142045
82833,0.66554767
140688,0.16029865
77569,0.8734878
16962,0.124879286
111956,0.1050189
75146,0.15666796
28953,0.84868836
143393,0.16872619
48933,0.08642971
108051,0.5519495
29204,0.07826406
84705,0.09427631
78172,0.4425462
146506,0.26643077
125652,0.07333267
71353,0.068081535
44360,0.78401166
95600,0.4358504
60368,0.4794834
126571,0.15673012
18620,0.13873437
121413,0.6503456
49412,0.42616722
114158,0.1718905
136423,0.50126976
134921,0.085819654
109599,0.09362195
138020,0.6746892
45799,0.15296358
74774,0.10759854
12044,0.042280737
28401,0.1490956
114133,0.27799672
124859,0.1128509
95599,0.15092593
92635,0.092627145
147227,0.62705207
104094,0.14555041
71841,0.19200395
99504,0.31029925
124902,0.068304874
53071,0.25564882
134714,0.3299639
127782,0.11604084
93047,0.16343033
17956,0.07375449
114166,0.15714078
86479,0.13834938
13120,0.23219407
463,0.905403
31350,0.95652395
38503,0.14192602
25727,0.6026175
132944,0.19051528
18641,0.8769852
79015,0.092264034
113506,0.3671707
26644,0.08109352
137366,0.91907024
149592,0.08116943
58747,0.06558308
34265,0.083358794
78308,0.1390027
42402,0.117192246
74172,0.26972187
41097,0.69959
48272,0.079210095
87613,0.8401314
95671,0.15186028
53892,0.13437794
64700,0.44520417
951,0.11586392
78633,0.2568584
41156,0.2367092
30305,0.21175675
99271,0.2688466
51815,0.20105438
22835,0.19221415
144479,0.9412541
13946,0.073427185
146985,0.36286604
149697,0.08759103
111708,0.16654608
87899,0.36801478
93945,0.122742996
131722,0.07634056
111360,0.32906023
135364,0.1419376
16523,0.22210623
62888,0.07014754
111264,0.67705876
79687,0.17264642
88131,0.78756213
53745,0.7478265
130405,0.14146991
74417,0.115278386
19350,0.05756329
65151,0.05549763
33,0.07596813
105089,0.9695896
14828,0.32604834
23387,0.1731796
127197,0.16772035
148709,0.27049464
21476,0.11661222
32737,0.268493
69774,0.0842481
40444,0.2660401
73829,0.16136847
97971,0.59013337
32697,0.47727412
24997,0.17998911
91040,0.0777666
98055,0.5398594
13000,0.084809005
139228,0.38990867
43110,0.14601588
89180,0.31477687
23347,0.13624711
81265,0.10344631
47691,0.15570864
59342,0.13967526
42432,0.1118876
34888,0.7621717
98656,0.3545632
26986,0.19569531
105780,0.54070926
80258,0.228447
140438,0.13680474
89042,0.14841028
91194,0.15903325
47278,0.9492148
113410,0.9583789
117312,0.6186789
43238,0.3836285
1353,0.3501946
13213,0.54782164
144914,0.9129136
119610,0.973551
110118,0.19534335
107537,0.27574515
138251,0.81853336
130862,0.15646008
87862,0.07091771
52984,0.10774031
705,0.16268079
50251,0.45731372
122953,0.12390093
47579,0.066860266
145026,0.12154114
110002,0.42830497
95551,0.12057429
140242,0.29521623
130083,0.50735956
19752,0.18884416
47756,0.07119812
110466,0.0907517
39907,0.92877215
67770,0.117369
37857,0.12998933
63935,0.6164369
66699,0.09349311
135420,0.4876683
97044,0.39319512
27246,0.81371665
97783,0.5539615
108720,0.19859071
141501,0.25432253
27680,0.7116727
7896,0.5578473
76412,0.361237
99460,0.33690962
80675,0.6459541
49640,0.14121847
64127,0.1647582
36552,0.12393856
62861,0.24104847
90069,0.90854514
49214,0.64092857
53190,0.16664267
143660,0.080301
118018,0.07553831
46547,0.87817836
6609,0.8349111
37951,0.2561576
13601,0.22824979
111667,0.06653527
26233,0.6281646
66631,0.14534403
102852,0.2887023
139365,0.09458721
5350,0.14044686
90203,0.93706745
13570,0.13942096
35849,0.44518697
3844,0.7592434
38675,0.45259756
32145,0.42024404
65524,0.5437749
105921,0.32621035
33502,0.6478176
37421,0.067822315
146128,0.20185213
108508,0.34353003
18216,0.27576602
94955,0.61592627
8493,0.10451955
134572,0.1771109
77572,0.15250383
90094,0.28208625
21899,0.16640687
137318,0.031599697
109990,0.33581996
137677,0.15658133
31231,0.22957502
77223,0.39034203
47247,0.8528109
36187,0.03276461
32856,0.22907172
112663,0.21150851
130946,0.13652831
131853,0.93820417
29608,0.49206674
50137,0.10936814
12665,0.83471096
64221,0.31431332
31154,0.5741503
11200,0.12022227
88439,0.79130065
143954,0.37210438
127698,0.650116
46666,0.63318515
142018,0.42332387
94383,0.13329673
126339,0.36313272
29081,0.10991949
51806,0.10221236
44631,0.06766724
2550,0.23831381
84841,0.6072793
13746,0.42685968
22094,0.6957641
114819,0.73489535
112283,0.5532021
82696,0.5700741
46564,0.96683526
103989,0.59804404
123411,0.40448382
45758,0.111226305
81070,0.5677959
110669,0.35396135
128535,0.95961
62467,0.33173937
61012,0.17053454
1039,0.61556506
146129,0.33307034
114498,0.082849644
128416,0.059720427
7378,0.6675639
129767,0.0765902
141988,0.12065391
146231,0.19359143
140415,0.22682546
105813,0.40607512
16137,0.18423848
85991,0.14268926
721,0.16917501
47685,0.11215228
25175,0.15653723
96176,0.26132804
79602,0.082063615
72650,0.8847719
1416,0.0879786
8640,0.05095612
133986,0.0839722
3378,0.33589345
5373,0.45602277
91061,0.6441566
15896,0.6311363
19275,0.6042534
119704,0.40101805
88954,0.36536628
89895,0.90838635
90417,0.05051974
49648,0.097729065
14033,0.08283129
84234,0.5760817
125642,0.07539415
72978,0.11638562
139643,0.11553042
14236,0.31416354
112942,0.08694664
105669,0.06327495
124239,0.07897667
128722,0.102795474
107189,0.11661796
52343,0.911579
64448,0.5049459
95100,0.8288886
81261,0.97549677
34231,0.9704149
89162,0.121979214
113450,0.104604654
100049,0.8153411
35864,0.14000598
63258,0.14328693
73036,0.06899012
62345,0.08828415
49278,0.45109987
114045,0.072024085
75153,0.21983573
35204,0.16036284
23221,0.39616588
55882,0.76120967
44176,0.15772763
136786,0.25241986
67063,0.09950274
130721,0.09725999
69480,0.38896704
7009,0.53626865
129450,0.1716118
4044,0.038240306
66446,0.049966082
72656,0.08588546
24900,0.10715565
70087,0.7229966
125149,0.77797776
131874,0.5953117
106861,0.3106402
15196,0.059656747
125964,0.584685
45939,0.6519549
105823,0.25986433
128670,0.31233737
55309,0.081984654
57639,0.15327516
119077,0.14378476
36154,0.28372395
87796,0.7170872
14632,0.7451984
116522,0.080461815
106567,0.29991654
84692,0.055069655
148614,0.17155693
51422,0.082301565
76765,0.24243836
106187,0.9478697
93657,0.6565836
47699,0.22928053
23245,0.09305716
101329,0.9055174
124083,0.06000693
28080,0.08107258
64662,0.3032526
84097,0.5847492
45179,0.12735602
69354,0.18833107
32304,0.5956228
116920,0.17219704
136559,0.71525395
118273,0.28719184
70009,0.8201181
26535,0.50516456
101406,0.15028356
123447,0.10983291
98221,0.12532887
129625,0.10994872
26616,0.9170779
135878,0.75578505
56525,0.37956175
134820,0.23619056
135835,0.36171106
129926,0.56021404
119102,0.20373087
16205,0.08830624
71089,0.64154685
18793,0.45906195
98264,0.20456499
103909,0.53965765
119588,0.7400307
5248,0.49788716
49383,0.23350936
23721,0.28250617
124853,0.87055385
27855,0.048600458
130677,0.62919265
5416,0.53072083
83644,0.3200371
99431,0.30645284
142494,0.27713752
148921,0.11655385
73878,0.59458005
119746,0.65423703
115608,0.48168367
82420,0.6386047
4653,0.34552348
7252,0.05774322
36656,0.30115956
5681,0.67362374
23070,0.15696566
124828,0.106695734
7752,0.26850936
91329,0.15110318
65442,0.31033882
17018,0.15159155
1597,0.24035795
128892,0.70465803
4223,0.33945325
14020,0.08605514
129175,0.41909847
16951,0.33851618
105956,0.2981364
68437,0.9110227
118965,0.20778969
85865,0.30869076
85633,0.07801783
147012,0.906892
9957,0.12527402
98566,0.10128669
6313,0.29776055
63578,0.34241053
14289,0.23739745
130920,0.23489267
144093,0.084540755
77716,0.39951968
113568,0.11421555
95315,0.37476274
140037,0.62766165
111142,0.7623708
65213,0.38749987
15170,0.19692011
95153,0.24126324
88955,0.25843713
70403,0.58080536
99156,0.87415355
6927,0.5862089
49287,0.9666527
25472,0.14541699
95389,0.95043945
14421,0.11788402
7591,0.06030832
5572,0.2722932
63973,0.0879639
18563,0.109777935
42096,0.14261194
98136,0.22461191
15587,0.066238225
8992,0.27908424
20237,0.9430137
9364,0.41198906
16797,0.49997568
25778,0.3195999
24535,0.115598865
1241,0.358549
72213,0.18959571
89126,0.42453638
18473,0.6733406
10084,0.056904856
65216,0.22030486
75251,0.077958666
24250,0.49697453
135718,0.043652635
71532,0.13402957
10279,0.42150438
47753,0.35840762
2546,0.3502834
82244,0.15452166
39027,0.17910133
104570,0.085929476
33778,0.19889593
55974,0.054473467
107479,0.61207384
137548,0.7856104
84810,0.6113205
27264,0.19191794
30525,0.5804084
117158,0.20912234
107010,0.1292697
106624,0.04666995
148858,0.12024619
128969,0.910707
11941,0.52916855
102152,0.1551854
81058,0.06296272
114469,0.1466906
79461,0.31424174
32590,0.08699734
20938,0.32744157
18351,0.22147469
37209,0.14652635
134150,0.10834771
37925,0.8717092
96792,0.5809185
131009,0.43942687
83747,0.07441674
31111,0.4939731
119400,0.06706557
51007,0.24631506
35119,0.19349091
104303,0.83170855
41424,0.21477154
55861,0.3386309
145541,0.3519045
139884,0.07898393
44018,0.17938687
5154,0.5779381
71965,0.16668972
61190,0.17539467
68137,0.2544258
37881,0.15103357
126225,0.28514907
86859,0.051460776
98875,0.11538401
129093,0.12969163
25669,0.5046662
118057,0.1237287
65878,0.056717113
137784,0.06629523
50373,0.121497564
90107,0.093763866
4570,0.8978423
90054,0.28112578
11009,0.26323554
41571,0.21946962
20441,0.5966598
87303,0.044858433
68383,0.23370945
40890,0.8455485
49142,0.27026376
45285,0.16309962
55467,0.08220551
12754,0.13660434
133254,0.09146623
65021,0.7162462
34342,0.19418581
103686,0.770549
110389,0.22073871
53612,0.1768482
6136,0.3150139
67320,0.10057831
55154,0.122092634
21273,0.19684441
90826,0.27946216
95952,0.821729
107207,0.057440087
73453,0.885576
86143,0.0786169
47563,0.2101239
135570,0.62140185
102648,0.09469009
102732,0.127973
124508,0.11141186
104684,0.29668158
145484,0.3283854
102401,0.10733368
70723,0.29624668
19040,0.7368862
80421,0.86136776
129588,0.42466366
29952,0.14298719
58824,0.2731439
88022,0.20898797
56979,0.30047074
4764,0.25362745
82263,0.082824685
94544,0.24857983
103142,0.45934436
101764,0.40328577
132200,0.105979
18468,0.08354515
18851,0.22716443
23317,0.24534957
90722,0.60902065
137271,0.3144506
72724,0.6146206
67477,0.14517538
144088,0.25545081
108187,0.22093098
117599,0.3037036
31517,0.51672345
94938,0.38833487
99876,0.23142287
52002,0.7924182
130046,0.42108002
23287,0.112781905
138606,0.14153026
147535,0.8747112
66660,0.16079812
6793,0.32753575
132581,0.56742835
23841,0.09610536
92900,0.43361914
38162,0.27913383
118011,0.743745
1544,0.14012103
5655,0.2180278
110071,0.49336046
82233,0.5709651
129708,0.21547435
74463,0.13919549
77084,0.7117564
79026,0.40339243
127710,0.22023351
51315,0.34661642
96187,0.15032612
129769,0.055641524
74722,0.19076227
126547,0.90995187
89110,0.14924173
24975,0.65309227
58051,0.48940653
47653,0.11321871
69981,0.09633708
99703,0.20065397
84034,0.07563478
104131,0.08808131
36041,0.57181156
4515,0.24588718
135360,0.21047036
61643,0.03466779
125318,0.25438544
106583,0.5234536
135482,0.56426454
106860,0.18671186
10348,0.07510849
128556,0.081504375
136387,0.6729108
101401,0.57647246
61533,0.34557506
7081,0.06290635
45854,0.20446414
24065,0.31607562
1935,0.28145802
10764,0.07208471
70374,0.0709935
145395,0.063427165
35358,0.61053455
22283,0.10856384
45248,0.11526801
111265,0.54307765
111542,0.34523547
107596,0.13336237
130806,0.27811745
25915,0.1097932
40886,0.06296698
136372,0.19291717
67504,0.4066398
99325,0.16096918
71539,0.0974638
122200,0.7423862
132344,0.6374606
26162,0.1671057
129466,0.7365996
144309,0.31202677
72232,0.46281382
87710,0.19797532
87251,0.08122144
135208,0.62128145
129494,0.11244746
131460,0.12962656
18604,0.123163804
57861,0.12016143
115658,0.37372416
51559,0.2361581
106602,0.09271106
15194,0.11533769
23888,0.6038576
72551,0.11717736
130840,0.45558608
45994,0.3397931
71374,0.18311574
36644,0.08455692
70767,0.7872454
19666,0.82102454
91525,0.14449
3475,0.6281556
61055,0.08987133
48903,0.12178559
114422,0.20301124
139457,0.15165423
67256,0.4409209
27062,0.23573954
29471,0.17217776
39924,0.18886113
28520,0.40210575
72821,0.08678137
148768,0.13825214
2931,0.22390613
142787,0.45022625
108065,0.298374
42902,0.6330733
79317,0.528251
66976,0.069341265
78638,0.12802093
64131,0.96684885
53620,0.37013626
42332,0.26666427
4003,0.34475982
115992,0.08874788
100097,0.6666708
79372,0.24187493
14474,0.47304067
127426,0.65978324
66196,0.40321386
118759,0.8316839
77942,0.28766766
48352,0.0877808
134916,0.58240384
82817,0.6162689
14109,0.48583964
70579,0.9667832
53556,0.05985672
110622,0.15505175
104060,0.14334247
124441,0.63839585
103815,0.14191489
71793,0.110551916
129246,0.09979254
41688,0.12554292
137933,0.17008606
26929,0.6081745
145793,0.26977462
117006,0.397803
68374,0.34488583
93661,0.21422979
39217,0.11011699
69917,0.11660485
120781,0.14894705
67590,0.34168676
87494,0.41405678
17793,0.18898453
13380,0.10972955
149814,0.09641891
10652,0.42668584
148590,0.947543
31262,0.7092332
8352,0.057750057
47831,0.43823048
147403,0.4833798
83495,0.0783616
7563,0.63154995
75733,0.5956845
143003,0.18771918
25449,0.6118962
112039,0.04036312
14178,0.110260196
76954,0.11913618
8388,0.061490104
30486,0.085273586
76222,0.07319257
130628,0.26488733
57977,0.106442116
95137,0.71232134
87167,0.30071548
111373,0.16949894
78938,0.11720852
62469,0.15823941
136114,0.032518275
33538,0.43440297
52476,0.89325464
15744,0.16014089
130504,0.49406773
13400,0.08692227
135362,0.10049476
116911,0.26182
93361,0.26379457
137678,0.8890238
65623,0.43464047
1641,0.23842506
122649,0.22592
115322,0.074856594
112289,0.91833556
79159,0.33323932
89007,0.45125225
88961,0.061264213
110294,0.13127394
137561,0.067992374
116716,0.58842695
29288,0.54458565
42390,0.055581782
30426,0.052700784
11418,0.80550915
73602,0.38234583
2133,0.3586311
86139,0.4831276
122120,0.06559974
46079,0.41366124
23553,0.95123184
50639,0.24473351
82473,0.5549935
108131,0.08794314
6517,0.23194659
143031,0.44420758
27536,0.19760413
664,0.34006533
128069,0.20010118
137388,0.39355206
32118,0.23923253
89208,0.43671247
78258,0.056606714
95030,0.47260073
118486,0.11811824
136130,0.14789934
9930,0.09612612
49342,0.06816898
5624,0.104288355
36105,0.4642784
90932,0.18224968
142475,0.044754975
126097,0.08488032
114371,0.051828615
64934,0.33560705
135341,0.11243845
70194,0.15897346
7384,0.9542236
28483,0.054523874
98256,0.23060293
87955,0.07992677
121260,0.2000169
125027,0.8044039
126813,0.16410856
96451,0.09326817
12655,0.05097563
134671,0.19945541
66678,0.5886567
126456,0.12178248
38450,0.4401636
31182,0.5064382
30014,0.44210643
82087,0.9245583
86074,0.08089848
23011,0.11552262
25959,0.07243011
142415,0.1139083
83022,0.8465601
107604,0.34195945
147991,0.45368916
32481,0.11216787
42976,0.061389018
8973,0.16124593
84843,0.6436807
43572,0.33416727
58800,0.54643834
12170,0.22797085
80312,0.45322058
26676,0.33355108
56720,0.2645516
129891,0.1803004
19967,0.37792554
7281,0.6515208
28318,0.09682878
124725,0.116532505
83023,0.23998658
3155,0.29684433
46939,0.7786386
75989,0.27657208
86108,0.38421115
125677,0.47685352
103258,0.038499665
32017,0.18599741
83650,0.12125529
22688,0.11822844
145000,0.6200205
62491,0.49667287
110064,0.039561447
48880,0.061666142
140535,0.18940565
148924,0.14284733
6665,0.9527163
90145,0.12098303
8589,0.12121016
121180,0.0550618
141444,0.76977336
52649,0.08350317
136101,0.5767766
12334,0.69076633
141484,0.09582017
62742,0.49393436
76737,0.20988618
77790,0.08941099
64965,0.7353706
77098,0.9421793
95205,0.15569355
83549,0.44439
83392,0.551403
124938,0.48019856
123,0.18855399
67582,0.15380375
7628,0.5124168
53838,0.102143444
133172,0.20672537
1009,0.66658795
32099,0.08074006
40153,0.49869463
82866,0.07101921
142885,0.08354566
103272,0.777343
71857,0.6156759
126305,0.18835367
66141,0.31607088
140983,0.20531297
67194,0.39312646
30358,0.12733662
126085,0.09303435
110337,0.32426473
13506,0.29436144
2620,0.38305363
68729,0.05718882
76886,0.88900703
59095,0.18123044
27168,0.103809096
49008,0.4350765
39214,0.92873895
92898,0.13910374
113747,0.16797079
134868,0.15138178
120816,0.114801966
29999,0.24644583
121703,0.1034136
105366,0.20005044
72450,0.36322075
120192,0.86486524
29543,0.6769082
120197,0.7394318
130730,0.36532584
78516,0.83212894
72212,0.13347086
28998,0.42638972
66115,0.38552302
145133,0.9544977
10101,0.2766496
31877,0.33781907
61261,0.8147146
103711,0.30378562
139887,0.12225118
15346,0.17341547
65950,0.34133244
101553,0.44296205
14509,0.10247705
50520,0.066947125
115122,0.25220764
136660,0.86187565
125095,0.5024933
50989,0.7618277
133780,0.30686992
118242,0.9314299
148997,0.18054336
147690,0.28493607
106030,0.15347493
122492,0.17557836
76837,0.13662332
28980,0.8002771
39693,0.07694754
97705,0.31245524
29551,0.1691528
17329,0.21768124
73945,0.43223947
71288,0.8303112
107563,0.1873379
76838,0.068800636
144497,0.37389347
34398,0.89375556
82726,0.162651
52121,0.11590425
14343,0.17423052
113679,0.17257507
31497,0.13392751
147347,0.04943424
145824,0.82387525
84388,0.47442374
92736,0.05495425
147208,0.21083139
60669,0.44156954
108582,0.10644221
139519,0.085565746
72643,0.27482978
135312,0.12802307
37969,0.26752138
72198,0.12455089
78047,0.45183998
76855,0.12345831
110599,0.3436557
121236,0.13968791
90946,0.14200155
118804,0.5373641
107209,0.10442955
15534,0.7562332
80707,0.45951307
44873,0.40953633
85313,0.10458831
86874,0.08593217
140837,0.13038765
37348,0.16818543
43514,0.15222766
14101,0.6627584
2193,0.42699444
106108,0.3037037
21649,0.4487711
102495,0.57948625
34187,0.1539959
93248,0.09920672
29475,0.20907263
124970,0.38817573
62070,0.40132597
45925,0.10705109
149048,0.10407906
62239,0.2510504
62459,0.04885357
36170,0.7227789
12700,0.59454894
103133,0.070503436
83630,0.60536164
70554,0.21961126
99474,0.70357925
49885,0.15247044
149795,0.9680491
20081,0.15193044
121062,0.4244772
77611,0.3975627
127794,0.23764656
113942,0.3449288
56984,0.14267941
98039,0.3929406
113019,0.060125224
132400,0.18113013
146455,0.4636007
112007,0.8712614
67045,0.6547512
142215,0.2789178
134557,0.72759795
110889,0.23195264
32586,0.4866613
96481,0.37034243
142997,0.5808909
80050,0.09664466
716,0.12290508
95166,0.40432304
16558,0.6531145
72344,0.4223507
43285,0.12001054
83162,0.17850073
87461,0.21124795
81597,0.14294553
1538,0.24801135
95311,0.25984982
75608,0.41747126
82151,0.23054029
125648,0.92611367
149263,0.43778762
44094,0.6421071
20304,0.961079
146316,0.08456416
114060,0.26971063
14803,0.76852304
50027,0.78923655
76881,0.35461584
106137,0.1552326
55953,0.27952227
3063,0.46672982
36568,0.62235314
63466,0.3399031
143251,0.035110753
117958,0.22607201
133210,0.4846039
72404,0.58986634
121795,0.11746942
110358,0.57870173
39789,0.17593178
89770,0.14969303
10902,0.11194492
45156,0.13528296
86486,0.09265657
77372,0.14926709
132560,0.296794
114217,0.34449112
89091,0.14482021
93706,0.07658986
18206,0.8374024
34213,0.3055185
5563,0.13876158
9862,0.11497308
50354,0.4828215
135839,0.6547979
99799,0.12647633
33933,0.12060808
149901,0.06663296
60909,0.08064769
22281,0.1473676
77365,0.39974725
96735,0.8848491
83799,0.22061768
135940,0.2301312
130659,0.7738421
107264,0.16479431
62042,0.8247761
63998,0.46880242
112047,0.05576369
76911,0.13736999
125102,0.12906726
147775,0.9656295
94880,0.06596193
142261,0.098144725
32903,0.09258157
70784,0.2555339
57761,0.12223958
23410,0.24369586
46018,0.70653296
102484,0.44748598
129839,0.116340555
68905,0.3236029
68014,0.29671928
55581,0.09239884
11915,0.17142035
190,0.3997548
62895,0.08842905
75050,0.72979325
107454,0.80745035
142711,0.11161865
73128,0.11194662
131758,0.45694605
55463,0.248478
146337,0.08295168
10588,0.13371255
97104,0.05575245
4656,0.1824869
127506,0.41862687
126810,0.121897675
100389,0.9420372
77619,0.24693438
97634,0.61518914
23834,0.15223104
20010,0.06613453
56391,0.79688853
1913,0.6003027
93601,0.4617246
107991,0.07260599
110205,0.088354215
123505,0.16012412
88432,0.1663674
140468,0.11734011
5562,0.638945
146713,0.31258747
92062,0.21790855
30908,0.09133953
44781,0.07495713
131363,0.3074769
92560,0.25450233
122098,0.65260595
24834,0.046798617
38255,0.91451615
4723,0.67585206
7092,0.24040413
41289,0.9163357
112371,0.08132371
114011,0.1441668
30347,0.2551719
28104,0.37655008
13207,0.07022825
81380,0.113308735
3597,0.7418497
102434,0.43556106
79240,0.22729656
6947,0.56334674
60569,0.71378016
28312,0.028762007
119665,0.9284904
92638,0.105802394
89599,0.93537974
55851,0.79817665
60123,0.45165753
21216,0.36475068
133084,0.8958514
127923,0.85323024
93993,0.19484025
148175,0.4058785
89064,0.91696626
103089,0.9009456
18724,0.0777707
14444,0.6744456
28879,0.03427445
27336,0.08127259
87969,0.14056748
113998,0.39605087
124766,0.12082223
13152,0.17216425
83953,0.04556463
19781,0.14085121
118945,0.36607453
58708,0.28115934
32030,0.49435464
23581,0.3200619
11852,0.07921606
143605,0.8374038
108421,0.465557
2621,0.12838648
45527,0.096317574
60279,0.12578617
15096,0.060429428
128786,0.17105716
45351,0.36147502
146648,0.066650435
138394,0.04369719
79957,0.11368891
13124,0.047975548
71874,0.121236324
94546,0.29296067
8177,0.10748367
80364,0.33129603
70242,0.33183533
143259,0.097621396
108002,0.111102894
64714,0.091489434
106497,0.08053906
112338,0.0779429
44931,0.33229953
71036,0.2533952
59861,0.14711015
68332,0.07747672
127044,0.5105317
39552,0.094302945
136198,0.29688352
90858,0.8192148
117813,0.16080771
120647,0.08572798
21872,0.9081709
115424,0.80588216
17526,0.06536694
124572,0.9104859
37457,0.7309232
41530,0.24724676
56624,0.55906224
109505,0.14435737
91076,0.061314613
72411,0.117989555
32702,0.094925694
90757,0.13460192
34331,0.09940422
33463,0.20979185
51617,0.46470255
143651,0.6462249
67912,0.26049793
49344,0.115102224
54522,0.09059524
46578,0.86375076
54505,0.16077332
1838,0.06395494
69271,0.23332892
128907,0.22264972
23722,0.15578881
4892,0.11219754
117476,0.31540412
30491,0.20394328
47618,0.09224105
144611,0.16235359
72102,0.10413953
139372,0.13936394
70801,0.86251706
72675,0.78069496
65176,0.09997191
80708,0.7472189
1520,0.10820396
73530,0.50157076
50733,0.9279655
42851,0.5429498
122652,0.1675536
34719,0.17045385
145385,0.3080663
147481,0.4851461
46203,0.12988546
53327,0.4345505
60627,0.5555341
48094,0.2750433
120680,0.62063116
73917,0.43965846
12310,0.59563667
137550,0.39890411
104835,0.403798
130344,0.16450939
863,0.39645922
137380,0.09917882
107733,0.90873766
32618,0.46553597
136523,0.09691422
129855,0.4738011
85416,0.14177637
3360,0.097746074
15524,0.22919841
11470,0.34819645
56297,0.30918655
48185,0.11792321
142289,0.19855775
119101,0.19209313
131906,0.11934004
90200,0.4611992
83999,0.22436339
64645,0.6358918
11849,0.12957731
17557,0.82794654
121106,0.7431968
82822,0.13567819
33496,0.36349884
76496,0.22136095
64603,0.34617007
122134,0.14956737
135336,0.15535924
61317,0.48344877
26254,0.12873092
96254,0.5929447
78339,0.44482267
41497,0.07080025
89165,0.6335714
117955,0.07865225
94882,0.35485095
39352,0.08612693
78939,0.063209064
59914,0.2898426
127680,0.50211185
20290,0.3809952
106634,0.42532313
101154,0.17235541
58122,0.099818245
76421,0.58483154
5415,0.67917335
53491,0.53240955
77669,0.4224448
110578,0.6648749
65704,0.21855949
10512,0.16748863
74670,0.120536976
72639,0.14777654
79065,0.31452924
127453,0.17613381
111483,0.5470122
100781,0.50843036
119466,0.1855741
125834,0.4646479
5859,0.14277212
8971,0.6389603
18843,0.061174832
86174,0.29873317
108711,0.6685207
3489,0.26168737
146772,0.27190307
53809,0.89444923
86665,0.42838827
68148,0.059106827
30260,0.12962192
96938,0.06278044
61957,0.24370793
3726,0.12744412
58273,0.40022954
103364,0.1815705
146390,0.46299815
98063,0.5446269
134749,0.15529917
113100,0.18990186
100141,0.31982532
17020,0.3915389
97409,0.18040685
39819,0.11041595
19477,0.6994672
27231,0.2266027
90462,0.54367363
71100,0.931604
63859,0.1373097
95006,0.41180614
31501,0.50347793
47647,0.402835
30556,0.56383437
46133,0.14481302
75712,0.49772692
23311,0.20564613
116927,0.1966324
12279,0.13440952
38501,0.14857937
57127,0.97116244
126134,0.18080123
34534,0.79500794
61060,0.10968934
100099,0.24676734
7506,0.12811081
139749,0.9109083
11586,0.072934195
129028,0.19510563
138593,0.5007565
141134,0.4178175
14565,0.3661345
11377,0.057678502
135965,0.17469785
127095,0.061875265
12938,0.4209554
81644,0.27367282
17797,0.11154066
44686,0.41592285
145205,0.1747962
63699,0.09993781
68915,0.10082732
147422,0.14037552
119708,0.17838216
20360,0.43443742
17917,0.6442336
147928,0.1713167
69886,0.4450308
102124,0.2913131
97059,0.1451261
61866,0.5708801
63494,0.32611504
104317,0.08905307
93762,0.07577517
95148,0.36700174
133196,0.86754256
126099,0.055518676
29645,0.59098816
124267,0.22936308
106960,0.13016602
112594,0.12686145
83864,0.054039434
102079,0.73775196
134082,0.7883584
44352,0.37101752
31116,0.103732444
147400,0.23035455
123272,0.3802537
71575,0.08551592
107277,0.09541318
126396,0.6687076
67814,0.36708814
99522,0.63122475
101614,0.75475925
10848,0.4320056
111505,0.8920365
21925,0.7593772
25712,0.14344312
147782,0.055816874
65143,0.34799698
93509,0.47191963
64083,0.17235425
16461,0.12608592
5277,0.06967634
148969,0.22477365
139642,0.28407374
72405,0.31957316
64039,0.20694016
147772,0.06532889
54019,0.2338774
35343,0.26480383
139747,0.67471474
125603,0.39309403
28365,0.224761
81890,0.21122342
23472,0.11842089
134581,0.8642027
37955,0.117102206
44550,0.26523072
71345,0.095980674
101727,0.13973247
105127,0.93422425
101281,0.34194648
11606,0.4408296
27101,0.1353202
86867,0.25813946
116088,0.09224081
3468,0.88944757
23207,0.07380648
79069,0.09542925
140882,0.25482282
48226,0.8925812
84529,0.08402624
43635,0.14222422
26239,0.20039807
49793,0.73160636
125487,0.33709723
141023,0.047845367
34254,0.23519786
71710,0.1060512
20051,0.40486678
13498,0.20579332
11867,0.07153717
56225,0.1583246
127840,0.14857751
43997,0.10348825
73752,0.5839222
136000,0.06316661
48428,0.32975498
18981,0.13833366
102109,0.28810632
71820,0.1092214
52470,0.4220962
17656,0.2573383
66226,0.6373453
100156,0.8592328
56989,0.1493877
43433,0.17564711
65577,0.08453398
33338,0.103497446
122686,0.6436271
85381,0.069448054
75231,0.829445
13963,0.1309607
69230,0.30266428
107437,0.077025354
72175,0.08197472
7719,0.44573653
78387,0.11941854
5983,0.069294564
99737,0.3548777
102950,0.17185958
123605,0.35412884
88911,0.2150589
87098,0.22336914
122195,0.56317806
110173,0.20040406
27593,0.36159128
101813,0.63084406
134767,0.08115478
94978,0.13021228
87157,0.059287023
7020,0.15246496
48679,0.06260216
15535,0.8418321
143642,0.114517294
79459,0.04422206
73942,0.29793292
18824,0.16433804
114851,0.1247008
23366,0.051574945
27073,0.16557512
75441,0.2225996
102074,0.56507933
15791,0.11589506
40202,0.21946962
81050,0.21503603
114966,0.20380174
149385,0.2442781
107636,0.15333939
18765,0.5187687
37292,0.9543088
60021,0.07995556
22995,0.092268564
136690,0.16636063
93713,0.88348615
135445,0.44228038
24417,0.59058625
34105,0.071862444
23087,0.046637192
93261,0.07979147
99981,0.16725667
28776,0.081582576
118754,0.077918075
53299,0.2557754
119262,0.21531206
51424,0.8130457
63792,0.074542254
33742,0.065498754
95277,0.5710518
133434,0.07500912
106825,0.27661696
54120,0.39611945
134613,0.44089854
83992,0.54636836
8227,0.41149312
31054,0.12474817
111229,0.13947694
32223,0.55925626
44138,0.1082657
139684,0.50259125
95829,0.23960307
139304,0.25370473
80174,0.4878281
47323,0.31413847
110207,0.83532435
91103,0.086300895
145734,0.7734768
24477,0.9398183
101276,0.4065228
22380,0.20860164
100605,0.08288788
123166,0.2229316
130717,0.128797
71306,0.7255802
134214,0.06756533
52942,0.11051004
110459,0.066224866
147224,0.40346527
79464,0.34559223
117969,0.08054966
22751,0.48118094
32970,0.06422038
63404,0.5174388
116489,0.5847161
47012,0.27810672
19226,0.114678144
64428,0.111132234
109292,0.21656583
22236,0.12084433
41229,0.0557567
111372,0.17535283
149660,0.13554288
97095,0.9108613
2093,0.17547552
60828,0.43689623
122029,0.868197
41186,0.061142977
88368,0.07404369
104238,0.07784395
84637,0.44310346
98396,0.092878394
103664,0.21569766
40957,0.4574105
99368,0.7327801
53615,0.17899293
132683,0.20336959
31906,0.06256404
147695,0.5829702
147063,0.14871287
78687,0.08536431
129198,0.09106367
43332,0.16580552
27163,0.2315134
16422,0.23060401
34306,0.058709785
130042,0.052159157
108273,0.14997186
82312,0.1125266
80342,0.9549532
111300,0.2896734
107103,0.35242096
20494,0.39453745
111178,0.07744315
94343,0.19103502
37712,0.44040024
25609,0.44547963
62596,0.17965083
54951,0.23091474
103763,0.9287989
44199,0.5856741
23667,0.67282414
43636,0.5368294
101085,0.24632153
98329,0.11648243
32958,0.9591849
100949,0.14005154
118536,0.056500733
26660,0.083668865
61905,0.9437481
4433,0.6913626
3037,0.066181146
85491,0.6384824
103838,0.26804358
53530,0.07267213
65638,0.10540963
2367,0.60682964
97589,0.20993471
47845,0.051312163
134403,0.5027383
127102,0.4024828
83219,0.11589692
113277,0.874731
146319,0.41623124
110406,0.059391517
87959,0.13426405
24861,0.15133451
120988,0.1235834
3317,0.55943716
117911,0.45054746
29360,0.16659212
6702,0.07605153
147171,0.22273296
96908,0.12597418
28497,0.5042727
41012,0.4119427
57690,0.50421166
109955,0.08650428
107130,0.38830286
95123,0.061164025
42947,0.17255352
134442,0.15586382
110490,0.27956787
78822,0.07398255
67722,0.42470598
146707,0.055793993
27878,0.53570145
52200,0.12997968
83431,0.11916974
94580,0.5492332
42296,0.07990563
34911,0.6337998
47834,0.11328995
96283,0.17106764
94992,0.5674713
74882,0.1855107
116662,0.13626823
61183,0.21875417
124224,0.11283893
75700,0.5845936
61125,0.7049538
123410,0.18933628
26483,0.20133528
129355,0.089501336
26798,0.19005392
70231,0.2145829
103737,0.121647
113461,0.25040904
52423,0.12775987
134103,0.20559144
80935,0.11325816
22221,0.51539904
32361,0.54685116
106608,0.47233218
5745,0.53158104
140812,0.101555355
20830,0.18286261
20686,0.2024122
144998,0.15802316
77013,0.09654794
85697,0.12241571
10223,0.9149146
52334,0.44061333
103776,0.07985579
62825,0.32327035
42864,0.36468124
111465,0.63610095
33332,0.39811462
40081,0.054790605
122586,0.10429103
133853,0.13207206
118027,0.09566559
83588,0.15164533
101106,0.18780303
15127,0.19521189
21395,0.16306289
104454,0.16217335
120979,0.10243351
51188,0.5057654
134383,0.2732573
111343,0.43941996
108370,0.4933732
81514,0.19218557
7915,0.3941469
78043,0.30316472
128553,0.07113395
139373,0.15378144
149708,0.24503966
98001,0.30477276
134286,0.31131646
104387,0.0737807
28537,0.7093484
83949,0.05561517
14685,0.046272274
88276,0.11495322
80951,0.03394126
17716,0.17061004
82475,0.65348595
68724,0.8920969
144634,0.12690097
107859,0.6499405
116095,0.8694826
112479,0.05560702
142970,0.105672695
36026,0.13128965
48608,0.13799277
127340,0.22165756
128142,0.40279016
89600,0.20393042
86992,0.10463909
79784,0.16568732
39548,0.7549854
122638,0.10687982
73287,0.97120667
31557,0.8848174
127789,0.14801069
88715,0.17710906
82054,0.5689423
3820,0.4637212
50276,0.16081385
49416,0.15102437
78508,0.90534335
1078,0.14673392
73062,0.17097946
57762,0.1233261
72294,0.7233409
110582,0.33316317
73957,0.48857996
36142,0.19373131
139489,0.12319097
15380,0.16455771
94190,0.25889236
96825,0.53497267
5716,0.5732008
72216,0.11481015
7867,0.5371865
13114,0.15763594
107682,0.32034972
47412,0.088233866
69892,0.050878495
17210,0.2801059
134011,0.41388762
120051,0.10994539
35308,0.13241966
42720,0.07242971
33079,0.38890368
40423,0.25371584
149676,0.1807593
51533,0.042635404
38452,0.11180028
101029,0.19389182
94433,0.45336726
41807,0.1590545
38199,0.20884643
60222,0.114473484
125310,0.22239748
123047,0.13432997
22859,0.8970285
34768,0.3449735
22206,0.31778973
87667,0.2100326
103381,0.22118129
26902,0.19733535
89707,0.4047284
145068,0.09931646
146981,0.16560087
117363,0.11844535
40850,0.21612956
30061,0.1198635
49971,0.07552864
12690,0.27550453
54788,0.4261097
17451,0.88856614
92563,0.9687789
80403,0.5963044
57113,0.42074215
71515,0.31142
129856,0.073719464
81647,0.26428455
118034,0.3269357
142389,0.09360036
120774,0.23598878
111808,0.81096876
138949,0.63740635
67411,0.20700198
140151,0.14320606
52246,0.049637396
15913,0.11126108
73467,0.09817499
3720,0.058307536
47393,0.3095912
17454,0.63115674
62833,0.4598516
129112,0.06178353
94739,0.4036821
32852,0.27537698
20489,0.49854216
15471,0.12664552
28265,0.053425245
51544,0.16659394
67106,0.31657073
95265,0.507239
7438,0.12928857
74290,0.39861286
121982,0.19656946
119445,0.28815043
149321,0.21308956
39844,0.48600447
123881,0.058335114
45998,0.2411959
29919,0.10000558
97795,0.07506926
119800,0.17924564
78293,0.54078645
137422,0.147028
33879,0.37591055
112249,0.19279058
7532,0.7943461
109712,0.72924364
60170,0.5398474
138964,0.45982334
11082,0.11060294
35329,0.15053926
74258,0.056249533
48890,0.32890743
109327,0.22907792
31234,0.2565649
97192,0.88994694
101638,0.1271428
47898,0.09090527
99819,0.22199889
58849,0.7799109
143415,0.11038687
75784,0.06307592
83249,0.12243712
3723,0.91207665
145456,0.06422491
81193,0.18229744
79639,0.14912844
32319,0.18803212
46566,0.0887476
5935,0.19954337
56188,0.744113
19393,0.42217088
36480,0.07031781
121095,0.06709185
141720,0.2326062
8631,0.4146132
82579,0.82308334
38739,0.91847605
72436,0.73204386
11581,0.57263994
44806,0.22556983
126582,0.14933744
133491,0.04075914
124220,0.1462798
82298,0.7329281
52933,0.11402218
148255,0.12728184
134357,0.23427625
1316,0.051018853
47927,0.40716946
71527,0.96307546
92486,0.6000123
111525,0.08497789
121183,0.09410302
4992,0.32745114
67540,0.27750304
127434,0.118668824
50386,0.9674019
70326,0.28715625
86207,0.19941047
41501,0.101711
19858,0.14676988
104266,0.3177621
125732,0.90823096
53403,0.62296116
102080,0.28810427
44418,0.6153816
92524,0.34218624
6943,0.6603596
87497,0.3815276
32851,0.14172906
26738,0.27450427
12040,0.09283483
91361,0.06353304
38532,0.4480845
117394,0.42602536
138374,0.13262595
28779,0.104097
113076,0.15711696
43569,0.8197961
121855,0.63018453
43258,0.10934676
72657,0.583572
107903,0.06154914
108797,0.6353021
106356,0.5868857
136351,0.25553748
111695,0.13942353
135001,0.1642358
46302,0.5642049
77564,0.06933855
139011,0.24704033
87782,0.4978598
10105,0.12110114
131270,0.08978706
71289,0.26743704
38504,0.26970118
16301,0.4554251
141384,0.7539234
85404,0.092213616
20662,0.90527767
30907,0.09848172
8436,0.19492634
70257,0.27871415
123802,0.1927564
126859,0.28945428
85763,0.15693836
75285,0.24673305
149770,0.89947057
28163,0.8085276
22775,0.11046439
127991,0.78705305
56529,0.18957697
127944,0.88295966
113331,0.5452441
33564,0.122995615
138781,0.06781414
55354,0.14354992
48477,0.1655376
35724,0.3177279
75382,0.08357409
39477,0.12795082
11045,0.46748474
23926,0.24670547
104715,0.9719821
57252,0.2328732
83654,0.5974217
63999,0.38434055
21063,0.5385212
49772,0.061319087
2200,0.110870704
118155,0.88495415
128649,0.15113972
12699,0.897169
88685,0.110987425
45564,0.07489615
43914,0.37716615
8638,0.14906588
39970,0.20433228
139428,0.88841003
107180,0.12988122
80962,0.3500393
56212,0.53006405
32581,0.19382462
62462,0.1478008
128562,0.16303729
138097,0.92922413
106951,0.13096611
36401,0.2657092
83373,0.26982367
32002,0.8510124
99101,0.8092142
110136,0.86763227
47051,0.25050613
59793,0.27179778
143102,0.1306644
31777,0.07309963
35192,0.40610936
73457,0.15249586
117863,0.41267484
21396,0.2882629
125441,0.15755181
89305,0.25045753
85274,0.3760199
80759,0.17153971
15856,0.11776617
50142,0.20963834
108504,0.5730523
65125,0.04639778
15771,0.7674456
147294,0.13562542
86197,0.23725216
34757,0.69445854
21013,0.5894585
71031,0.12922508
89612,0.14994262
115705,0.11092259
65457,0.18672219
139991,0.49090302
10303,0.4475651
91539,0.43602988
3888,0.19285403
108344,0.9231028
28459,0.93588305
19872,0.7533447
73635,0.14704517
58262,0.106253356
81166,0.057404935
34217,0.51821345
138585,0.09903854
91231,0.27483875
28411,0.10112121
120742,0.1301496
142561,0.07826328
33555,0.15616268
56910,0.09306614
16183,0.5618894
84101,0.23406273
84834,0.15378462
51507,0.21992311
123628,0.054890905
149828,0.4152709
19160,0.09455818
80188,0.64768696
607,0.8543627
1168,0.9704879
36330,0.1142108
17813,0.13114907
66466,0.091738224
67586,0.24879083
113896,0.52550936
89280,0.2333512
73560,0.095459074
113528,0.1261514
33160,0.31493175
118378,0.36916718
17664,0.109545544
97871,0.19578725
35049,0.13124691
102383,0.04774657
36278,0.03459123
24892,0.611195
145526,0.05013495
147700,0.1471872
44841,0.10446519
96615,0.19055706
51927,0.49750423
98899,0.5284577
85057,0.25091425
99389,0.069799215
74531,0.07646354
63510,0.088677816
59891,0.17132518
142348,0.1638711
40641,0.09270618
91902,0.07723828
35658,0.061391212
26092,0.21974702
46013,0.2507033
12586,0.38212326
123885,0.61756605
106867,0.37023714
10323,0.8555186
38906,0.38049963
99661,0.09528776
128396,0.1377489
123797,0.20887601
100179,0.15357028
3946,0.09799742
12196,0.25363147
52156,0.106463574
102911,0.66941
142434,0.32184592
44832,0.348428
127129,0.33131266
100143,0.95880646
30579,0.23120591
44017,0.118049584
69651,0.9766624
5875,0.6113571
32938,0.13339669
60698,0.16049735
38728,0.19860041
55526,0.73245454
119822,0.15281042
120605,0.06819383
129536,0.845752
76820,0.104550965
101173,0.12403369
58572,0.37501007
15682,0.8097397
132541,0.09334348
55484,0.19503433
4791,0.06829374
114926,0.5452579
123366,0.6928412
68297,0.53665423
57040,0.05696029
32155,0.112037346
110675,0.14746743
65960,0.9191009
94670,0.25258228
97841,0.17908831
22168,0.068706326
122843,0.098676085
45743,0.041026805
107339,0.16737682
133703,0.18467821
29613,0.30100143
111167,0.12025895
80289,0.70604897
93212,0.77922976
37679,0.059801035
66239,0.05666782
98826,0.6597352
14549,0.3189784
137107,0.5243384
31370,0.23481147
94990,0.5300036
109881,0.7971205
141910,0.17162298
143146,0.13917175
105654,0.07120199
64621,0.66778064
11757,0.29409787
9845,0.13613601
109969,0.06947461
481,0.8122693
63428,0.05802033
31606,0.974195
126789,0.6305138
5787,0.2173271
106871,0.06387791
93161,0.12121565
40020,0.05313809
60765,0.1399431
91203,0.22761552
87645,0.13185695
146023,0.7590221
81270,0.044165935
86000,0.08787049
96725,0.12387579
41246,0.1603278
1969,0.28499103
49864,0.27318344
142274,0.56052524
13358,0.08791557
131156,0.40616637
117831,0.45242435
99009,0.321916
6444,0.9725988
124320,0.30779803
18769,0.10286586
121346,0.07846272
37775,0.28868392
19206,0.06944451
106849,0.44337606
35719,0.0982689
122603,0.08797093
80481,0.675458
91535,0.113427356
138586,0.17748563
71099,0.09550808
58560,0.11260375
17663,0.4940867
109461,0.6119846
111823,0.1915518
23705,0.1421345
141588,0.18987702
96374,0.4424509
15656,0.32521155
126431,0.09608136
144788,0.88916034
120532,0.08687426
39266,0.43438235
89128,0.10634884
97026,0.111428484
101792,0.44798583
54462,0.5152951
62119,0.12757449
51749,0.5593427
18603,0.7417722
86533,0.18992096
81489,0.08505973
136441,0.23482952
91259,0.38444224
149856,0.36763278
91310,0.27822644
25179,0.1321846
41090,0.7992035
76254,0.89117783
49983,0.24210338
9745,0.19457549
127386,0.9838537
53771,0.65643895
54420,0.32162073
149083,0.59272116
51517,0.67524344
58103,0.20074491
47611,0.9593877
24628,0.50591713
125837,0.044001415
45836,0.1912031
33054,0.1819705
121468,0.7974089
82733,0.13931252
71114,0.8777023
37434,0.09515661
101210,0.6081968
17137,0.10215088
79683,0.065160684
30161,0.28109413
72968,0.37674767
79723,0.12833981
83483,0.045575626
35427,0.10682092
39622,0.11846009
145978,0.096423276
31766,0.08298555
127811,0.33790624
125985,0.6426368
64824,0.60266167
118490,0.091104284
24595,0.07729155
2834,0.09062233
82060,0.089448154
119115,0.14503293
68000,0.09684079
129723,0.098195404
121566,0.17758796
9641,0.22931962
39735,0.118057944
19444,0.2997449
111247,0.4188718
83193,0.28901327
115958,0.057263706
30956,0.06237097
139673,0.27216813
135456,0.14553785
40127,0.1078353
115369,0.16546448
37324,0.107112706
127204,0.55643415
1661,0.09347562
94267,0.16531134
64688,0.18082173
136960,0.4590739
132891,0.16229953
118435,0.11809684
101269,0.18858805
124482,0.13503174
37565,0.15358175
42381,0.5660187
118639,0.27648875
3732,0.08865757
87668,0.15145937
79737,0.9593846
50644,0.33123457
1569,0.08002157
74606,0.15027462
23611,0.32362142
28876,0.07956581
111774,0.1594562
48437,0.10873849
137575,0.09635881
104777,0.09835254
75349,0.7749233
82171,0.05976913
120975,0.2521102
86728,0.12640405
98906,0.09421422
104195,0.12960327
114220,0.11230194
4846,0.40254214
95251,0.26724118
72776,0.34629413
129501,0.20268424
16371,0.36152974
130764,0.17182706
41263,0.4534462
101817,0.47163337
115408,0.08327471
20809,0.1559956
17243,0.59649026
51967,0.08450124
42278,0.10656536
58069,0.19978027
5469,0.107823744
9507,0.43502688
62597,0.06627344
8448,0.048634302
119248,0.61878663
111345,0.44256374
43996,0.07903943
77095,0.06978966
30429,0.26148427
109495,0.62278885
70268,0.6087765
134779,0.15455294
91810,0.64815044
142899,0.18478592
107548,0.4982751
106501,0.8830743
104116,0.3343969
133032,0.20394894
118800,0.078863755
91797,0.7172877
26904,0.21734677
38699,0.41256794
30108,0.23835617
127185,0.10782804
82408,0.5921494
421,0.7256588
89153,0.67278343
114053,0.16298623
87133,0.24559529
51619,0.06510846
110913,0.6874385
4186,0.24400866
35233,0.088368215
116628,0.69796956
102098,0.18502693
20042,0.056651328
78689,0.66364646
108644,0.15621169
65496,0.7227871
75291,0.18141638
139746,0.70572704
47715,0.6690903
28482,0.11655001
92156,0.07742518
52907,0.069309786
55078,0.19490644
148760,0.12935245
17373,0.14593235
26888,0.30614805
10661,0.95124626
15369,0.6381232
114117,0.34288543
124,0.5627436
81027,0.19584142
53578,0.28368518
49862,0.04498296
70799,0.34314165
113398,0.46923116
93743,0.78319174
22528,0.074468896
102140,0.23202132
43992,0.5340235
107948,0.18110712
117749,0.27041355
111618,0.46155027
96309,0.35192052
82539,0.49367508
58467,0.17962755
1523,0.2252795
10803,0.064761154
138720,0.40812382
18174,0.27004725
90754,0.77871096
146453,0.9343738
48891,0.49937102
103241,0.12570888
97576,0.092486165
41073,0.16674757
19831,0.13253604
111207,0.09528236
118023,0.47889405
45884,0.13069184
58769,0.10869021
102192,0.33024046
60972,0.053689476
52998,0.085042074
48954,0.0725638
99571,0.3223807
144335,0.09330195
33952,0.22242461
27882,0.32244962
108188,0.28047907
56423,0.16443714
52056,0.13160348
133830,0.60758513
87081,0.21441093
55431,0.22353037
38278,0.6632573
15650,0.086592086
125432,0.11595178
145699,0.21363397
18987,0.9447865
6442,0.14611223
82679,0.11772355
77622,0.22915396
134846,0.18113966
72353,0.90809715
46810,0.2114078
143850,0.23690091
72597,0.5091139
89591,0.14040363
122947,0.23892021
30804,0.19129762
84319,0.16994849
49273,0.48342282
128961,0.08591004
32086,0.13549934
123722,0.29297584
83506,0.27864692
64132,0.7873271
44800,0.3302801
75008,0.15150033
136121,0.13045412
28548,0.14720686
142568,0.19214264
60266,0.1594298
136976,0.054025766
2954,0.21343815
58858,0.6340888
51289,0.6963492
14011,0.4219991
21437,0.23530066
121225,0.246958
96697,0.27758673
112918,0.1940769
66208,0.1958766
6798,0.27162626
144316,0.84024215
147940,0.8161669
64215,0.9496815
111740,0.23556602
64909,0.5091524
73670,0.046488162
53058,0.14939438
47622,0.20708558
2966,0.0645297
75126,0.6502001
95546,0.88730294
13052,0.2840629
130208,0.124409586
38468,0.056371175
20569,0.51433665
74728,0.1322843
67915,0.06519446
83087,0.13559285
88476,0.15528782
110305,0.3987244
138141,0.13516581
81097,0.22593993
118982,0.10308439
131126,0.20850705
19089,0.13722092
91492,0.5382525
103975,0.52967626
17098,0.05459682
80562,0.79840946
36101,0.9676471
33962,0.8177172
2302,0.22422014
100777,0.14673263
36413,0.09914771
128656,0.30917186
110023,0.2522773
124596,0.06692292
75895,0.31140232
92453,0.5842558
139288,0.61288416
59825,0.4564955
